correct,incorrect
"Otarła je lewą, umęczoną ręką.","Otarł je lewą, umęczoną ręką."
Prawie wesoła - dokończyła przy pomocy krokodyla zdejmowania chusty.,Prawie wesoła - dokończył przy pomocy krokodyla zdejmowania chusty.
"Strzepnęła ją, złożyła, odniosła tamże, gdzie portrecik ojca.","Strzepnął ją, złożyła, odniosła tamże, gdzie portrecik ojca."
"Telefon zadzwonił, upudrowała się gorączkowo, przybrała oschły wyraz twarzy - może Marta? - i podeszła do aparatu.","Telefon zadzwonił, upudrował się gorączkowo, przybrała oschły wyraz twarzy - może Marta? - i podeszła do aparatu."
"Ledwie zdjęła słuchawkę, Sabina przycwałowała słoniowym truchtem przez korytarz.","Ledwie zdjęła słuchawkę, Sabina przycwałował słoniowym truchtem przez korytarz."
Uśmiechnęła się do córki ze swej błogiej dali.,Uśmiechnął się do córki ze swej błogiej dali.
"Róża - wzburzona pominięciem przez córkę swojej wizyty, zirytowana brakiem szacunku tutaj, w tym zięciowskim domu, dla empirowego stolika, zmęczona gniewem - usłyszała pieśń i pragnęła zapomnieć, jaki jest dzień, jaka sytuacja.","Róża - wzburzona pominięciem przez córkę swojej wizyty, zirytowana brakiem szacunku tutaj, w tym zięciowskim domu, dla empirowego stolika, zmęczona gniewem - usłyszał pieśń i pragnęła zapomnieć, jaki jest dzień, jaka sytuacja."
"Zerknęła w lustro, obciągnęła na sobie sweter w czerwone skrzydła...","Zerknął w lustro, obciągnęła na sobie sweter w czerwone skrzydła..."
"Marta rzuciła telefon; stając na progu, stanęła twarzą w twarz z matką.","Marta rzucił telefon; stając na progu, stanęła twarzą w twarz z matką."
"Opasała ramionami duże, ciepłe ciało, przytuliła głowę do łona, które ją wydało światu.","Opasał ramionami duże, ciepłe ciało, przytuliła głowę do łona, które ją wydało światu."
Róża opuściła ręce.,Róża opuścił ręce.
Siadła - nogi drżały.,Siadł - nogi drżały.
Rzuciła smyczek...,Rzucił smyczek...
Tylko na miejscu skrzypiec wystąpiła cisza - czarna jak zaskórna woda.,Tylko na miejscu skrzypiec wystąpił cisza - czarna jak zaskórna woda.
"Bo Hatora przez te lata straciła instynkt stadny i, skierowana przed dom, najkrótszym nawet pomrukiem nie pożegnała zimowej kompanii.","Bo Hatora przez te lata stracił instynkt stadny i, skierowana przed dom, najkrótszym nawet pomrukiem nie pożegnała zimowej kompanii."
"Bez zapału, ale i bez protestu pozwoliła sobie nałożyć naszyjnik.","Bez zapału, ale i bez protestu pozwolił sobie nałożyć naszyjnik."
"Po chwili wyszła na słoneczne podwórze klacz srokata, stąpając z rozwagą i ostrożnością.","Po chwili wyszedł na słoneczne podwórze klacz srokata, stąpając z rozwagą i ostrożnością."
"Pociągnęła Panterę do studni, napiła się do syta, a potem nie kierowana poszła ku wozowi.","Pociągnęła Panterę do studni, napił się do syta, a potem nie kierowana poszła ku wozowi."
"Spróbowała smaku siana, poszukała na dnie worka z obrokiem, parsknęła, ziewnęła, przeciągnęła się i z rezygnacją podała głowę do chomąta.","Spróbował smaku siana, poszukała na dnie worka z obrokiem, parsknęła, ziewnęła, przeciągnęła się i z rezygnacją podała głowę do chomąta."
"Mignęła mu jakaś głowa, wyrastająca nad chaszcze, i tyle.","Mignął mu jakaś głowa, wyrastająca nad chaszcze, i tyle."
Zadymka ustała.,Zadymka ustał.
"Na to uprzytomnienie dusza pana Sapiehy wyszła z ciała i jęła prosić Boga o rychłą śmierć, by prędzej tego szczęścia dostąpić...","Na to uprzytomnienie dusza pana Sapiehy wyszedł z ciała i jęła prosić Boga o rychłą śmierć, by prędzej tego szczęścia dostąpić..."
"Zadowolona, że może zwrócić uwagę narzeczonego na inny temat, Anusia zaczęła wyliczać te dary.","Zadowolona, że może zwrócić uwagę narzeczonego na inny temat, Anusia zaczął wyliczać te dary."
"Raz zrzuciła ciężką doniczkę z kaktusem, całe szczęście, że nie na nogę, innym razem o mało nie ściągnęła sobie na głowę razem z gzymsem firanek, które chciała koniecznie zdjąć do prania, choć je właśnie tylko co po praniu zawieszono.","Raz zrzucił ciężką doniczkę z kaktusem, całe szczęście, że nie na nogę, innym razem o mało nie ściągnęła sobie na głowę razem z gzymsem firanek, które chciała koniecznie zdjąć do prania, choć je właśnie tylko co po praniu zawieszono."
"Urodziła się w miasteczku, w którym Adam Ostrzeński po wielu odmianach losu objął stanowisko burmistrza.","Urodził się w miasteczku, w którym Adam Ostrzeński po wielu odmianach losu objął stanowisko burmistrza."
"- Oho, dobry staruszku, Grzywa Centaura przesunęła się na ulicę Szarlatanów - i Osiełek, skłoniwszy się naiwnemu panu, uciekł wymachując laską.","- Oho, dobry staruszku, Grzywa Centaura przesunął się na ulicę Szarlatanów - i Osiełek, skłoniwszy się naiwnemu panu, uciekł wymachując laską."
"Grodzicka weszła w jej skład sierotą, straciwszy matkę w parę miesięcy po ślubie, a jedyna siostra jeszcze dawniej wywędrowała z mężem do Ameryki, do tego dziwnego i podejrzanego kraju, w którym defraudanci szukali opieki.","Grodzicka wszedł w jej skład sierotą, straciwszy matkę w parę miesięcy po ślubie, a jedyna siostra jeszcze dawniej wywędrowała z mężem do Ameryki, do tego dziwnego i podejrzanego kraju, w którym defraudanci szukali opieki."
Lampa przygasła.,Lampa przygasł.
Gdzieś na dole trzasnęła brama.,Gdzieś na dole trzasnął brama.
"Przypomniała mu się taka sama zbałwaniona rzeka ludzi, cisnących się w Halach po miskę cebulowej zupy.","Przypomniał mu się taka sama zbałwaniona rzeka ludzi, cisnących się w Halach po miskę cebulowej zupy."
"Myśl o ojcu zjawiła się groźnie i szarpnęła do głębi - ...Ach, cóż by ojciec na to, że Feluś spiskuje, że Feluś przysięgał nienawiść Mikołajowi... że Feluś może jutro wyjdzie na ulice warszawskie z żelazem w dłoni!...","Myśl o ojcu zjawił się groźnie i szarpnęła do głębi - ...Ach, cóż by ojciec na to, że Feluś spiskuje, że Feluś przysięgał nienawiść Mikołajowi... że Feluś może jutro wyjdzie na ulice warszawskie z żelazem w dłoni!..."
"Kancelaria dworska zmieniła się na biuro komisarskie, chętliwie użyczona na ten cel przez pana Czartkowskiego.","Kancelaria dworska zmienił się na biuro komisarskie, chętliwie użyczona na ten cel przez pana Czartkowskiego."
Z pokoju wyszła Paulina.,Z pokoju wyszedł Paulina.
Poprawiając sobie włosy rozejrzała się po korytarzu i majestatycznym krokiem oddaliła się do swojego mieszkania .,Poprawiając sobie włosy rozejrzał się po korytarzu i majestatycznym krokiem oddaliła się do swojego mieszkania .
"Stanęła w progu, ręce oparła na biodrach.","Stanął w progu, ręce oparła na biodrach."
"""Zostawiłam płaszcz przy piecu, żeby wysechł, i cały przód się przyżelił.","""Zostawił m płaszcz przy piecu, żeby wysechł, i cały przód się przyżelił."
"- Chodź na kolację - powiedziała żona, jak mu się wydawało, niespokojnie.","- Chodź na kolację - powiedział żona, jak mu się wydawało, niespokojnie."
Tego wieczoru postanowiłam naumyślnie zbagatelizować wszystko.,Tego wieczoru postanowił m naumyślnie zbagatelizować wszystko.
"""Pewnie mu się przyśniła Francja...","""Pewnie mu się przyśnił Francja..."
"Po drugiej stronie zamajaczyła łódka, powoli w księżycu płynąca, cicha jak Charonowy prom, ci bowiem, co w niej płynęli, milczeli, oczarowani zapewne czarodziejstwem ślicznej nocy .","Po drugiej stronie zamajaczył łódka, powoli w księżycu płynąca, cicha jak Charonowy prom, ci bowiem, co w niej płynęli, milczeli, oczarowani zapewne czarodziejstwem ślicznej nocy ."
Nie wytropiła nigdzie wroga na oko.,Nie wytropił nigdzie wroga na oko.
Sława śmieszną się stała dla serca.,Sława śmieszną się stał dla serca.
Ona poprzez lasy przerąbała pierwszą drogę dla cichego apostolstwa synów bożych.,Ona poprzez lasy przerąbał pierwszą drogę dla cichego apostolstwa synów bożych.
"Lecz wnet radość powszechna w straszne przemieniła się czucie, gdy wśród wielkich łososi, skaczących w górę po piasku, ujrzeli nieruchomego Litaka.","Lecz wnet radość powszechna w straszne przemienił się czucie, gdy wśród wielkich łososi, skaczących w górę po piasku, ujrzeli nieruchomego Litaka."
"Taka wersja zadowoliłaby tych wszystkich, którym miłość i śmierć wydają się najlepszym rozwiązaniem zarówno romansu, jak i tragedii.","Taka wersja zadowolił by tych wszystkich, którym miłość i śmierć wydają się najlepszym rozwiązaniem zarówno romansu, jak i tragedii."
"Ludzkość straciła bowiem talent do płaczu, a następstwem owego procesu stał się zanik wrażliwości.","Ludzkość stracił bowiem talent do płaczu, a następstwem owego procesu stał się zanik wrażliwości."
"Tradycja nie wygasła - przepisywano potem Dziady, na scenie wystawione dopiero przez Wyspiańskiego!","Tradycja nie wygasł - przepisywano potem Dziady, na scenie wystawione dopiero przez Wyspiańskiego!"
"Branka izraelska zlitowała się nad swoim panem i wyjawiła mu, że w Samarii mieszka wielki prorok, który może go uleczyć.","Branka izraelska zlitował się nad swoim panem i wyjawiła mu, że w Samarii mieszka wielki prorok, który może go uleczyć."
"Dokładnie w sześć tygodni po opuszczeniu granic Egiptu kolumna stanęła obozem w pustyni Sin, między Elim a Synajem.","Dokładnie w sześć tygodni po opuszczeniu granic Egiptu kolumna stanął obozem w pustyni Sin, między Elim a Synajem."
"Starszyzna plemienna, odarta z wszelkich złudzeń, odmówiła uznania króla i pospiesznie opuściła Szechem.","Starszyzna plemienna, odarta z wszelkich złudzeń, odmówił uznania króla i pospiesznie opuściła Szechem."
"Przerażająca wiadomość wstrząsnęła Saulem do tego stopnia, że nieprzytomny zwalił się z nóg na ziemię.","Przerażająca wiadomość wstrząsnął Saulem do tego stopnia, że nieprzytomny zwalił się z nóg na ziemię."
"Cywilizacja ta, początkowo ograniczona do małego zachodnioeuropejskiego półwyspu, wypracowała swoją filozofię i naukę poddając przeróbce pojęcia teologii chrześcijańskiej.","Cywilizacja ta, początkowo ograniczona do małego zachodnioeuropejskiego półwyspu, wypracował swoją filozofię i naukę poddając przeróbce pojęcia teologii chrześcijańskiej."
"Od osiemnastego wieku poczynając, zwróciła się otwarcie przeciwko swoim chrześcijańskim źródłom.","Od osiemnastego wieku poczynając, zwrócił się otwarcie przeciwko swoim chrześcijańskim źródłom."
"Anna Kowalska rozpoczęła pisać swój dziennik w roku 1927 i prowadziła go do końca życia, do roku 1969.","Anna Kowalska rozpoczął pisać swój dziennik w roku 1927 i prowadziła go do końca życia, do roku 1969."
"Świeżą jeszcze mogiłę pośpieszyła obrzucić błotem tamtejsza gadzinówka ""Gazeta Lwowska"".","Świeżą jeszcze mogiłę pośpieszył obrzucić błotem tamtejsza gadzinówka ""Gazeta Lwowska""."
"- Między monodramami wyreżyserowałaś ""Na szkle malowane"".","- Między monodramami wyreżyserował ś ""Na szkle malowane""."
Załamała się tradycja zbiorowych wystąpień i manifestacji.,Załamał się tradycja zbiorowych wystąpień i manifestacji.
"Akcja zbiorowa — podjęta w bezwzględnie słusznej sprawie — choć pociągnęłaby za sobą pewne ofiary (aresztowania, utratę posady), przywróciłaby społeczeństwu wiarę we własne siły.","Akcja zbiorowa — podjęta w bezwzględnie słusznej sprawie — choć pociągnęła by za sobą pewne ofiary (aresztowania, utratę posady), przywrócił by społeczeństwu wiarę we własne siły."
Pozostała mu jedynie praca naukowa w Princeton.,Pozostał mu jedynie praca naukowa w Princeton.
"W roku 1954 Komisja do Badania Działalności Antyamerykańskiej uznała go za ""osobiście lojalnego obywatela"", zalecając równocześnie odsunięcie go od wszelkich tajemnic publicznych z powodu ""podstawowych defektów charakteru"".","W roku 1954 Komisja do Badania Działalności Antyamerykańskiej uznał go za ""osobiście lojalnego obywatela"", zalecając równocześnie odsunięcie go od wszelkich tajemnic publicznych z powodu ""podstawowych defektów charakteru""."
Po krótkich bojach prawnych do tamtejszych sklepów trafiła ocenzurowana wersja okładki - bez swastyk.,Po krótkich bojach prawnych do tamtejszych sklepów trafił ocenzurowana wersja okładki - bez swastyk.
"Kilka lat temu europejska wytwórnia Euro Ralph zdecydowała się opublikować reedycję albumu z nową, jeszcze inną okładką, zaakceptowaną przez Pore No Graphics.","Kilka lat temu europejska wytwórnia Euro Ralph zdecydował się opublikować reedycję albumu z nową, jeszcze inną okładką, zaakceptowaną przez Pore No Graphics."
Płyta Buena Vista Social Club zdobyła też nagrodę Grammy.,Płyta Buena Vista Social Club zdobył też nagrodę Grammy.
Ta opowieść nie zrodziła się bez przyczyny.,Ta opowieść nie zrodził się bez przyczyny.
- Japońska firma Seiko wprowadziła na rynek pierwszy kwarcowy zegarek na rękę.,- Japońska firma Seiko wprowadził na rynek pierwszy kwarcowy zegarek na rękę.
Polska demokracja jako jedyna w Europie zyskała tym samym sankcję metafizyczną – zarazem boską i kobiecą.,Polska demokracja jako jedyna w Europie zyskał tym samym sankcję metafizyczną – zarazem boską i kobiecą.
"W połowie maja 2002 roku rosyjska prokuratura generalna oświadczyła, że w filmie dokumentalnym Pokuszenije na Rossiju nie znalazła podstaw do wszczęcia śledztwa w jakiejkolwiek sprawie.","W połowie maja 2002 roku rosyjska prokuratura generalna oświadczył, że w filmie dokumentalnym Pokuszenije na Rossiju nie znalazła podstaw do wszczęcia śledztwa w jakiejkolwiek sprawie."
"Pani sędzia wymusiła na niej odstąpienie od pozwu, grożąc natychmiastowym wezwaniem pogotowia i przewiezieniem do szpitala psychiatrycznego.","Pani sędzia wymusił na niej odstąpienie od pozwu, grożąc natychmiastowym wezwaniem pogotowia i przewiezieniem do szpitala psychiatrycznego."
"Szpiegomania, niemal zanikająca za późnego Gorbaczowa, pojawiła się na krótko w początkowym okresie „demokracji"" Jelcyna.","Szpiegomania, niemal zanikająca za późnego Gorbaczowa, pojawił się na krótko w początkowym okresie „demokracji"" Jelcyna."
Sprawa rozsypała się po paru miesiącach.,Sprawa rozsypał się po paru miesiącach.
"Ale w to, że nie będzie zaczystek, że już nigdy nie stanie jej serce o trzeciej nad ranem - uwierzyła.","Ale w to, że nie będzie zaczystek, że już nigdy nie stanie jej serce o trzeciej nad ranem - uwierzył."
Ta wizja macierzyństwa spotkała się z polemiką ze strony działaczki pacyfistycznej i feministycznej Madeleine Vernet (1878-1949).,Ta wizja macierzyństwa spotkał się z polemiką ze strony działaczki pacyfistycznej i feministycznej Madeleine Vernet (1878-1949).
I tak zaprezentowałam się Wajdzie.,I tak zaprezentował m się Wajdzie.
Przygotowałam się do tego bardzo solidnie.,Przygotował m się do tego bardzo solidnie.
Ostatnio wygrałam wielki puchar w Paradzie Gwiazd.,Ostatnio wygrał m wielki puchar w Paradzie Gwiazd.
"Swój czas, talent i wykształcenie poświęciła mężowi, dzieciom i wyszywaniu makatek.","Swój czas, talent i wykształcenie poświęcił mężowi, dzieciom i wyszywaniu makatek."
Bardzo się wzruszyłam.,Bardzo się wzruszył m .
Przytyłam do filmu 10 kilogramów.,Przytył m do filmu 10 kilogramów.
Postawiłabym na liczbę 2.,Postawił by m na liczbę 2.
W jaki sposób tak szybko stałaś się tak popularna?,W jaki sposób tak szybko stał ś się tak popularna?
"Aktorska para, w życiu prywatnym tak bardzo szczęśliwa, ciężko przeżyła brutalną scenę zerwania swoich bohaterów - Annette i Sebastiana.","Aktorska para, w życiu prywatnym tak bardzo szczęśliwa, ciężko przeżył brutalną scenę zerwania swoich bohaterów - Annette i Sebastiana."
Niemal od razu pojawiła się przed kamerami.,Niemal od razu pojawił się przed kamerami.
"Po udanej serii romansów firma Warner wypuściła równie udaną składankę filmów akcji, choć trzeba przyznać, że wybór chwilami jest drugoligowy.","Po udanej serii romansów firma Warner wypuścił równie udaną składankę filmów akcji, choć trzeba przyznać, że wybór chwilami jest drugoligowy."
"Albo właśnie pokłóciła się ostro z matką (najlepszą przyjaciółką, szefową itp.).","Albo właśnie pokłócił się ostro z matką (najlepszą przyjaciółką, szefową itp.)."
"Poznając go zyskałam oddanego przyjaciela, w którym zawsze mam oparcie.","Poznając go zyskał m oddanego przyjaciela, w którym zawsze mam oparcie."
Na szczęście nigdy nie spotkałam się z tym problemem.,Na szczęście nigdy nie spotkał m się z tym problemem.
Sama wymyśliłam przepis na moje najukochańsze ciasto.,Sama wymyślił m przepis na moje najukochańsze ciasto.
Ruszyła tegoroczna kampania wyborcza do parlamentu.,Ruszył tegoroczna kampania wyborcza do parlamentu.
Upadająca Polska Zjednoczona Partia Robotnicza skorzystała z nielegalnej pomocy finansowej Komunistycznej Partii Związku Radzieckiego.,Upadająca Polska Zjednoczona Partia Robotnicza skorzystał z nielegalnej pomocy finansowej Komunistycznej Partii Związku Radzieckiego.
Sama sobie pani już odpowiedziała - jest ta karta.,Sama sobie pani już odpowiedział - jest ta karta.
"- Skutecznym ramieniem Unii Wolności w walce z ROP-em okazała się redakcja ""Gazety Polskiej"".","- Skutecznym ramieniem Unii Wolności w walce z ROP-em okazał się redakcja ""Gazety Polskiej""."
"Informacja, że dane o funkcjonariuszach znajdują się w internecie wzbudziła natomiast duże zainteresowanie w katowickiej Komendzie Wojewódzkiej.","Informacja, że dane o funkcjonariuszach znajdują się w internecie wzbudził natomiast duże zainteresowanie w katowickiej Komendzie Wojewódzkiej."
"Decyzją Zjazdu PZPR, która zakończyła swoją działalność (...) Socjaldemokracja Rzeczypospolitej Polskiej przejęła całość zobowiązań i praw byłej PZPR w tej dziedzinie.","Decyzją Zjazdu PZPR, która zakończyła swoją działalność (...) Socjaldemokracja Rzeczypospolitej Polskiej przejął całość zobowiązań i praw byłej PZPR w tej dziedzinie."
A to SLD wygrała wybory w województwie.,A to SLD wygrał wybory w województwie.
- Możliwość odejścia Leszka Balcerowicza bardzo zaniepokoiła inwestorów.,- Możliwość odejścia Leszka Balcerowicza bardzo zaniepokoił inwestorów.
"Pretekstem do uruchomienia niektórych multipleksów stała się premiera ""Gwiezdnych wojen"".","Pretekstem do uruchomienia niektórych multipleksów stał się premiera ""Gwiezdnych wojen""."
"Gdy pogląd ten udało się przezwyciężyć, pojawiła się inna trudność - zarówno oficerowie UOP, jak i CIA uznali akcję za niemożliwą do przeprowadzenia z Warszawy.","Gdy pogląd ten udało się przezwyciężyć, pojawił się inna trudność - zarówno oficerowie UOP, jak i CIA uznali akcję za niemożliwą do przeprowadzenia z Warszawy."
"Wprawdzie prywatyzacja tych ostatnich rozpoczęła się pięć lat temu, ale do dziś jedynie osiem przedsiębiorstw znalazło strategicznego partnera.","Wprawdzie prywatyzacja tych ostatnich rozpoczął się pięć lat temu, ale do dziś jedynie osiem przedsiębiorstw znalazło strategicznego partnera."
"Zajęła 7. miejsce wśród 13 pretendentów, uzyskując 2,76 proc. głosów.","Zajął 7. miejsce wśród 13 pretendentów, uzyskując 2,76 proc. głosów."
Firma wybrała inną drogę rozwoju niż konkurenci.,Firma wybrał inną drogę rozwoju niż konkurenci.
"Kobieta Europy '93 i Kobieta Roku '94, szefowa Polskiej Akcji Humanitarnej po raz pierwszy zetknęła się z pomocą charytatywną we Francji.","Kobieta Europy '93 i Kobieta Roku '94, szefowa Polskiej Akcji Humanitarnej po raz pierwszy zetknął się z pomocą charytatywną we Francji."
"Stworzyła polski oddział EquiLibre, organizowała konwoje z pomocą dla byłej Jugosławii, Kazachstanu, Czeczenii.","Stworzył polski oddział EquiLibre, organizowała konwoje z pomocą dla byłej Jugosławii, Kazachstanu, Czeczenii."
"Według szacunków ONZ, liczba mieszkańców Indii - jako drugiego po Chinach państwa na świecie - przekroczyła niedawno miliard osób.","Według szacunków ONZ, liczba mieszkańców Indii - jako drugiego po Chinach państwa na świecie - przekroczył niedawno miliard osób."
NIK skontrolowała także 21 inwestycji służby zdrowia.,NIK skontrolował także 21 inwestycji służby zdrowia.
"Julia powiedziała sądowi, że ma na utrzymaniu matkę samotną staruszkę, która bez niej przepadnie, po czym głośno się rozpłakała.","Julia powiedział sądowi, że ma na utrzymaniu matkę samotną staruszkę, która bez niej przepadnie, po czym głośno się rozpłakała."
"- Do pana doktora młodszego - powiedziała słowa, które wypowiadała po tyle razy dziennie.","- Do pana doktora młodszego - powiedział słowa, które wypowiadała po tyle razy dziennie."
- Co to? - zapytała Mirta.,- Co to? - zapytał Mirta.
Po upadku hitlerowskich Niemiec na wschód od linii Berlin - Praga - Wiedeń powstała próżnia w którą wlały się armie rosyjskie.,Po upadku hitlerowskich Niemiec na wschód od linii Berlin - Praga - Wiedeń powstał próżnia w którą wlały się armie rosyjskie.
"Geschichte Polens (Historia Polski) Gottholda Rhode doczekała się trzeciego wydania (Wissenschaftliche Buchgesellschaft, Darmstadt 1980, str. 543).","Geschichte Polens (Historia Polski) Gottholda Rhode doczekał się trzeciego wydania (Wissenschaftliche Buchgesellschaft, Darmstadt 1980, str. 543)."
Obejrzała się.,Obejrzał się.
Podeszła do niego.,Podszedł do niego.
"- Niech pan siada, powiedziała Norma - to długo potrwa, nie może pan cały czas stać.","- Niech pan siada, powiedział Norma - to długo potrwa, nie może pan cały czas stać."
"W tym czasie Terenowa Komisja Odwoławcza w Pruszkowie (Krystyna Miłoszewska, Irena Godycka, Henryk Więcek) podała do wiadomości publicznej, że skargi z powodu zwolnienia z pracy muszą być rozpatrzone negatywnie.","W tym czasie Terenowa Komisja Odwoławcza w Pruszkowie (Krystyna Miłoszewska, Irena Godycka, Henryk Więcek) podał do wiadomości publicznej, że skargi z powodu zwolnienia z pracy muszą być rozpatrzone negatywnie."
Wreszcie zdarzyła się prawdziwa katastrofa.,Wreszcie zdarzył się prawdziwa katastrofa.
We wrześniowym numerze Kultury na str. 158 ukazała się notatka twierdząca jakoby nasza Rozgłośnia przemilczała śmierć śp. Juliusza Mieroszewskiego.,We wrześniowym numerze Kultury na str. 158 ukazał się notatka twierdząca jakoby nasza Rozgłośnia przemilczała śmierć śp. Juliusza Mieroszewskiego.
Prasa podwoiła liczbę tytułów.,Prasa podwoił liczbę tytułów.
"Ze zbiorowej pamięci walk ciemiężonych Flamandów z najeźdźcą narodziła się legenda o Sowizdrzale, której wspaniałą artystyczną wersję stworzył Charles de Coster.","Ze zbiorowej pamięci walk ciemiężonych Flamandów z najeźdźcą narodził się legenda o Sowizdrzale, której wspaniałą artystyczną wersję stworzył Charles de Coster."
Centrala handlowa P. and B. Supply Centre zbankrutowała obciążając Fundusz długiem 17.000.,Centrala handlowa P. and B. Supply Centre zbankrutował obciążając Fundusz długiem 17.000.
"Aby przekonać się o powiązaniach nerwicy natręctw z paciorkowcem, dr Swedo wymieniła osocze krwi chorych dzieci zawierające ""ogłupiałe"" przeciwciała na osocze pochodzące od zdrowych dawców.","Aby przekonać się o powiązaniach nerwicy natręctw z paciorkowcem, dr Swedo wymienił osocze krwi chorych dzieci zawierające ""ogłupiałe"" przeciwciała na osocze pochodzące od zdrowych dawców."
Mało znana pracownia architektoniczna z Finlandii wygrała konkurs na Muzeum Historii Żydów Polskich.,Mało znana pracownia architektoniczna z Finlandii wygrał konkurs na Muzeum Historii Żydów Polskich.
To dzięki nim powstała wielka średniowieczna filozofia scholastyczna.,To dzięki nim powstał wielka średniowieczna filozofia scholastyczna.
Niemal jednocześnie do tych samych wniosków doszła Unia Pracy.,Niemal jednocześnie do tych samych wniosków doszedł Unia Pracy.
"Wprawdzie podpisała wcześniej porozumienie z ""borówkami"" o wspólnym starcie w wyborach, ale po zestawieniu notowań Borowskiego (2 proc.) i Cimoszewicza (35 proc.) straciła ochotę na koalicję.","Wprawdzie podpisał wcześniej porozumienie z ""borówkami"" o wspólnym starcie w wyborach, ale po zestawieniu notowań Borowskiego (2 proc.) i Cimoszewicza (35 proc.) straciła ochotę na koalicję."
Zaczęła wręcz nawoływać do stworzenia wspólnej listy lewicy.,Zaczął wręcz nawoływać do stworzenia wspólnej listy lewicy.
Wielka katastrofa przestawiła ludzki umysł na wyższe obroty.,Wielka katastrofa przestawił ludzki umysł na wyższe obroty.
"Szef NBP Hanna Gronkiewicz-Waltz powiedziała ""Gazecie Wyborczej"", na pytanie, kiedy znów podwyższy stopę: ""Jeśli coś złego będzie się działo, to być może nawet w czerwcu.","Szef NBP Hanna Gronkiewicz-Waltz powiedział ""Gazecie Wyborczej"", na pytanie, kiedy znów podwyższy stopę: ""Jeśli coś złego będzie się działo, to być może nawet w czerwcu."
"Pani prezes podała, że po upłynnieniu złotówka zyskała prawie 5 proc. na wartości (na dzień 25 maja).","Pani prezes podał, że po upłynnieniu złotówka zyskała prawie 5 proc. na wartości (na dzień 25 maja)."
"W kolejkach ustawiła się część dawnej opozycji, która, jak Maria Zielińska, dla zasady odmawiała sobie wglądu do akt.","W kolejkach ustawił się część dawnej opozycji, która, jak Maria Zielińska, dla zasady odmawiała sobie wglądu do akt."
Armia Czerwona wkroczyła na Łotwę z kilku stron.,Armia Czerwona wkroczył na Łotwę z kilku stron.
"Radykalna metoda ministra Michuki nie wzbudziła jednak entuzjazmu kenijskich mediów i organizacji praw człowieka, które uznały ją za zachętę do egzekucji bez sądu.","Radykalna metoda ministra Michuki nie wzbudził jednak entuzjazmu kenijskich mediów i organizacji praw człowieka, które uznały ją za zachętę do egzekucji bez sądu."
Tylko wyszła z koła dwa razy.,Tylko wyszedł z koła dwa razy.
"- To biorę - ucieszyła się babina, wysupłała z zawiniątka odpowiednią sumę i oddaliła się z obrazem.","- To biorę - ucieszył się babina, wysupłała z zawiniątka odpowiednią sumę i oddaliła się z obrazem."
Nie mam na chleb - napisała na kartce babcia.,Nie mam na chleb - napisał na kartce babcia.
"- Czy świadomie wybrała pani rzeźbę, przecież to taki niekobiecy zawód?","- Czy świadomie wybrał pani rzeźbę, przecież to taki niekobiecy zawód?"
- Zdecydowałam się na rzeźbę będąc 17-letnią dziewczyną.,- Zdecydował m się na rzeźbę będąc 17-letnią dziewczyną.
"Publiczność przyjęła ją entuzjastycznie, ale krytycy nazwali królową kiczu.","Publiczność przyjął ją entuzjastycznie, ale krytycy nazwali królową kiczu."
Legenda Ismaela Khana narodziła się wśród płomieni i śmierci.,Legenda Ismaela Khana narodził się wśród płomieni i śmierci.
"W ciągu ostatnich pięciu lat liczba studiujących podwoiła się, niegdyś kameralne placówki akademickie napęczniały, zmieniła się też mentalność i oczekiwania studiujących.","W ciągu ostatnich pięciu lat liczba studiujących podwoił się, niegdyś kameralne placówki akademickie napęczniały, zmieniła się też mentalność i oczekiwania studiujących."
Ale pani poseł nie dopuściła do niewygodnej debaty na temat tych zarzutów.,Ale pani poseł nie dopuścił do niewygodnej debaty na temat tych zarzutów.
Immunitetu zrzekła się sama.,Immunitetu zrzekł się sama.
"Ostatnio straciła immunitet po raz drugi: na wniosek posła PSL Zbigniewa Komorowskiego, którego oskarżyła o oszustwa przy imporcie zboża.","Ostatnio stracił immunitet po raz drugi: na wniosek posła PSL Zbigniewa Komorowskiego, którego oskarżyła o oszustwa przy imporcie zboża."
"I poszła fama, że Antek to ubecki konfident.","I poszedł fama, że Antek to ubecki konfident."
Berlińczykom spodobała się ta otwartość.,Berlińczykom spodobał się ta otwartość.
Wybrała TVN.,Wybrał TVN.
"W wyniku uwłaszczenia załoga ZPR przejęła nieruchomości i działki w Warszawie, Toruniu, Poznaniu, Szczecinie, Kielcach, Lublinie, bazę cyrkową w Julinku, Pałac Prymasowski w Warszawie - majątek o wartości kilkudziesięciu miliardów starych złotych.","W wyniku uwłaszczenia załoga ZPR przejął nieruchomości i działki w Warszawie, Toruniu, Poznaniu, Szczecinie, Kielcach, Lublinie, bazę cyrkową w Julinku, Pałac Prymasowski w Warszawie - majątek o wartości kilkudziesięciu miliardów starych złotych."
"Bo jak ona, chora na cukrzycę, przeżyła trzy dni bez wody i jedzenia?","Bo jak ona, chora na cukrzycę, przeżył trzy dni bez wody i jedzenia?"
"Do dziennikarki Beaty Igielskiej zatelefonowała któregoś dnia krewna, bardzo zresztą daleka.","Do dziennikarki Beaty Igielskiej zatelefonował któregoś dnia krewna, bardzo zresztą daleka."
Krewna Teresa została ciocią.,Krewna Teresa został ciocią.
"Kiedy rodzice poszli siedzieć, babcia, mama mamy, wystąpiła o odebranie im praw rodzicielskich.","Kiedy rodzice poszli siedzieć, babcia, mama mamy, wystąpił o odebranie im praw rodzicielskich."
Ale się rozmyśliła.,Ale się rozmyślił.
W miastach powyżej 200 tys. mieszkańców niekwestionowaną zwyciężczynią okazała się PO (36 proc.).,W miastach powyżej 200 tys. mieszkańców niekwestionowaną zwyciężczynią okazał się PO (36 proc.).
Uparte protesty większości Ukraińców przeciwko fałszowaniu wyborów i o państwo prawa wyzwoliła dawno nie spotykaną falę solidarności wśród Polaków.,Uparte protesty większości Ukraińców przeciwko fałszowaniu wyborów i o państwo prawa wyzwolił dawno nie spotykaną falę solidarności wśród Polaków.
"Turcja podpisała, ale 29 lipca ogłosiła deklarację, że jej podpis nie oznacza uznania Cypru.","Turcja podpisał, ale 29 lipca ogłosiła deklarację, że jej podpis nie oznacza uznania Cypru."
"Widać nie odrobiła pani wcześniej lekcji pod tytułem ""jak robić karierę?""","Widać nie odrobił pani wcześniej lekcji pod tytułem ""jak robić karierę?"""
Po rozwodzie przyjaźń z transseksualistą zmieniła się w związek.,Po rozwodzie przyjaźń z transseksualistą zmienił się w związek.
"Dlatego publiczność posypała się do teatru, jak na odpust.","Dlatego publiczność posypał się do teatru, jak na odpust."
"Gdyby przyjąć, że każda rodzina ma samochód, to w naszych osiedlach na same parkingi poszłaby połowa niezabudowanego terenu.","Gdyby przyjąć, że każda rodzina ma samochód, to w naszych osiedlach na same parkingi poszedł by połowa niezabudowanego terenu."
"Tym razem para autorska Jerzy Andrzej Marek i Adam Kreczmar nie spotkała się z aprobatą sędziów festiwalowych; mimo, iż przedstawili na Festiwalu dwie piosenki godne - jak sądzę - wysokiej nagrody: jedną dawną - ale zgłoszoną zgodnie z regulaminem jury - ""Jak cię miły zatrzymać"" (moim zdaniem jedna z najlepszych polskich piosenek ostatnich lat, otrzymała tylko jedną z dalszych nagród), jedną nową: ""Daj"".","Tym razem para autorska Jerzy Andrzej Marek i Adam Kreczmar nie spotkał się z aprobatą sędziów festiwalowych; mimo, iż przedstawili na Festiwalu dwie piosenki godne - jak sądzę - wysokiej nagrody: jedną dawną - ale zgłoszoną zgodnie z regulaminem jury - ""Jak cię miły zatrzymać"" (moim zdaniem jedna z najlepszych polskich piosenek ostatnich lat, otrzymała tylko jedną z dalszych nagród), jedną nową: ""Daj""."
Francuska (upaństwowiona) firma samochodowa Renault zawarła ostatnio umowy z trzema krajami socjalistycznymi.,Francuska (upaństwowiona) firma samochodowa Renault zawarł ostatnio umowy z trzema krajami socjalistycznymi.
Momentalnie zjeżyła się jej sierść i z groźnym pomrukiem gotowa była bronić swoich szczurząt.,Momentalnie zjeżył się jej sierść i z groźnym pomrukiem gotowa była bronić swoich szczurząt.
"Po miesiącu opuściła ""swoje"" nadmiernie wyrośnięte dzieci.","Po miesiącu opuścił ""swoje"" nadmiernie wyrośnięte dzieci."
- Wyszła gdzie?,- Wyszedł gdzie?
Wystąpiła w dwu filmach irańskich (w jednym z nich także śpiewała) oraz dawała koncerty w Teheranie.,Wystąpił w dwu filmach irańskich (w jednym z nich także śpiewała) oraz dawała koncerty w Teheranie.
Natomiast Rada Państwa NRD podjęła decyzję podpisania układu.,Natomiast Rada Państwa NRD podjął decyzję podpisania układu.
Taka na przykład nasza Danka w żadnem wypadku by czegoś podobnego nie uskuteczniła.,Taka na przykład nasza Danka w żadnem wypadku by czegoś podobnego nie uskutecznił.
W dniu 4 grudnia odbyła się XXIII Zwyczajna Sesja Rady Gminy Kościelisko.,W dniu 4 grudnia odbył się XXIII Zwyczajna Sesja Rady Gminy Kościelisko.
"Podczas ostatniej soboty i niedzieli, 17 i 18 lipca w Szklarskiej Porębie dwuosobowa ekipa z Hotelu ""Kasprowy"" zajęła pierwsze miejsce w ""I Mistrzostwach Polski w Grillowaniu"".","Podczas ostatniej soboty i niedzieli, 17 i 18 lipca w Szklarskiej Porębie dwuosobowa ekipa z Hotelu ""Kasprowy"" zajął pierwsze miejsce w ""I Mistrzostwach Polski w Grillowaniu""."
"Po dekoracji zwycięzców odbyła się jeszcze jedna konkurencja - ocena strojów, w których startowali zawodnicy.","Po dekoracji zwycięzców odbył się jeszcze jedna konkurencja - ocena strojów, w których startowali zawodnicy."
"Na miejscu pojawiła się policja, później przyjechał prokurator.","Na miejscu pojawił się policja, później przyjechał prokurator."
Prokuratura nowotarska postawiła mu zarzut spowodowania śmierci dziecka poczętego (art.149 A par. 1 KK) i spowodowania choroby zagrażającej życiu (art. 155 par. 1 pkt 2).,Prokuratura nowotarska postawił mu zarzut spowodowania śmierci dziecka poczętego (art.149 A par. 1 KK) i spowodowania choroby zagrażającej życiu (art. 155 par. 1 pkt 2).
"Administrację NKWD ogarnęła panika, w popłochu opuściła specposiołki , kilka dni później pojawiły się oddziały NKWD, które stanęły na brzegu rzeki.","Administrację NKWD ogarnął panika, w popłochu opuściła specposiołki , kilka dni później pojawiły się oddziały NKWD, które stanęły na brzegu rzeki."
Siostra pana Sierożki rozejrzała się po wszystkich i głośno zapłakała.,Siostra pana Sierożki rozejrzał się po wszystkich i głośno zapłakała.
Przez następne stulecia przylgnęła do niej raczej sława rozpustnicy i zdrajczyni.,Przez następne stulecia przylgnął do niej raczej sława rozpustnicy i zdrajczyni.
"Świrszczyńska zadebiutowała w międzywojennym dwudziestoleciu tomikiem ""Wiersze i proza"", wydanym w 1936 r. w Warszawie.","Świrszczyńska zadebiutował w międzywojennym dwudziestoleciu tomikiem ""Wiersze i proza"", wydanym w 1936 r. w Warszawie."
"I gdzieś, może z tego samego drzewa, oderwała się jeszcze jedna gałąź.","I gdzieś, może z tego samego drzewa, oderwał się jeszcze jedna gałąź."
"Niestety, jak Gogolowskiego Chlestakowa, zgubiła go miłość do literatury.","Niestety, jak Gogolowskiego Chlestakowa, zgubił go miłość do literatury."
Duże zainteresowanie wzbudziła propozycja stworzenia pod auspicjami Konferencji Episkopatów Europy ośrodka badań i analiz dla Kościołów w b. krajach komunistycznych.,Duże zainteresowanie wzbudził propozycja stworzenia pod auspicjami Konferencji Episkopatów Europy ośrodka badań i analiz dla Kościołów w b. krajach komunistycznych.
Rodzima prowokacja storpedowała wyrwanie umierającego Becka na Zachód.,Rodzima prowokacja storpedował wyrwanie umierającego Becka na Zachód.
Historia zaczęła biec szybciej.,Historia zaczął biec szybciej.
"Pokora uczyniła go cichym i tylko miłość w nim płonie, dlatego spogląda na wszystkie rzeczy takimi samymi oczami.","Pokora uczynił go cichym i tylko miłość w nim płonie, dlatego spogląda na wszystkie rzeczy takimi samymi oczami."
"W roku 1980 ulotka z jej tekstem trafiła do rąk Mieczysława Cholewy, muzyka-amatora.","W roku 1980 ulotka z jej tekstem trafił do rąk Mieczysława Cholewy, muzyka-amatora."
Tak zaczęła się ogromna kariera tej piosenki.,Tak zaczął się ogromna kariera tej piosenki.
"Piosenka w jego wykonaniu rozeszła się masowo nagrana na kasetach, rozprowadzanych przez "" Solidarność"".","Piosenka w jego wykonaniu rozszedł się masowo nagrana na kasetach, rozprowadzanych przez "" Solidarność""."
"Gdy uciekł z Warszawy, emigracja nie podała mu ręki.","Gdy uciekł z Warszawy, emigracja nie podał mu ręki."
Zmierzyłam ciśnienie krwi.,Zmierzył m ciśnienie krwi.
Podałam środek odpowiednie leki zgodnie z zaleceniem lekarza.,Podał m środek odpowiednie leki zgodnie z zaleceniem lekarza.
"Mitrovica zżyła się z rozmieszczonym tu w czerwcu 1999 r. kontyngentem francuskim, a Francuzi mają tu dobrą opinię.","Mitrovica zżył się z rozmieszczonym tu w czerwcu 1999 r. kontyngentem francuskim, a Francuzi mają tu dobrą opinię."
"To co było zamierzone jako polityczny happening i karnawałowa ilustracja absurdu, amerykańska sieć telewizyjna przedstawiła jako ilustrację aktualnej tezy: Austriacy nie rozliczyli się ze swą przeszłością i wybrali drugiego Adolfa.","To co było zamierzone jako polityczny happening i karnawałowa ilustracja absurdu, amerykańska sieć telewizyjna przedstawił jako ilustrację aktualnej tezy: Austriacy nie rozliczyli się ze swą przeszłością i wybrali drugiego Adolfa."
Informacja o trzynieckiej inwestycji już 26 lutego 1999 r. dotarła na biurko polskiego ministra środowiska.,Informacja o trzynieckiej inwestycji już 26 lutego 1999 r. dotarł na biurko polskiego ministra środowiska.
Udzieliłam mu wyczerpujących informacji.,Udzielił m mu wyczerpujących informacji.
Polska mafia narodziła się w 1990 r. jednocześnie w dwóch miejscach - okolicach podwarszawskiego Pruszkowa i w środowisku Polaków przebywających w Niemczech.,Polska mafia narodził się w 1990 r. jednocześnie w dwóch miejscach - okolicach podwarszawskiego Pruszkowa i w środowisku Polaków przebywających w Niemczech.
"- Kiedy zobaczyłam, jak stary koń na widok ludzi, którzy przyjechali po kolejne trzy litry krwi, ucieka w popłochu, następnym razem powiedziałam, że nie żyje.","- Kiedy zobaczyła m , jak stary koń na widok ludzi, którzy przyjechali po kolejne trzy litry krwi, ucieka w popłochu, następnym razem powiedział m , że nie żyje."
"Legia sprzedała Zeigbo do włoskiej Venezii za kwotę blisko dziesięciokrotnie wyższą niż ta, za którą go kupiła.","Legia sprzedał Zeigbo do włoskiej Venezii za kwotę blisko dziesięciokrotnie wyższą niż ta, za którą go kupiła."
Teraz Venezia wypożyczyła go do Kuwejtu.,Teraz Venezia wypożyczył go do Kuwejtu.
- Z biegiem lat pańska gniewność ustąpiła?,- Z biegiem lat pańska gniewność ustąpił?
"Dlatego zawiesiła tabliczkę: uwaga zły pies, żeby któremu tyłka nie poszarpały, jakby chciał się wysikać pod płotem.","Dlatego zawiesił tabliczkę: uwaga zły pies, żeby któremu tyłka nie poszarpały, jakby chciał się wysikać pod płotem."
"Chcąc dopomóc mężowi w karierze w Rosji, skomplementowała córkę gubernatora: ""Kakaja u was krasnaja roża"".","Chcąc dopomóc mężowi w karierze w Rosji, skomplementował córkę gubernatora: ""Kakaja u was krasnaja roża""."
"Piekarnia pierwsza wprowadziła karty klubowe, tak jak to działa na Zachodzie.","Piekarnia pierwsza wprowadził karty klubowe, tak jak to działa na Zachodzie."
"Rozpędzonej karuzeli stanowisk nie zatrzymała minister Piwnik, choć przez pierwsze pół roku urzędowania wstrzymywała się ona z ruchami kadrowymi.","Rozpędzonej karuzeli stanowisk nie zatrzymał minister Piwnik, choć przez pierwsze pół roku urzędowania wstrzymywała się ona z ruchami kadrowymi."
Od marca Barbara Piwnik zdążyła już jednak wymienić 3 prokuratorów apelacyjnych i 9 okręgowych.,Od marca Barbara Piwnik zdążył już jednak wymienić 3 prokuratorów apelacyjnych i 9 okręgowych.
W decydującej rozgrywce z Kolinem przegrała nasza Dąbrowa Górnicza.,W decydującej rozgrywce z Kolinem przegrał nasza Dąbrowa Górnicza.
Tymczasem w międzynarodowym świecie biznesu polska porażka wywołała spore wrażenie.,Tymczasem w międzynarodowym świecie biznesu polska porażka wywołał spore wrażenie.
Kasia zrezygnowała.,Kasia zrezygnował.
- Jako bardzo młoda dziewczyna spędziła pani dziesięć lat w sowieckich łagrach.,- Jako bardzo młoda dziewczyna spędził pani dziesięć lat w sowieckich łagrach.
Jakiego czasu tam pani doświadczyła?,Jakiego czasu tam pani doświadczył?
"Robiąc specjalizację z aborcji na studiach odkryłam, jak bardzo moje podejście lekarza kobiety, przyjazne i bez osądzania, może w takim momencie pomóc.","Robiąc specjalizację z aborcji na studiach odkrył m , jak bardzo moje podejście lekarza kobiety, przyjazne i bez osądzania, może w takim momencie pomóc."
"Na koniec kokieteryjnie usprawiedliwiła się, że mówi bez ładu i składu, bo jest już w zaawansowanym wieku.","Na koniec kokieteryjnie usprawiedliwił się, że mówi bez ładu i składu, bo jest już w zaawansowanym wieku."
"»Gazeta Polska« stała się obecnie ważnym forum wymiany poglądów ludzi nawiązujących do tradycji solidarnościowych i niepodległościowych"".","»Gazeta Polska« stał się obecnie ważnym forum wymiany poglądów ludzi nawiązujących do tradycji solidarnościowych i niepodległościowych""."
"W 2000 r. pani Krystyna, już wówczas na wózku inwalidzkim, zadzwoniła na Wawel i zaprosiła do siebie dyrektora zamku: chce przekazać po śmierci majątek tej właśnie instytucji.","W 2000 r. pani Krystyna, już wówczas na wózku inwalidzkim, zadzwonił na Wawel i zaprosiła do siebie dyrektora zamku: chce przekazać po śmierci majątek tej właśnie instytucji."
"Frekwencja dopisała, słuchacze byli zadowoleni, dyskusję trzeba było przerywać, sądzę, że impreza była udana.","Frekwencja dopisał, słuchacze byli zadowoleni, dyskusję trzeba było przerywać, sądzę, że impreza była udana."
"Prawie połowa respondentów stwierdziła, że akty prowokacji zdarzają się często.","Prawie połowa respondentów stwierdził, że akty prowokacji zdarzają się często."
Powiedziała ona takie zdanie: Po tym ostatnim kryzysie jedyną szansą na prawicową koalicję w Polsce jest głęboki podział w Prawie i Sprawiedliwości.,Powiedział ona takie zdanie: Po tym ostatnim kryzysie jedyną szansą na prawicową koalicję w Polsce jest głęboki podział w Prawie i Sprawiedliwości.
Na sali zrobiła się cisza.,Na sali zrobił się cisza.
"Rada załatwiła w budżecie miasta 100 tys. zł na oddłużenie pomnika, zdejmując m.in. pieniądze na wyjazdy do miast partnerskich, bo nic dobrego z tego nie wyszło.","Rada załatwił w budżecie miasta 100 tys. zł na oddłużenie pomnika, zdejmując m.in. pieniądze na wyjazdy do miast partnerskich, bo nic dobrego z tego nie wyszło."
"15 lat temu cosa nostra zgładziła swoich największych wrogów - dwóch sędziów z Palermo, którzy ośmielili się wypowiedzieć jej wojnę.","15 lat temu cosa nostra zgładził swoich największych wrogów - dwóch sędziów z Palermo, którzy ośmielili się wypowiedzieć jej wojnę."
"Mała Dania zdecydowała, że będzie rozwijać się bez zwiększania zużycia energii.","Mała Dania zdecydował, że będzie rozwijać się bez zwiększania zużycia energii."
"Francja postawiła na energetykę jądrową, elektrownie atomowe produkują dziś w tym kraju blisko 80 proc. elektryczności.","Francja postawił na energetykę jądrową, elektrownie atomowe produkują dziś w tym kraju blisko 80 proc. elektryczności."
"Książkę o biednych z Harlemu zatytułowała pani ""No Shame in my Game"" (Nie wstydzę się tego, co robię).","Książkę o biednych z Harlemu zatytułował pani ""No Shame in my Game"" (Nie wstydzę się tego, co robię)."
Zaangażowała się w Teatrze Dramatycznym kierowanym wówczas przez Gustawa Holoubka.,Zaangażował się w Teatrze Dramatycznym kierowanym wówczas przez Gustawa Holoubka.
"Zadebiutowała rolą ""Elektry"" w sztuce Giraudoux w reż. Kazimierza Dejmka.","Zadebiutował rolą ""Elektry"" w sztuce Giraudoux w reż. Kazimierza Dejmka."
Ruszyła lawina.,Ruszył lawina.
"To ta formacja pokoleniowa, napiętnowana w młodości przez stalinizm, dodała potem rozpędu odwilży, a po 1968 r. niejeden z jej przedstawicieli wsparł opozycję demokratyczną.","To ta formacja pokoleniowa, napiętnowana w młodości przez stalinizm, dodał potem rozpędu odwilży, a po 1968 r. niejeden z jej przedstawicieli wsparł opozycję demokratyczną."
"Zwycięstwu przeszkodziła Afrodyta, która otuliła Parysa obłokiem i wyniosła z pojedynku.","Zwycięstwu przeszkodził Afrodyta, która otuliła Parysa obłokiem i wyniosła z pojedynku."
Furorę zrobiła także nasza karetka fiat - kontener.,Furorę zrobił także nasza karetka fiat - kontener.
- Decyzję o wyjeździe podjęłam krótko po wprowadzeniu stanu wojennego.,- Decyzję o wyjeździe podjął m krótko po wprowadzeniu stanu wojennego.
"Oby tylko pogoda, która w tym roku trochę ""popsuła"" widowisko, okazała się łaskawsza.","Oby tylko pogoda, która w tym roku trochę ""popsuła"" widowisko, okazał się łaskawsza."
Nasza drużyna wygrała wyjazdowe spotkanie z drużyną z odległego Brzostka 8:2.,Nasza drużyna wygrał wyjazdowe spotkanie z drużyną z odległego Brzostka 8:2.
"Dopisała pogoda, humory i licznie przybyli goście, a to przecież na festynach najważniejsze.","Dopisał pogoda, humory i licznie przybyli goście, a to przecież na festynach najważniejsze."
"Rozmowa, którą zrelacjonowałem zarządowi, spowodowała że nabraliśmy wiatru w żagle.","Rozmowa, którą zrelacjonował em zarządowi, spowodował że nabrali śmy wiatru w żagle."
"Prezentacja zgromadziła liczne grono rodziców i przyjaciół uczniów i szkoły, na dużej sali zabrakło nawet miejsc siedzących.","Prezentacja zgromadził liczne grono rodziców i przyjaciół uczniów i szkoły, na dużej sali zabrakło nawet miejsc siedzących."
Jeden alpejski świat stworzyła przyroda i nareszcie ludzie to zaakceptowali.,Jeden alpejski świat stworzył przyroda i nareszcie ludzie to zaakceptowali.
Wobec zmienionych warunków społecznych i ekonomicznych w kraju Sekcja Ekonomiczna Wydziału Prawa i Nauk Społ.-Ekon. na wniosek profesora dra Czesława Strzeszewskiego dokonała upraktycznienia studiów przez wprowadzenie wykładów i ćwiczeń z zakresu zagadnień ekonomicznych i społecznych wsi.,Wobec zmienionych warunków społecznych i ekonomicznych w kraju Sekcja Ekonomiczna Wydziału Prawa i Nauk Społ.-Ekon. na wniosek profesora dra Czesława Strzeszewskiego dokonał upraktycznienia studiów przez wprowadzenie wykładów i ćwiczeń z zakresu zagadnień ekonomicznych i społecznych wsi.
"Z terenów, które już opuścili, wycofała się również armia libańska, nie chcąc prowokować walk z druzami i szyitami.","Z terenów, które już opuścili, wycofał się również armia libańska, nie chcąc prowokować walk z druzami i szyitami."
"Zwyciężyła drużyna z JW 3371 w składzie: st. szer. Rafał Orłowski, szer. Paweł Stysiał, szer. Piotr Szynal.","Zwyciężył drużyna z JW 3371 w składzie: st. szer. Rafał Orłowski, szer. Paweł Stysiał, szer. Piotr Szynal."
"W listopadzie 1946 r. powróciła do Olkusza, by nadal uczyć rysunków.","W listopadzie 1946 r. powrócił do Olkusza, by nadal uczyć rysunków."
"Zginęła tragicznie 15 października 1955 r. w okolicy Olewina, uderzona przez otwarte drzwi przejeżdżającego pociągu.","Zginął tragicznie 15 października 1955 r. w okolicy Olewina, uderzona przez otwarte drzwi przejeżdżającego pociągu."
"W trakcie prac nad projektem rodzina naszych ""inwestorów"" powiększyła się o małego Maciusia.","W trakcie prac nad projektem rodzina naszych ""inwestorów"" powiększył się o małego Maciusia."
Nie martw się - dodała na widok zrozpaczonej miny Andrzeja - ja ci pomogę.,Nie martw się - dodał na widok zrozpaczonej miny Andrzeja - ja ci pomogę.
Z wersji ucieczki policja wycofała się.,Z wersji ucieczki policja wycofał się.
Powiększona kuchnia stała się obszernym pomieszczeniem mieszczącym duży stół.,Powiększona kuchnia stał się obszernym pomieszczeniem mieszczącym duży stół.
Organizacja nasza zbliżyła dzieciom młodych bohaterów pracy socjalistycznej.,Organizacja nasza zbliżył dzieciom młodych bohaterów pracy socjalistycznej.
"W dniu 4 lutego 1970 roku Komisja Oceny Konkursu pod przewodnictwem prof. dr Zbigniewa Gertycha z PAN — powołana przez Prezydium Krajowej Rady Pracowniczych Ogrodów Działkowych — dokonała oceny wyników konkursu ogłoszonego w nr 2/69 miesięcznika ""Działkowiec"", pt. ""Jakie korzyści osiągamy uprawiając działkę?""","W dniu 4 lutego 1970 roku Komisja Oceny Konkursu pod przewodnictwem prof. dr Zbigniewa Gertycha z PAN — powołana przez Prezydium Krajowej Rady Pracowniczych Ogrodów Działkowych — dokonał oceny wyników konkursu ogłoszonego w nr 2/69 miesięcznika ""Działkowiec"", pt. ""Jakie korzyści osiągamy uprawiając działkę?"""
Policja udaremniła napad na bank PBK przy ulicy Jasnej.,Policja udaremnił napad na bank PBK przy ulicy Jasnej.
"No cóż, kobietą urodziłam się trochę przez przypadek.","No cóż, kobietą urodził m się trochę przez przypadek."
Dopiero potem zaczęłam częściej przebywać z dziewczynami.,Dopiero potem zaczął m częściej przebywać z dziewczynami.
Przygotowałam również niespodziankę dla moich słuchaczy w Polsce.,Przygotował m również niespodziankę dla moich słuchaczy w Polsce.
Odra Chojna 16 maja zremisowała na wyjeździe z Piastem Chociwel 0:0.,Odra Chojna 16 maja zremisował na wyjeździe z Piastem Chociwel 0:0.
20 maja w eliminacjach Pucharu Polski Odra pokonała u siebie Hutnika Szczecin 1:0 (1:0) po bramce Makulskiego.,20 maja w eliminacjach Pucharu Polski Odra pokonał u siebie Hutnika Szczecin 1:0 (1:0) po bramce Makulskiego.
G.: Grzeczną dziewczynką zostałaś chyba do dzisiaj?,G.: Grzeczną dziewczynką został ś chyba do dzisiaj?
"Zaplanowałam wyjazd do Grecji i od tygodni biję się z myślami, czy zaproponować Asi, by pojechała ze mną.","Zaplanował m wyjazd do Grecji i od tygodni biję się z myślami, czy zaproponować Asi, by pojechała ze mną."
Stała się dla Kościoła prawdziwym skarbem modlitwy.,Stał się dla Kościoła prawdziwym skarbem modlitwy.
"Jedna z Pań (""Garwolinianka"") napisała, że ma problem.","Jedna z Pań (""Garwolinianka"") napisał, że ma problem."
"Zaczęła chodzić na spacery, ale nie wie, jakimi drogami.","Zaczął chodzić na spacery, ale nie wie, jakimi drogami."
Rozbiłaś mi samochód!,Rozbił ś mi samochód!
Jadwiga Melnyk przeszła w człuchowskim szpitalu dwa zabiegi.,Jadwiga Melnyk przeszedł w człuchowskim szpitalu dwa zabiegi.
"Po kryzysie przysięgowym w VII 1917 r. przeszła ona na oddziały legionowe, które walczyły u boku Austro-Węgier.","Po kryzysie przysięgowym w VII 1917 r. przeszedł ona na oddziały legionowe, które walczyły u boku Austro-Węgier."
"Przyjęła ona po II Brygadzie pocztę polową nr 378 i prowadziły, aż do przejścia w 1918 r. przez front na Ukrainę.","Przyjął ona po II Brygadzie pocztę polową nr 378 i prowadziły, aż do przejścia w 1918 r. przez front na Ukrainę."
Nazajutrz po ćwiczeniach komendantka zwołała zbiórkę drużyny.,Nazajutrz po ćwiczeniach komendantka zwołał zbiórkę drużyny.
"Gdy dziewczęta zebrały się w sali szkolnej, wyjaśniła krótko: - Zdałyśmy egzamin na ćwiczeniach.","Gdy dziewczęta zebrały się w sali szkolnej, wyjaśnił krótko: - Zdały śmy egzamin na ćwiczeniach."
Wyprawa Magellana opłynęła wokół kulę ziemską.,Wyprawa Magellana opłynął wokół kulę ziemską.
"I nie po to zdecydowałam się przytoczyć te właśnie, aby ich goryczą mierzyć znaczenie wydarzeń, które będą miały swój określony wpływ na dalsze losy Soboru.","I nie po to zdecydował m się przytoczyć te właśnie, aby ich goryczą mierzyć znaczenie wydarzeń, które będą miały swój określony wpływ na dalsze losy Soboru."
"Tej samej Dorotce mama nałożyła, w chłodny dzień, długie, ciepłe majteczki, sięgające kolan.","Tej samej Dorotce mama nałożył, w chłodny dzień, długie, ciepłe majteczki, sięgające kolan."
"24 W Pałacu Staszica rozpoczęła się sesja naukowa poświęcona 200 rocznicy Iwana Kotlarskiego, pisarza ukraińskiego.","24 W Pałacu Staszica rozpoczął się sesja naukowa poświęcona 200 rocznicy Iwana Kotlarskiego, pisarza ukraińskiego."
Złoty medal w kategorii do 68 kilogramów zdobyła Kamila Zgolak.,Złoty medal w kategorii do 68 kilogramów zdobył Kamila Zgolak.
"Dokonała - pod wodzą Lenina, na wiele lat przed Listopadem, w uporczywej walce toczonej w ciągu dwóch z górą dziesięcioleci.","Dokonał - pod wodzą Lenina, na wiele lat przed Listopadem, w uporczywej walce toczonej w ciągu dwóch z górą dziesięcioleci."
Sześć cebul kupiła na kiermaszu zorganizowanym w pobliskiej szkole.,Sześć cebul kupił na kiermaszu zorganizowanym w pobliskiej szkole.
"Przyznałam rację i zamyśliłam się nad losem siostry, która została sama z dwojgiem maleńkich dzieci.","Przyznał m rację i zamyśliła m się nad losem siostry, która została sama z dwojgiem maleńkich dzieci."
Malena otrzymała dwie nominacje do Oscara (za muzykę Ennio Morricone i zdjęcia Lajosa Koltaia) oraz dwie do Złotego Globu (dla najlepszego filmu zagranicznego i za muzykę).,Malena otrzymał dwie nominacje do Oscara (za muzykę Ennio Morricone i zdjęcia Lajosa Koltaia) oraz dwie do Złotego Globu (dla najlepszego filmu zagranicznego i za muzykę).
"Policja odnalazła Andrzeja Jacka P., za którego podawał się Jerzy Wieczorek ps. ""Żaba"", groźny przestępca z gangu pruszkowskiego, zatrzymany niedawno w Bułgarii.","Policja odnalazł Andrzeja Jacka P., za którego podawał się Jerzy Wieczorek ps. ""Żaba"", groźny przestępca z gangu pruszkowskiego, zatrzymany niedawno w Bułgarii."
"Taż sama dziewczyna, słuchając opowiadania mojej żony, jak przed wojną rozmawiała z królową bułgarską, spytała ""to ciocia była w Bułgarii na delegacji?""","Taż sama dziewczyna, słuchając opowiadania mojej żony, jak przed wojną rozmawiała z królową bułgarską, spytał ""to ciocia była w Bułgarii na delegacji?"""
"Gdyby więc PKP i PKS tak zorganizowały swoją pracę, żeby ryba jak najszybciej mogła być przewożona, z pewnością skorzystałaby na tym gospodarka rybna, skorzystałby konsument.","Gdyby więc PKP i PKS tak zorganizowały swoją pracę, żeby ryba jak najszybciej mogła być przewożona, z pewnością skorzystał by na tym gospodarka rybna, skorzystał by konsument."
"Praktycznie rzecz biorąc eskadra uległa całkowitej zagładzie, tracąc około 5 000 ludzi zabitych i utopionych, 2 000 internowanych, ponad 10 000 jeńców.","Praktycznie rzecz biorąc eskadra uległ całkowitej zagładzie, tracąc około 5 000 ludzi zabitych i utopionych, 2 000 internowanych, ponad 10 000 jeńców."
"Jednocześnie powstała atrakcyjna Corsa Pick-up, na którą chyba jeszcze za wcześnie na naszym rynku.","Jednocześnie powstał atrakcyjna Corsa Pick-up, na którą chyba jeszcze za wcześnie na naszym rynku."
Po kilku hamowaniach z większych prędkości wydajność układu nieznacznie się jednak zmniejszyła.,Po kilku hamowaniach z większych prędkości wydajność układu nieznacznie się jednak zmniejszył.
"- Dałam jej ciepło, otwartość, ciekawość świata, optymizm i ambicję.","- Dał m jej ciepło, otwartość, ciekawość świata, optymizm i ambicję."
"O tym, że PKP jest twórczą instytucją, przekonała mnie informacja przekazana przez głośniki w pociągu relacji Warszawa - Berlin.","O tym, że PKP jest twórczą instytucją, przekonał mnie informacja przekazana przez głośniki w pociągu relacji Warszawa - Berlin."
Grupa radnych zaproponowała również podjęcie starań o powołanie w Sulęcinie filii Wyższej Szkoły Zawodowej.,Grupa radnych zaproponował również podjęcie starań o powołanie w Sulęcinie filii Wyższej Szkoły Zawodowej.
"- Zgromadziła Pani prawie 70 osób: lekarzy, pielęgniarek, wolontariuszy podejmujących niezwykły trud.","- Zgromadził Pani prawie 70 osób: lekarzy, pielęgniarek, wolontariuszy podejmujących niezwykły trud."
"Siedem lat po ostatniej książce Carda o dziejach Alvina ukazała się jej czwarta część, ""Alvin Journeyman"" (Alvin podróżnik).","Siedem lat po ostatniej książce Carda o dziejach Alvina ukazał się jej czwarta część, ""Alvin Journeyman"" (Alvin podróżnik)."
Sprawa mocno ożywiła końcówkę ubiegłotygodniowej sesji.,Sprawa mocno ożywił końcówkę ubiegłotygodniowej sesji.
1 czerwca w Wodzisławiu odbyła się uroczystość otwarcia oraz poświęcenia Ośrodka Rehabilitacji dla Dzieci Niepełnosprawnych Ruchowo.,1 czerwca w Wodzisławiu odbył się uroczystość otwarcia oraz poświęcenia Ośrodka Rehabilitacji dla Dzieci Niepełnosprawnych Ruchowo.
"16 marca 1984 r. matka W. Marczenki skierowała do Ojca Świętego następujący list: ""Syn mój jest wierzącym chrześcijaninem.","16 marca 1984 r. matka W. Marczenki skierował do Ojca Świętego następujący list: ""Syn mój jest wierzącym chrześcijaninem."
Mijały lata i część pisarzy mongolskich pojęła jak zafałszowany jest kreślony przez nich obraz szczęśliwego jutra kiedy go skonfrontować z powszednią rzeczywistością.,Mijały lata i część pisarzy mongolskich pojął jak zafałszowany jest kreślony przez nich obraz szczęśliwego jutra kiedy go skonfrontować z powszednią rzeczywistością.
Z biegiem lat Sekcja rozszerzyła swój zakres działania.,Z biegiem lat Sekcja rozszerzył swój zakres działania.
"Prócz akcji upowszechniania czytelnictwa wśród dzieci Warszawy, podjęła prace o charakterze ogólnym, często prekursorskim.","Prócz akcji upowszechniania czytelnictwa wśród dzieci Warszawy, podjął prace o charakterze ogólnym, często prekursorskim."
"Komisja przekształciła się w rodzaj seminarium, gdzie bibliotekarki pogłębiały swą wiedzę o dziecku i książce.","Komisja przekształcił się w rodzaj seminarium, gdzie bibliotekarki pogłębiały swą wiedzę o dziecku i książce."
"Dnia 19 kwietnia 1986 r. zmarła w Holandii Halina Świdzińska, dokąd przeniosła się w 1976 r. po przejściu na emeryturę w Stanach Zjednoczonych.","Dnia 19 kwietnia 1986 r. zmarł w Holandii Halina Świdzińska, dokąd przeniosła się w 1976 r. po przejściu na emeryturę w Stanach Zjednoczonych."
"Urodziła się 26 listopada 1910 r. w głębi Rosji; w niepodległej Polsce zdobyła tytuł magistra w Głównej Szkole Handlowej w Warszawie, w 1937 r.","Urodził się 26 listopada 1910 r. w głębi Rosji; w niepodległej Polsce zdobyła tytuł magistra w Głównej Szkole Handlowej w Warszawie, w 1937 r."
Powtórzyła magisterium w 1967 r. na Western Reserve University w Cleveland i doktoryzowała się na Uniwersytecie w Pittsburgu w 1972 r.,Powtórzył magisterium w 1967 r. na Western Reserve University w Cleveland i doktoryzowała się na Uniwersytecie w Pittsburgu w 1972 r.
"Szkoda, że musiałam popsuć ""Panią"", wycinając kupon - wypomniała nam Maria Zawadzka z Wrocławia.","Szkoda, że musiała m popsuć ""Panią"", wycinając kupon - wypomniał nam Maria Zawadzka z Wrocławia."
Pierwsza wyszła za mąż Irena.,Pierwsza wyszedł za mąż Irena.
"IZABELLE ADJANl, gwiazda filmu francuskiego, wygrała precedensowy proces.","IZABELLE ADJANl, gwiazda filmu francuskiego, wygrał precedensowy proces."
"Adjani natychmiast zdecydowanie zaprzeczyła temu, m.in. przed kamerami telewizji.","Adjani natychmiast zdecydowanie zaprzeczył temu, m.in. przed kamerami telewizji."
Wytoczyła też proces redakcji pisma.,Wytoczył też proces redakcji pisma.
"- To, że uważał jeszcze niczego nie zmienia - włączyła się ciocia Łucja.","- To, że uważał jeszcze niczego nie zmienia - włączył się ciocia Łucja."
"Przecież ona mi się przyznała, że co kilka dni bierze udział w jakichś prywatkach.","Przecież ona mi się przyznał, że co kilka dni bierze udział w jakichś prywatkach."
O dziewictwie już dawno zapomniała.,O dziewictwie już dawno zapomniał.
Szczerość przyjaciela wywołała burzę.,Szczerość przyjaciela wywołał burzę.
Niemiecka nazwa Sensburg przyjęła się podczas lokacji miasta.,Niemiecka nazwa Sensburg przyjął się podczas lokacji miasta.
"Protestująca załoga straciła całkowite zaufanie do dyrekcji, rady nadzorczej i części osób zatrudnionych w administracji.","Protestująca załoga stracił całkowite zaufanie do dyrekcji, rady nadzorczej i części osób zatrudnionych w administracji."
Gmina Wieliczka zabezpieczyła na ten cel część środków finansowych.,Gmina Wieliczka zabezpieczył na ten cel część środków finansowych.
Natura nie poskąpiła im gliny.,Natura nie poskąpił im gliny.
Redakcja podała - za innymi redakcjami - że zmarła Anne Maguire otrzymała nagrodę pokojową w 1978 r. wraz z Betty Williams.,Redakcja podał - za innymi redakcjami - że zmarła Anne Maguire otrzymała nagrodę pokojową w 1978 r. wraz z Betty Williams.
- Musimy wracać do Grochulskiej - spojrzałam na zegarek.,- Musimy wracać do Grochulskiej - spojrzał m na zegarek.
Ona nam wszystko popsuła!,Ona nam wszystko popsuł!
"Piękno przyrody odkryła ludność miasta, dla której przyroda w całej swej krasie była sprawą niecodzienną, ale mieszkańcy wsi nie starali się jej odtworzyć w swojej sztuce.","Piękno przyrody odkrył ludność miasta, dla której przyroda w całej swej krasie była sprawą niecodzienną, ale mieszkańcy wsi nie starali się jej odtworzyć w swojej sztuce."
"W maju i październiku 2-osobowa grupa (etnograf i rysownik) przeprowadziła 5-dniowe badania terenowe w Rudawie, Brzezince i Radwanowicach w pow. Chrzanów.","W maju i październiku 2-osobowa grupa (etnograf i rysownik) przeprowadził 5-dniowe badania terenowe w Rudawie, Brzezince i Radwanowicach w pow. Chrzanów."
W miasteczkach i dzielnicach dużych miast powstała sieć bibliotek.,W miasteczkach i dzielnicach dużych miast powstał sieć bibliotek.
"Przed wojną wprawiła w paniczny lęk tysiące amerykańskich radiosłuchaczy sztuka H. G. Wellsa ""Wojna światów"" w radiowej wersji Orsona Wellesa.","Przed wojną wprawił w paniczny lęk tysiące amerykańskich radiosłuchaczy sztuka H. G. Wellsa ""Wojna światów"" w radiowej wersji Orsona Wellesa."
"Potraktowana serio ""wiadomość"", że Ziemię zaatakowały marsjańskie potwory, doprowadziła do tego, że ludzie w panice porzucali swoje domy, na ulicach doszło do masowych karamboli z licznymi ofiarami.","Potraktowana serio ""wiadomość"", że Ziemię zaatakowały marsjańskie potwory, doprowadził do tego, że ludzie w panice porzucali swoje domy, na ulicach doszło do masowych karamboli z licznymi ofiarami."
"W pierwszej kolejności ""Iko"" wyposażyła w odbiorniki radiowe oflagi.","W pierwszej kolejności ""Iko"" wyposażył w odbiorniki radiowe oflagi."
26 maja br. w Domu Dziennikarza w Warszawie odbyła się tradycyjna uroczystość wręczenia dorocznych nagród SDP i klubów twórczych.,26 maja br. w Domu Dziennikarza w Warszawie odbył się tradycyjna uroczystość wręczenia dorocznych nagród SDP i klubów twórczych.
"— Tak, stwierdziła zakładowa komisja ""Solidarności"" przy Okręgowym Przedsiębiorstwie Przemysłu Mięsnego w Bydgoszczy i zablokowała wywóz mięsa z Bydgoskiego do Katowickiego, Krakowskiego i Nowosądeckiego.","— Tak, stwierdził zakładowa komisja ""Solidarności"" przy Okręgowym Przedsiębiorstwie Przemysłu Mięsnego w Bydgoszczy i zablokowała wywóz mięsa z Bydgoskiego do Katowickiego, Krakowskiego i Nowosądeckiego."
"Okręgowa Komisja Arbitrażowa uznając, że powodowemu należały się tylko roszczenia z tytułu kary za zwłokę w kwocie 67.716, umorzyła odnośnie do tej części roszczenie postępowania i oddaliła powództwo w pozostałej części.","Okręgowa Komisja Arbitrażowa uznając, że powodowemu należały się tylko roszczenia z tytułu kary za zwłokę w kwocie 67.716, umorzył odnośnie do tej części roszczenie postępowania i oddaliła powództwo w pozostałej części."
"W życie weszła nowa konstytucja, tworząc podstawy prawne dla zmiany wielu nie odpowiadających rzeczywistości rozwiązań.","W życie wszedł nowa konstytucja, tworząc podstawy prawne dla zmiany wielu nie odpowiadających rzeczywistości rozwiązań."
"Samodzielna Brygada Spadochronowa stała się też bohaterką kilku (mam dwa) dobrych artykułów Adama Jońcy w wychodzącym od niedawna w Belgii francuskojęzycznym periodyku ""Amilitaria"".","Samodzielna Brygada Spadochronowa stał się też bohaterką kilku (mam dwa) dobrych artykułów Adama Jońcy w wychodzącym od niedawna w Belgii francuskojęzycznym periodyku ""Amilitaria""."
"Powstała nawet nauka o snach, nazywana onejrologią.","Powstał nawet nauka o snach, nazywana onejrologią."
"Spora część delegatów, reprezentujących zwłaszcza środowiska młodzieżowe, zaprezentowała alternatywny wobec projektu kierownictwa program.","Spora część delegatów, reprezentujących zwłaszcza środowiska młodzieżowe, zaprezentował alternatywny wobec projektu kierownictwa program."
"Ostatecznie, po zażartej dyskusji zwyciężyła propozycja kierownictwa ZKP.","Ostatecznie, po zażartej dyskusji zwyciężył propozycja kierownictwa ZKP."
"— Delegatura Komisji Specjalnej w Białymstoku ukarała grzywną na ogólną sumę 157.500 zł. 30-tu nieuczciwych sprzedawców za pobieranie nadmiernych cen, brak cenników i nieujawnianie cen na sprzedawanych artykułach.","— Delegatura Komisji Specjalnej w Białymstoku ukarał grzywną na ogólną sumę 157.500 zł. 30-tu nieuczciwych sprzedawców za pobieranie nadmiernych cen, brak cenników i nieujawnianie cen na sprzedawanych artykułach."
Zbliżenie labourzystów do konserwatystów i wspólna uległość wobec idei amerykańskich znalazła swój nieoczekiwany wyraz również w zachowaniu premiera Attlee i b. ministra Edena.,Zbliżenie labourzystów do konserwatystów i wspólna uległość wobec idei amerykańskich znalazł swój nieoczekiwany wyraz również w zachowaniu premiera Attlee i b. ministra Edena.
Skończyła makijaż i zaczęła przeglądać ciuchy.,Skończył makijaż i zaczęła przeglądać ciuchy.
"Stwierdziła, że wszystko jest niemodne.","Stwierdził, że wszystko jest niemodne."
"Druga para - Szymon Skierski i Joanna Graczykowska (pary powyżej 15 lat, kategoria C) wywalczyła V pozycję, także w obu stylach.","Druga para - Szymon Skierski i Joanna Graczykowska (pary powyżej 15 lat, kategoria C) wywalczył V pozycję, także w obu stylach."
Teraz już od dwóch lat pracuje z nami niezmiennie stała grupa młodzieży - stwierdziła prezes gostynińskiego Stowarzyszenia Pomocy dla Osób Niepełnosprawnych - Jadwiga Świtek.,Teraz już od dwóch lat pracuje z nami niezmiennie stała grupa młodzieży - stwierdził prezes gostynińskiego Stowarzyszenia Pomocy dla Osób Niepełnosprawnych - Jadwiga Świtek.
"O 3,4 proc. niższy poziom przestępczości odnotowała starachowicka policja.","O 3,4 proc. niższy poziom przestępczości odnotował starachowicka policja."
Przestępstwa nie było - stwierdziła tucholska prokuratura i umorzyła postępowanie w sprawie legalności wycięcia drzew w komunalnym lesie w Rudzkim Moście.,Przestępstwa nie było - stwierdził tucholska prokuratura i umorzyła postępowanie w sprawie legalności wycięcia drzew w komunalnym lesie w Rudzkim Moście.
"- Piotrze, już skończyłam rozmowę z rodzicami, teraz chciałabym porozmawiać z tobą.","- Piotrze, już skończył m rozmowę z rodzicami, teraz chciała by m porozmawiać z tobą."
"Poczciwa, stara ""Nord Norge"" poszła na emeryturę.","Poczciwa, stara ""Nord Norge"" poszedł na emeryturę."
Wprowadzona 1 stycznia tego roku ustawa o powszechnym ubezpieczeniu zdrowotnym wywołała wiele zamieszania zarówno w środowisku lekarskim jak i farmaceutycznym.,Wprowadzona 1 stycznia tego roku ustawa o powszechnym ubezpieczeniu zdrowotnym wywołał wiele zamieszania zarówno w środowisku lekarskim jak i farmaceutycznym.
"Chociaż recepty ubiegłoroczne można było realizować do 20 stycznia 1999 r., to jednak większość zdecydowała się uczynić to do końca roku, tym bardziej, że obawy budziła zapowiadana podwyżka cen leków.","Chociaż recepty ubiegłoroczne można było realizować do 20 stycznia 1999 r., to jednak większość zdecydował się uczynić to do końca roku, tym bardziej, że obawy budziła zapowiadana podwyżka cen leków."
"Kumulacja nastąpiła w chwili, gdy jeden z biznesmenów, w samych szortach, za to z grubym złotym łańcuchem na szyi postanowił się z nią zaprzyjaźnić.","Kumulacja nastąpił w chwili, gdy jeden z biznesmenów, w samych szortach, za to z grubym złotym łańcuchem na szyi postanowił się z nią zaprzyjaźnić."
"Od kwietnia wraz z pozyskaniem sponsora zmieniła się nazwa na ROMARK KINGS i już wiadomo, że działalność drużyny wspiera centrum handlowe sprzętu RTV i AGD ""ROMARK"".","Od kwietnia wraz z pozyskaniem sponsora zmienił się nazwa na ROMARK KINGS i już wiadomo, że działalność drużyny wspiera centrum handlowe sprzętu RTV i AGD ""ROMARK""."
"W 1996 r. przyłączyła się do nich Kargowa, a wycofała się gmina Szczaniec.","W 1996 r. przyłączył się do nich Kargowa, a wycofała się gmina Szczaniec."
"Szczególnie ostro odczułam to, gdy niemal równocześnie z przeczytaniem książki Romana Jabłonowskiego ""Wspomnienia 1905-1928"", z nekrologu dowiedziałam się o śmierci autora.","Szczególnie ostro odczuł m to, gdy niemal równocześnie z przeczytaniem książki Romana Jabłonowskiego ""Wspomnienia 1905-1928"", z nekrologu dowiedziała m się o śmierci autora."
Jedynie może indywidualność M. Rapackiego zaważyła na szerszym rozwinięciu na jej łamach teorii spółdzielczej jako nowej wizji świata.,Jedynie może indywidualność M. Rapackiego zaważył na szerszym rozwinięciu na jej łamach teorii spółdzielczej jako nowej wizji świata.
"Marzę już chyba tylko o tym, żeby położyć się do łóżka - powiedziała dziewczyna.","Marzę już chyba tylko o tym, żeby położyć się do łóżka - powiedział dziewczyna."
- Koniecznie - odparłam bez przekonania.,- Koniecznie - odparł m bez przekonania.
- To prawda - przyznałam.,- To prawda - przyznał m .
Ściślejsze znaczenie nadała mu potem święta Teresa z Avila.,Ściślejsze znaczenie nadał mu potem święta Teresa z Avila.
"W wieku 87 lat życia i 66 lat profesji odeszła do Pana śp. Julia Bednarz od Matki Bożej Szkaplerznej, w dniu 10 listopada 1998 r.","W wieku 87 lat życia i 66 lat profesji odszedł do Pana śp. Julia Bednarz od Matki Bożej Szkaplerznej, w dniu 10 listopada 1998 r."
Mając to na uwadze Ogólnopolska Rada Ruchów Katolickich po raz czwarty podjęła inicjatywę Białego Tygodnia.,Mając to na uwadze Ogólnopolska Rada Ruchów Katolickich po raz czwarty podjął inicjatywę Białego Tygodnia.
Ciocia Ala wzięła mnie za rękę i prowadzi.,Ciocia Ala wziął mnie za rękę i prowadzi.
Administracja amerykańska na Filipinach rzuciła na stłumienie powstania oddziały żandarmerii i wojska.,Administracja amerykańska na Filipinach rzucił na stłumienie powstania oddziały żandarmerii i wojska.
"Jako karmelitanka napisała najważniejsze swe dzieło ""Byt doczesny i wieczny"", nie ukończyła pracy z zakresu mistyki ""Wiedza Krzyża"".","Jako karmelitanka napisał najważniejsze swe dzieło ""Byt doczesny i wieczny"", nie ukończyła pracy z zakresu mistyki ""Wiedza Krzyża""."
"22 stycznia szkoła otrzymała wysokiej jakości pracownię internetową tj.: 1 komputer nauczycielski - stanowiący serwer pracowni, 9 komputerów jako uczniowskie stacje robocze, 1 drukarka laserowa, 1 modem, oprogramowanie oraz kablowanie sieci.","22 stycznia szkoła otrzymał wysokiej jakości pracownię internetową tj.: 1 komputer nauczycielski - stanowiący serwer pracowni, 9 komputerów jako uczniowskie stacje robocze, 1 drukarka laserowa, 1 modem, oprogramowanie oraz kablowanie sieci."
"Tam, na klatce schodowej, w pionie, choć zgiętego pod ciężarem ciosu, utrzymała mnie tylko delikatna, chwilowa, pełna nadziei ostatecznej myśl, że Pan Fronczewski nic o swoim zdjęciu w tej reklamie nie wiedział i nie wie.","Tam, na klatce schodowej, w pionie, choć zgiętego pod ciężarem ciosu, utrzymał mnie tylko delikatna, chwilowa, pełna nadziei ostatecznej myśl, że Pan Fronczewski nic o swoim zdjęciu w tej reklamie nie wiedział i nie wie."
"Punkom skóra się spodobała, bo jest praktyczna.","Punkom skóra się spodobał, bo jest praktyczna."
Współpraca się rozpoczęła.,Współpraca się rozpoczął.
"Catherine, pracująca niegdyś jako spawaczka, przyszła się z nim zobaczyć, chcąc wzbogacić swoje doświadczenie o zawód porno-gwiazdki.","Catherine, pracująca niegdyś jako spawaczka, przyszedł się z nim zobaczyć, chcąc wzbogacić swoje doświadczenie o zawód porno-gwiazdki."
Agnieszka Strumiłowska opowiedziała mi historię z jej czasów studenckich.,Agnieszka Strumiłowska opowiedział mi historię z jej czasów studenckich.
Jedna z dziewczyn podeszła i uderzyła go w twarz.,Jedna z dziewczyn podszedł i uderzyła go w twarz.
Zwariowałaś?,Zwariował ś ?
"Rada - po zapoznaniu się z programem - zwróciła się do Komisji Kultury o szczegółowe opracowanie planu, aby zapewnić na ten cel środki finansowe.","Rada - po zapoznaniu się z programem - zwrócił się do Komisji Kultury o szczegółowe opracowanie planu, aby zapewnić na ten cel środki finansowe."
"W poniedziałek, 24 listopada w Miejskim Ośrodku Kultury w Nowym Targu odbyła się promocja książki 650 lat parafii Świętej Katarzyny w Nowym Targu księdza prałata Mieczysława Łukaszczyka.","W poniedziałek, 24 listopada w Miejskim Ośrodku Kultury w Nowym Targu odbył się promocja książki 650 lat parafii Świętej Katarzyny w Nowym Targu księdza prałata Mieczysława Łukaszczyka."
"Po Mszy świętej procesja przeszła na cmentarz, gdzie ksiądz Łasut odczytał ""wypominki"" i wspomniał zmarłych członków Ogniska.","Po Mszy świętej procesja przeszedł na cmentarz, gdzie ksiądz Łasut odczytał ""wypominki"" i wspomniał zmarłych członków Ogniska."
"Dalsza część jubileuszu odbyła się w nowej siedzibie Ogniska Poronin, w Gminnym Ośrodku Kultury.","Dalsza część jubileuszu odbył się w nowej siedzibie Ogniska Poronin, w Gminnym Ośrodku Kultury."
Część z nich wyjechała z nagrodami.,Część z nich wyjechał z nagrodami.
"Spółka podpisała także umowę z Centertelem, którego maszt pojawi się wkrótce na dachu ""Skalnego"".","Spółka podpisał także umowę z Centertelem, którego maszt pojawi się wkrótce na dachu ""Skalnego""."
"Wzruszająca uroczystość odbyła się w nowotarskiej restauracji ""Kaprys"".","Wzruszająca uroczystość odbył się w nowotarskiej restauracji ""Kaprys""."
"Na początku tego roku lokal wydzierżawiła od GS-u Stanisława Górkiewicz, której głos znają dobrze słuchacze Radia ""Alex"".","Na początku tego roku lokal wydzierżawił od GS-u Stanisława Górkiewicz, której głos znają dobrze słuchacze Radia ""Alex""."
12 czerwca podczas zejścia z Zawratu poślizgnęła się na śniegu i spadła Zawratowym Żlebem 22-letnia turystka z Wrocławia.,12 czerwca podczas zejścia z Zawratu poślizgnął się na śniegu i spadła Zawratowym Żlebem 22-letnia turystka z Wrocławia.
W wyniku upadku doznała kontuzji stawu skokowego i ogólnych potłuczeń.,W wyniku upadku doznał kontuzji stawu skokowego i ogólnych potłuczeń.
13 czerwca w rejonie przełęczy w Grzybowcu złamała nogę 63-letnia turystka z Radomia.,13 czerwca w rejonie przełęczy w Grzybowcu złamał nogę 63-letnia turystka z Radomia.
Niedawno także na Podhale trafiła kaseta z nagraniem pobytu prezydenta Aleksandra Kwaśniewskiego na uroczystościach w Charkowie.,Niedawno także na Podhale trafił kaseta z nagraniem pobytu prezydenta Aleksandra Kwaśniewskiego na uroczystościach w Charkowie.
Od 9 września w Nowym Targu rozpoczęła się przeprowadzka oddziału chirurgii ze starego budynku do pawilonu D w nowym szpitalu.,Od 9 września w Nowym Targu rozpoczął się przeprowadzka oddziału chirurgii ze starego budynku do pawilonu D w nowym szpitalu.
Wśród pięcioosobowych drużyn ze szkół podstawowych najlepsza okazała się reprezentacja Sierockiego przed szkołą z Zębu i szkołą nr 8 z Zakopanego.,Wśród pięcioosobowych drużyn ze szkół podstawowych najlepsza okazał się reprezentacja Sierockiego przed szkołą z Zębu i szkołą nr 8 z Zakopanego.
Dwójka ratowników wyruszyła śmigłowcem na patrol.,Dwójka ratowników wyruszył śmigłowcem na patrol.
Pojawiła się również wzmianka o niej w listach Leibniza z roku 1715.,Pojawił się również wzmianka o niej w listach Leibniza z roku 1715.
"Obecną nazwę otrzymała w roku 1836, ale jeszcze długo występowała w literaturze fachowej pod innymi nazwami: kubocykloidy lub tetrakuspidy.","Obecną nazwę otrzymał w roku 1836, ale jeszcze długo występowała w literaturze fachowej pod innymi nazwami: kubocykloidy lub tetrakuspidy."
Idea tomografii komputerowej (CT) zrodziła się w dwóch odległych od medycyny dyscyplinach naukowych - astronomii i matematyce.,Idea tomografii komputerowej (CT) zrodził się w dwóch odległych od medycyny dyscyplinach naukowych - astronomii i matematyce.
"Analiza spektrometryczna wykazała, że jego skład izotopowy jest typowy dla procesów reaktorowych, a nie wybuchu jądrowego.","Analiza spektrometryczna wykazał, że jego skład izotopowy jest typowy dla procesów reaktorowych, a nie wybuchu jądrowego."
"NASA wystrzeliła nowego satelitę TRMM (Tropical Rainfall Measuring Mission), z którym wiąże się ogromne nadzieje na skuteczne przewidywanie cyklonów tropikalnych.","NASA wystrzelił nowego satelitę TRMM (Tropical Rainfall Measuring Mission), z którym wiąże się ogromne nadzieje na skuteczne przewidywanie cyklonów tropikalnych."
Rada Trzech rozwiązała się.,Rada Trzech rozwiązał się.
Ale skąd się ona wzięła na kursie Ziemi?,Ale skąd się ona wziął na kursie Ziemi?
"Dzięki inicjatywie ""Uniwersytet przy Trakcie Królewskim"", podjętej przez pierwszego premiera rządu III RP Tadeusza Mazowieckiego, uczelnia otrzymała nowe budynki (gmach przy ul. Mokotowskiej, dom przy ul. Żurawiej i inne).","Dzięki inicjatywie ""Uniwersytet przy Trakcie Królewskim"", podjętej przez pierwszego premiera rządu III RP Tadeusza Mazowieckiego, uczelnia otrzymał nowe budynki (gmach przy ul. Mokotowskiej, dom przy ul. Żurawiej i inne)."
"Uzyskała też możliwość wykorzystywania wpływów z wynajmu pomieszczeń w dawnym gmachu KC PZPR, użytkowanym obecnie przez Centrum Bankowo-Finansowe,dzięki czemu rozpoczęto realizację marzeń wielu pokoleń - budowę nowego gmachu Biblioteki Uniwersyteckiej.","Uzyskał też możliwość wykorzystywania wpływów z wynajmu pomieszczeń w dawnym gmachu KC PZPR, użytkowanym obecnie przez Centrum Bankowo-Finansowe,dzięki czemu rozpoczęto realizację marzeń wielu pokoleń - budowę nowego gmachu Biblioteki Uniwersyteckiej."
"W czasie niedawnego lądowania Pathfindera na Marsie NASA przygotowała trójwymiarowe sprawozdanie, na gorąco retransmitowane w Internecie do 17 ""zwierciadłowych"" komputerów rozrzuconych po całym świecie.","W czasie niedawnego lądowania Pathfindera na Marsie NASA przygotował trójwymiarowe sprawozdanie, na gorąco retransmitowane w Internecie do 17 ""zwierciadłowych"" komputerów rozrzuconych po całym świecie."
"Jedna z nich odbyła się w płońskiej Galerii ""P"".","Jedna z nich odbył się w płońskiej Galerii ""P""."
Potem straciłam Adama Humięckiego z oczu na wiele lat i nie wiedziałam co się z nim dzieje.,Potem stracił m Adama Humięckiego z oczu na wiele lat i nie wiedziała m co się z nim dzieje.
"- Nagle znalazłam się bez pracy, przeżywałam trudne dni.","- Nagle znalazł m się bez pracy, przeżywała m trudne dni."
W styczniu ub. r. trafiła ona do mławskiego szpitala.,W styczniu ub. r. trafił ona do mławskiego szpitala.
"Młoda pianistka zaczęła recital od Bacha, swego ukochanego kompozytora.","Młoda pianistka zaczął recital od Bacha, swego ukochanego kompozytora."
Wypowiedź jednego z robotników pracujących przy drodze zupełnie poraziła.,Wypowiedź jednego z robotników pracujących przy drodze zupełnie poraził.
- Wojna wzbudziła we mnie ogromny lęk.,- Wojna wzbudził we mnie ogromny lęk.
Tam przygarnęła nas bardzo zacna rodzina.,Tam przygarnął nas bardzo zacna rodzina.
"Rada Powiatu, stosunkiem głosów 13 za i 8 wstrzymujących się, uznała za zasadną skargę Jadwigi i Mariana Płodziszewskich na działalność dyrektora I LO Janusza Łoniewskiego.","Rada Powiatu, stosunkiem głosów 13 za i 8 wstrzymujących się, uznał za zasadną skargę Jadwigi i Mariana Płodziszewskich na działalność dyrektora I LO Janusza Łoniewskiego."
"- Wuju Wojtku – zapytała Asia, moja siedmioletnia siostrzenica.","- Wuju Wojtku – zapytał Asia, moja siedmioletnia siostrzenica."
"Podobna dyskusja wywiązała się podczas omawiania projektu uchwały o sprzedaży nieruchomości przy ul. Wyspiańskiego 11a, użytkowanej przez Społeczną Szkołę Podstawową i Społeczne Gimnazjum.","Podobna dyskusja wywiązał się podczas omawiania projektu uchwały o sprzedaży nieruchomości przy ul. Wyspiańskiego 11a, użytkowanej przez Społeczną Szkołę Podstawową i Społeczne Gimnazjum."
Na drugi dzień kobieta przyjechała na rowerze do miejscowego posterunku komendy i nie narzekała na ból.,Na drugi dzień kobieta przyjechał na rowerze do miejscowego posterunku komendy i nie narzekała na ból.
"Prababcia Julianna doczekała wnuczki (córka Jerzego i Zofii) i dwóch wnuków, czterech prawnuczek i trzech prawnuków, może doczeka się praprawnuczka.","Prababcia Julianna doczekał wnuczki (córka Jerzego i Zofii) i dwóch wnuków, czterech prawnuczek i trzech prawnuków, może doczeka się praprawnuczka."
Dostałam medal „Za zasługi dla Ciechanowa”.,Dostał m medal „Za zasługi dla Ciechanowa”.
Wychowałam tam 10 specjalistów chirurgii dziecięcej.,Wychował m tam 10 specjalistów chirurgii dziecięcej.
"A ordynator oddziału noworodków przyznała się, iż w swojej dotychczasowej praktyce zawodowej nie spotkała jeszcze dziecka z taką wadą...","A ordynator oddziału noworodków przyznał się, iż w swojej dotychczasowej praktyce zawodowej nie spotkała jeszcze dziecka z taką wadą..."
"Przekazująca nam tę informację skarbnik stwierdziła, że wójt Gruduska od razu należną mu kwotę przeznaczył na zakup krzeseł do wiejskich świetlic i remiz Ochotniczej Straży Pożarnej.","Przekazująca nam tę informację skarbnik stwierdził, że wójt Gruduska od razu należną mu kwotę przeznaczył na zakup krzeseł do wiejskich świetlic i remiz Ochotniczej Straży Pożarnej."
Śmierć Papieża zasmuciła wszystkich...,Śmierć Papieża zasmucił wszystkich...
"Rodzina Jana Wiśniewskiego składająca się z trzech pracujących osób wypracowała 1005 dniówek obrachunkowych, za które otrzymała: 95 q zboża, 300 kg cukru, 172 q ziemniaków i 600 zł gotówką.","Rodzina Jana Wiśniewskiego składająca się z trzech pracujących osób wypracował 1005 dniówek obrachunkowych, za które otrzymała: 95 q zboża, 300 kg cukru, 172 q ziemniaków i 600 zł gotówką."
"Frekwencja dopisała bardziej niż w ubiegłym roku, ale nie czas na odtrąbienie sukcesu.","Frekwencja dopisał bardziej niż w ubiegłym roku, ale nie czas na odtrąbienie sukcesu."
"Ze swej funkcji, z dniem 31 sierpnia, zrezygnowała dyrektor Szkoły Podstawowej w Turzu.","Ze swej funkcji, z dniem 31 sierpnia, zrezygnował dyrektor Szkoły Podstawowej w Turzu."
"W składzie nowej piętnastoosobowej Rady Muzeum Zamkowego w Pszczynie znalazła się Joanna Muszała-Ciałowicz, dyrektor raciborskiego Muzeum, jednocześnie miejski konserwator zabytków.","W składzie nowej piętnastoosobowej Rady Muzeum Zamkowego w Pszczynie znalazł się Joanna Muszała-Ciałowicz, dyrektor raciborskiego Muzeum, jednocześnie miejski konserwator zabytków."
Krzyżanowice 30 stycznia odbyła się kolejna sesja Rady Gminy.,Krzyżanowice 30 stycznia odbył się kolejna sesja Rady Gminy.
Gmina otrzymała z budżetu wojewody 10 tys. zł na pokrycie kosztów oświetlenia ulic i placów.,Gmina otrzymał z budżetu wojewody 10 tys. zł na pokrycie kosztów oświetlenia ulic i placów.
"W turnieju dziewcząt do 14 lat mistrzynią Raciborza została Sabina Warta KKT Kędzierzyn Koźle (27 miejsce na liście PZT), wychowanka trenera M. Swadźby, od roku grająca w Kędzierzynie.","W turnieju dziewcząt do 14 lat mistrzynią Raciborza został Sabina Warta KKT Kędzierzyn Koźle (27 miejsce na liście PZT), wychowanka trenera M. Swadźby, od roku grająca w Kędzierzynie."
"W finale pokonała ona zawodniczkę Mostostalu Zabrze Manuelę Jaworską 6/2, 6/3.","W finale pokonał ona zawodniczkę Mostostalu Zabrze Manuelę Jaworską 6/2, 6/3."
"Trzecie miejsce zajęła Marta Galicka z TKKF Rafako, a czwarte Hanczerowska Martyna z MSzT Racibórz.","Trzecie miejsce zajął Marta Galicka z TKKF Rafako, a czwarte Hanczerowska Martyna z MSzT Racibórz."
Na 50-metrowej pływalni wystartowała dwójka zawodników „Victorii” Racibórz.,Na 50-metrowej pływalni wystartował dwójka zawodników „Victorii” Racibórz.
Oczka otworzyłam po raz pierwszy 18 lutego o godz. 13.28.,Oczka otworzył m po raz pierwszy 18 lutego o godz. 13.28.
Imprezę otworzyła gospodarz obiektu „Beskid Brenna” Urszula Maryanek.,Imprezę otworzył gospodarz obiektu „Beskid Brenna” Urszula Maryanek.
Na finał z przedstawicielami Urzędu Gminy Brenna wręczyła puchary i dyplomy.,Na finał z przedstawicielami Urzędu Gminy Brenna wręczył puchary i dyplomy.
"Na przestrzeni ostatnich 15 lat ponad dwukrotnie zwiększyła się liczba osób, które leczą się w poradniach zdrowia psychicznego.","Na przestrzeni ostatnich 15 lat ponad dwukrotnie zwiększył się liczba osób, które leczą się w poradniach zdrowia psychicznego."
W kategorii dziewcząt zwyciężyła Marta Galicka (SP 15).,W kategorii dziewcząt zwyciężył Marta Galicka (SP 15).
"Drugie miejsce wywalczyła Agata Morka (SP 13), trzecie Magda Węgrzyk (SP 11), a czwarte Joanna Popadiuk (SP 18).","Drugie miejsce wywalczył Agata Morka (SP 13), trzecie Magda Węgrzyk (SP 11), a czwarte Joanna Popadiuk (SP 18)."
"Jednostka otrzymała też nowy sztandar, który uroczyście został przekazany strażakom przez Alojzego Gąsiorczyka, prezesa Zarządu Wojewódzkiego ZOSP RP.","Jednostka otrzymał też nowy sztandar, który uroczyście został przekazany strażakom przez Alojzego Gąsiorczyka, prezesa Zarządu Wojewódzkiego ZOSP RP."
"Nowelizacja ustawy o gospodarce nieruchomościami zmieniła przepisy odnoszące się do sytuacji, gdy właściciel wykupionego od miasta mieszkania sprzeda je na wolnym rynku.","Nowelizacja ustawy o gospodarce nieruchomościami zmienił przepisy odnoszące się do sytuacji, gdy właściciel wykupionego od miasta mieszkania sprzeda je na wolnym rynku."
Rada Powiatu przekazała kolejne pieniądze na pomoc gminom poszkodowanym wskutek przejścia trąby powietrznej – Koszęcinowi i Blachowni.,Rada Powiatu przekazał kolejne pieniądze na pomoc gminom poszkodowanym wskutek przejścia trąby powietrznej – Koszęcinowi i Blachowni.
Komisja rewizyjna rady powiatowej zawnioskowała o udzielenie absolutorium i przesłała stosowny wniosek do Regionalnej Izby Obrachunkowej w Bydgoszczy.,Komisja rewizyjna rady powiatowej zawnioskował o udzielenie absolutorium i przesłała stosowny wniosek do Regionalnej Izby Obrachunkowej w Bydgoszczy.
"Ich drużyna po dobrym meczu, pechowo straciła ""głupią"" bramkę w końcówce spotkania, a na wyrównanie zabrakło już czasu.","Ich drużyna po dobrym meczu, pechowo stracił ""głupią"" bramkę w końcówce spotkania, a na wyrównanie zabrakło już czasu."
"W swym drugim spotkaniu STS Salsa przegrała 1:2 z Kamieniem Krajeńskim (21:25, 25:21 i 8:15).","W swym drugim spotkaniu STS Salsa przegrał 1:2 z Kamieniem Krajeńskim (21:25, 25:21 i 8:15)."
Powołana przez burmistrza komisja dokonała kontroli w Ośrodku.,Powołana przez burmistrza komisja dokonał kontroli w Ośrodku.
Po końcowym gwizdku arbitra w ekipie gości zapanowała zrozumiała euforia.,Po końcowym gwizdku arbitra w ekipie gości zapanował zrozumiała euforia.
"Reprezentacja Polski Służby Więziennej z Piotrem Wronką w składzie wywalczyła tytuł wicemistrza Europy w mistrzostwach, który odbyły się w dniach 1-3 czerwca w Czechach.","Reprezentacja Polski Służby Więziennej z Piotrem Wronką w składzie wywalczył tytuł wicemistrza Europy w mistrzostwach, który odbyły się w dniach 1-3 czerwca w Czechach."
Drużyna Płomienia Kcynia nie zdołała przechylić szali zwycięstwa na swoją stronę w meczu z Gwiazdą Bukowiec.,Drużyna Płomienia Kcynia nie zdołał przechylić szali zwycięstwa na swoją stronę w meczu z Gwiazdą Bukowiec.
"O końcowym wyniku zadecydowała trzecia ""ćwiartka"", którą Novum zdecydowanie rozstrzygnęło na swoją korzyść.","O końcowym wyniku zadecydował trzecia ""ćwiartka"", którą Novum zdecydowanie rozstrzygnęło na swoją korzyść."
"- Poprzez te programy chcieliśmy, aby dzieci dowiedziały się o zasadach higieny, a rodzice o profilaktyce szczepienia przeciw żółtaczce - oznajmiła Aleksandra Oleksy.","- Poprzez te programy chcieli śmy , aby dzieci dowiedziały się o zasadach higieny, a rodzice o profilaktyce szczepienia przeciw żółtaczce - oznajmił Aleksandra Oleksy."
"- W akcji tej odnotowano 12 zgłoszeń - wyjaśniła sekretarz miasta i gminy w Nakle, Halina Dobert.","- W akcji tej odnotowano 12 zgłoszeń - wyjaśnił sekretarz miasta i gminy w Nakle, Halina Dobert."
- Koszty transportu sfinansowane zostały ze środków Gminnego Funduszu Ochrony Środowiska i Gospodarki Wodnej na 2002 r - dodała.,- Koszty transportu sfinansowane zostały ze środków Gminnego Funduszu Ochrony Środowiska i Gospodarki Wodnej na 2002 r - dodał.
Cała sprawa rozpoczęła się w trakcie rutynowej kontroli w sklepie w Suchej.,Cała sprawa rozpoczął się w trakcie rutynowej kontroli w sklepie w Suchej.
Wtedy wywiązała się szarpanina między nimi a grupką mieszkańców Suchej.,Wtedy wywiązał się szarpanina między nimi a grupką mieszkańców Suchej.
W kościele pw. Bożego Ciała odbyła się Msza św.,W kościele pw. Bożego Ciała odbył się Msza św.
Policja postawiła mu w ostatnim czasie zarzut poświadczenia nieprawdy w dokumentach.,Policja postawił mu w ostatnim czasie zarzut poświadczenia nieprawdy w dokumentach.
"Jadwiga Lipkowska, jedyna żyjąca maturzystka z 1939 roku, przysłała list z Warszawy.","Jadwiga Lipkowska, jedyna żyjąca maturzystka z 1939 roku, przysłał list z Warszawy."
"To właśnie ona odsłoniła tablicę pamiątkową, która zostanie wmurowana w hallu szkoły.","To właśnie ona odsłonił tablicę pamiątkową, która zostanie wmurowana w hallu szkoły."
W ostatnim dniu października 45-osobowa grupa uczniów Zespołu Szkół Licealnych i Agrotechnicznych wzięła udział w międzynarodowym konkursie języków obcych.,W ostatnim dniu października 45-osobowa grupa uczniów Zespołu Szkół Licealnych i Agrotechnicznych wziął udział w międzynarodowym konkursie języków obcych.
W kościele pw. Bożego Ciała odbyła się Msza św.,W kościele pw. Bożego Ciała odbył się Msza św.
Zgłosiłam problem do Urzędu Miasta.,Zgłosił m problem do Urzędu Miasta.
"Trzecia odsłona spotkania rozpoczęła się od kilku przechwytów rybniczan i odrabiania strat, co po trzypunktowej (2+1) akcji Wojciecha Kukuczki pozwoliło im na objęcie po raz pierwszy w tym meczu prowadzenia 57:56.","Trzecia odsłona spotkania rozpoczął się od kilku przechwytów rybniczan i odrabiania strat, co po trzypunktowej (2+1) akcji Wojciecha Kukuczki pozwoliło im na objęcie po raz pierwszy w tym meczu prowadzenia 57:56."
Młoda kobieta skoczyła z ostatniej kondygnacji Focus Parku.,Młoda kobieta skoczył z ostatniej kondygnacji Focus Parku.
"Zdecydowana większość uczestników imprezy założyła numerki startowe, by po prostu dobrze się bawić w ten piękny listopadowy dzień.","Zdecydowana większość uczestników imprezy założył numerki startowe, by po prostu dobrze się bawić w ten piękny listopadowy dzień."
Niezadowolona klientka otrzymała właśnie odmowę uznania reklamacji.,Niezadowolona klientka otrzymał właśnie odmowę uznania reklamacji.
"Wysłałam już pisma do rzecznika praw konsumenta, marszałka województwa mazowieckiego (biuro Pegaz Touristik znajduje się w Warszawie – red.) oraz do Polskiej Izby Turystycznej.","Wysłał m już pisma do rzecznika praw konsumenta, marszałka województwa mazowieckiego (biuro Pegaz Touristik znajduje się w Warszawie – red.) oraz do Polskiej Izby Turystycznej."
"Rybnicka straż pożarna zawiadomiła prokuraturę o możliwości popełnienia przestępstwa przez służby, które powinny dbać o przewody kominowe w bloku przy ulicy Kościuszki.","Rybnicka straż pożarna zawiadomił prokuraturę o możliwości popełnienia przestępstwa przez służby, które powinny dbać o przewody kominowe w bloku przy ulicy Kościuszki."
"Według tamtejszej prokuratury, 34- -letnia Barbara N., będąca w ostatnich dniach ciąży, przyjechała tam, aby urodzić dziecko, które miało trafić do niemieckiej pary w zamian za 10 tys. euro.","Według tamtejszej prokuratury, 34- -letnia Barbara N., będąca w ostatnich dniach ciąży, przyjechał tam, aby urodzić dziecko, które miało trafić do niemieckiej pary w zamian za 10 tys. euro."
"To ona wysłała producenta filmowego do Agory po 17,5 mln dolarów.","To ona wysłał producenta filmowego do Agory po 17,5 mln dolarów."
"Prokuratura orzekła, że jest niepoczytalny.","Prokuratura orzekł, że jest niepoczytalny."
"Bardzo szybko dostałam odpowiedź, że umowa pana Józefa została rozliczona, a do niego samego wysłano już pismo w tej sprawie.","Bardzo szybko dostał m odpowiedź, że umowa pana Józefa została rozliczona, a do niego samego wysłano już pismo w tej sprawie."
"Pomimo przeciwności losu, gorzkich słów niedowiarków, obawy bliskich Martyna Wojciechowska (31 l.) wczoraj rano stanęła na szczycie Mount Everestu.","Pomimo przeciwności losu, gorzkich słów niedowiarków, obawy bliskich Martyna Wojciechowska (31 l.) wczoraj rano stanął na szczycie Mount Everestu."
"Dwadzieścia lat temu przeprowadziła się do Marchwacza, niedaleko Kalisza.","Dwadzieścia lat temu przeprowadził się do Marchwacza, niedaleko Kalisza."
"Zamieszkała w budynku, w którym mieści się szkoła podstawowa i tam rozpoczęła pracę jako nauczycielka.","Zamieszkał w budynku, w którym mieści się szkoła podstawowa i tam rozpoczęła pracę jako nauczycielka."
Dramatem zakończyła się nocna kąpiel dwóch mieszkańców Białegostoku.,Dramatem zakończył się nocna kąpiel dwóch mieszkańców Białegostoku.
"Gdy po półgodzinie nie wrócili, żona jednego z nich wezwała na pomoc policję.","Gdy po półgodzinie nie wrócili, żona jednego z nich wezwał na pomoc policję."
Do komendy policji w Olsztynie zgłosiła się matka aktorki.,Do komendy policji w Olsztynie zgłosił się matka aktorki.
- Zgłosiła naruszenie nietykalności cielesnej.,- Zgłosił naruszenie nietykalności cielesnej.
Ilu prezesów pani przetrzymała?,Ilu prezesów pani przetrzymał?
"Nowa partia Polskie Stronnictwo Ludowe ""Piast"" powstała w niedzielę w Wierzchosławicach k. Tarnowa, rodzinnej miejscowości Wincentego Witosa, twórcy polskiego ruchu ludowego.","Nowa partia Polskie Stronnictwo Ludowe ""Piast"" powstał w niedzielę w Wierzchosławicach k. Tarnowa, rodzinnej miejscowości Wincentego Witosa, twórcy polskiego ruchu ludowego."
Siła uderzenia wbiła renaulta w innego tira.,Siła uderzenia wbił renaulta w innego tira.
W rozbite pojazdy uderzyła jeszcze jedna ciężarówka.,W rozbite pojazdy uderzył jeszcze jedna ciężarówka.
"Jednocześnie policja poinformowała, że w różnych częściach stolicy Iraku odnaleziono 10 ciał mężczyzn.","Jednocześnie policja poinformował, że w różnych częściach stolicy Iraku odnaleziono 10 ciał mężczyzn."
"Kobieta schowała gotówkę do torebki, ale zanim wstała, przywitali ją policjanci po cywilnemu.","Kobieta schował gotówkę do torebki, ale zanim wstała, przywitali ją policjanci po cywilnemu."
Wczoraj należąca do Metro Group sieć handlowa Real ogłosiła przejęcie od firmy Casino polskiej sieci francuskiego Geanta.,Wczoraj należąca do Metro Group sieć handlowa Real ogłosił przejęcie od firmy Casino polskiej sieci francuskiego Geanta.
"Wszczęła je warszawska prokuratura, która chce sprawdzić, czy z pieniędzy z PZU finansowano kampanię prezydencką Donalda Tuska (PO).","Wszczął je warszawska prokuratura, która chce sprawdzić, czy z pieniędzy z PZU finansowano kampanię prezydencką Donalda Tuska (PO)."
Prawa ręka Andrzeja Leppera i absolwentka moskiewskiej psychologii została wicemarszałkiem Sejmu.,Prawa ręka Andrzeja Leppera i absolwentka moskiewskiej psychologii został wicemarszałkiem Sejmu.
Zrobiła swoje.,Zrobił swoje.
Policja zatrzymała go wiosną ubiegłego roku.,Policja zatrzymał go wiosną ubiegłego roku.
Jolanta Żeleńska już we wrześniu ub. roku dostała wymówienie.,Jolanta Żeleńska już we wrześniu ub. roku dostał wymówienie.
Pani Jolanta - szefowa Stowarzyszenia Kupców Ulicy Piotrkowskiej - odmówiła.,Pani Jolanta - szefowa Stowarzyszenia Kupców Ulicy Piotrkowskiej - odmówił.
"Została w pustym sklepie, którego szyby są szczelnie zaklejone papierami, a na drzwiach wisi ciężka kłódka.","Został w pustym sklepie, którego szyby są szczelnie zaklejone papierami, a na drzwiach wisi ciężka kłódka."
Celników kontrolujących kierowcę TIR-a zaskoczyła autentyczność dokumentów.,Celników kontrolujących kierowcę TIR-a zaskoczył autentyczność dokumentów.
"Państwowa Komisja Wyborcza przyjęła sprawozdanie Henryki Bochniarz, Marka Borowskiego, Lecha Kaczyńskiego, Jarosława Kalinowskiego, Adama Słomki i Stanisława Tymińskiego.","Państwowa Komisja Wyborcza przyjął sprawozdanie Henryki Bochniarz, Marka Borowskiego, Lecha Kaczyńskiego, Jarosława Kalinowskiego, Adama Słomki i Stanisława Tymińskiego."
U sześciu pozostałych kandydatów dopatrzyła się nieprawidłowości.,U sześciu pozostałych kandydatów dopatrzył się nieprawidłowości.
"Dlatego telewizja publiczna w kraju, w którym islam wyznawany jest przez większość, zdecydowała się zdjąć bajkę z anteny.","Dlatego telewizja publiczna w kraju, w którym islam wyznawany jest przez większość, zdecydował się zdjąć bajkę z anteny."
Ta rzuciła słuchawką.,Ta rzucił słuchawką.
W wypadku na miejscu zginęła 19-letnia dziewczyna kierująca toyotą corollą oraz 23-letni mężczyzna.,W wypadku na miejscu zginął 19-letnia dziewczyna kierująca toyotą corollą oraz 23-letni mężczyzna.
"Z łącznej kwoty, wynoszącej blisko 5 mln zł, firma Allianz wypłaciła poszkodowanym ponad 2,5 mln zł.","Z łącznej kwoty, wynoszącej blisko 5 mln zł, firma Allianz wypłacił poszkodowanym ponad 2,5 mln zł."
Pomyliła się.,Pomylił się.
Inaczej trafiłaby do sądu.,Inaczej trafił by do sądu.
"Świąteczna sobota spowodowała, że zapowiadana na 15 sierpnia akcja zatrzymywania i deportacji nielegalnie pracujących w naszym kraju nie doszła do skutku.","Świąteczna sobota spowodował, że zapowiadana na 15 sierpnia akcja zatrzymywania i deportacji nielegalnie pracujących w naszym kraju nie doszła do skutku."
"Akcja, wraz z porządkowaniem i zabezpieczeniem zgliszcz zakończyła się o 5.23.","Akcja, wraz z porządkowaniem i zabezpieczeniem zgliszcz zakończył się o 5.23."
Na desperacki krok zdecydowała się 19-letnia mieszkanka Radymna.,Na desperacki krok zdecydował się 19-letnia mieszkanka Radymna.
21 grudnia około godz. 17 dziewczyna położyła się na torach tuż przed nadjeżdżającym pociągiem.,21 grudnia około godz. 17 dziewczyna położył się na torach tuż przed nadjeżdżającym pociągiem.
"- W poniedziałek poszłam do lekarza ogólnego, który skierował mnie do chirurga.","- W poniedziałek poszedł m do lekarza ogólnego, który skierował mnie do chirurga."
"Mając w ręku szczegółową obdukcję lekarską oraz zdjęcia doznanych obrażeń Alina F. złożyła 19 bm. w Prokuraturze Rejonowej w Brzozowie pisemne zawiadomienie o przestępstwie stwierdzając, że została bezpodstawnie zatrzymana przez policję i że policjanci użyli wobec niej siły.","Mając w ręku szczegółową obdukcję lekarską oraz zdjęcia doznanych obrażeń Alina F. złożył 19 bm. w Prokuraturze Rejonowej w Brzozowie pisemne zawiadomienie o przestępstwie stwierdzając, że została bezpodstawnie zatrzymana przez policję i że policjanci użyli wobec niej siły."
Komisja Dyscyplinarna II Instancji przy Ministrze Spraw Wewnętrznych i Administracji uchyliła orzeczenie wydane przez komisję działającą w Urzędzie Wojewódzkim w Przemyślu.,Komisja Dyscyplinarna II Instancji przy Ministrze Spraw Wewnętrznych i Administracji uchylił orzeczenie wydane przez komisję działającą w Urzędzie Wojewódzkim w Przemyślu.
"Wcześniej z podejrzeń oczyściła ją również Prokuratura Rejonowa w Przemyślu, ponieważ w czynnościach wykonywanych przez urzędniczkę nie dopatrzyła się przestępstwa.","Wcześniej z podejrzeń oczyścił ją również Prokuratura Rejonowa w Przemyślu, ponieważ w czynnościach wykonywanych przez urzędniczkę nie dopatrzyła się przestępstwa."
"Przez świat przetoczyła się lawina protestów przeciwko krwawej lekcji demokracji, jakiej udzielają Irakowi USA.","Przez świat przetoczył się lawina protestów przeciwko krwawej lekcji demokracji, jakiej udzielają Irakowi USA."
Telewizja publiczna przemilczała rocznicę wyzwolenia stolicy.,Telewizja publiczna przemilczał rocznicę wyzwolenia stolicy.
"- Gdyby ci ktoś przed rokiem powiedział, że dwukrotnie staniesz w Trieście na najwyższym stopniu podium, uznałabyś go za wariata?","- Gdyby ci ktoś przed rokiem powiedział, że dwukrotnie staniesz w Trieście na najwyższym stopniu podium, uznał by ś go za wariata?"
- Jako osoba delikatna nie powiedziałabyś bowiem ostrego słowa.,- Jako osoba delikatna nie powiedział by ś bowiem ostrego słowa.
"WOJNA zabrała nam prawie 40 proc. majątku narodowego gromadzonego, przez liczne pokolenia.","WOJNA zabrał nam prawie 40 proc. majątku narodowego gromadzonego, przez liczne pokolenia."
Rządząca Warszawą prawica dopięła swego - nietuzinkowe miejsce zostało zamknięte.,Rządząca Warszawą prawica dopiął swego - nietuzinkowe miejsce zostało zamknięte.
Na rynku pojawiła się nowa zaprawa do ocieplania budynków Ceresit CT 85 ZIMA.,Na rynku pojawił się nowa zaprawa do ocieplania budynków Ceresit CT 85 ZIMA.
"Grażyna Sosnowska, konsul generalny Polski w Malmoe, zaznaczyła, że akcja ratownicza była bardzo trudna, bo panowały złe warunki pogodowe.","Grażyna Sosnowska, konsul generalny Polski w Malmoe, zaznaczył, że akcja ratownicza była bardzo trudna, bo panowały złe warunki pogodowe."
Za to właśnie rada nadzorcza PZU zawiesiła Jamrożego w obowiązkach prezesa.,Za to właśnie rada nadzorcza PZU zawiesił Jamrożego w obowiązkach prezesa.
"Razem z nimi pojawiła się również amerykańska pielęgniarka, która przez jakiś czas będzie pomagać w opiece nad dziećmi.","Razem z nimi pojawił się również amerykańska pielęgniarka, która przez jakiś czas będzie pomagać w opiece nad dziećmi."
Część senatorów zgłosiła jednak wniosek mniejszości.,Część senatorów zgłosił jednak wniosek mniejszości.
"W styczniu ubiegłego roku weszła w życie reforma administracyjna kraju, która podzieliła Polskę na nowe województwa oraz powiaty.","W styczniu ubiegłego roku wszedł w życie reforma administracyjna kraju, która podzieliła Polskę na nowe województwa oraz powiaty."
"Wczoraj Komisja Krajowa „Solidarności"" wezwała do zdyscyplinowania posłów.","Wczoraj Komisja Krajowa „Solidarności"" wezwał do zdyscyplinowania posłów."
"Część Romów wycofała jednak zeznania, bo obawia się zemsty tego człowieka.","Część Romów wycofał jednak zeznania, bo obawia się zemsty tego człowieka."
Marszałek Senatu Alicja Grześkowiak zwróciła się o wyjaśnienie tej sprawy do Trybunału Konstytucyjnego.,Marszałek Senatu Alicja Grześkowiak zwrócił się o wyjaśnienie tej sprawy do Trybunału Konstytucyjnego.
"Prokuratura wszczęła je po otrzymaniu w 1996 r. raportu nadzwyczajnej komisji sejmowej poseł Lucyny Pietrzyk (PSL) powołanej do zbadania działań UOP w sprawie ""Olina"".","Prokuratura wszczął je po otrzymaniu w 1996 r. raportu nadzwyczajnej komisji sejmowej poseł Lucyny Pietrzyk (PSL) powołanej do zbadania działań UOP w sprawie ""Olina""."
"Komisja oceniła, że Milczanowski i funkcjonariusze urzędu popełnili przestępstwo.","Komisja ocenił, że Milczanowski i funkcjonariusze urzędu popełnili przestępstwo."
Sprawa trafiła do NSA.,Sprawa trafił do NSA.
"Później prokuratura potwierdziła, że odnaleziono dwie wyrzutnie, makietę rakiety Grom.","Później prokuratura potwierdził, że odnaleziono dwie wyrzutnie, makietę rakiety Grom."
"Polska wreszcie przełamała zły los, a Andrzej Wajda otrzymał Oscara.","Polska wreszcie przełamał zły los, a Andrzej Wajda otrzymał Oscara."
"Nieuzasadniona nerwowość naszych klientów naraziła ich jedynie na niepotrzebne straty, ponieważ część z nich wycofała wkłady terminowe, tracąc prawo do wyższego oprocentowania.","Nieuzasadniona nerwowość naszych klientów naraził ich jedynie na niepotrzebne straty, ponieważ część z nich wycofała wkłady terminowe, tracąc prawo do wyższego oprocentowania."
"Studiując pamiętniki mordercy, które znaleziono w jego domku, prokuratura doszła jednak do wniosku, że Kaczynski nie jest pasjonatem przyrody, opanowanym antycywilizacyjną obsesją, a cynicznym i działającym z zimną krwią mordercą.","Studiując pamiętniki mordercy, które znaleziono w jego domku, prokuratura doszedł jednak do wniosku, że Kaczynski nie jest pasjonatem przyrody, opanowanym antycywilizacyjną obsesją, a cynicznym i działającym z zimną krwią mordercą."
"W 1980 roku fartuch podarłam, żeby mężczyznom kokardki szyć na ""Solidarność"" .","W 1980 roku fartuch podarł m , żeby mężczyznom kokardki szyć na ""Solidarność"" ."
A teraz bym opluła.,A teraz by m opluł.
"W wydanym wczoraj oświadczeniu Rada podkreśliła, że wstrzymanie wykonania koncesji, gdy jednocześnie toleruje się działalność piratów, niszczy podstawy ładu w eterze.","W wydanym wczoraj oświadczeniu Rada podkreślił, że wstrzymanie wykonania koncesji, gdy jednocześnie toleruje się działalność piratów, niszczy podstawy ładu w eterze."
- Po co znowu przyszłaś?,- Po co znowu przyszedł ś ?
Prokuratura przekazała już do sądu sprawę przeciw dr. inż. Ryszardowi K. z Wyższej Szkoły Morskiej.,Prokuratura przekazał już do sądu sprawę przeciw dr. inż. Ryszardowi K. z Wyższej Szkoły Morskiej.
Afera Watergate - tak nazywał się budynek z siedzibą Partii Demokratycznej - w końcu doprowadziła do dymisji prezydenta Richarda Nixona.,Afera Watergate - tak nazywał się budynek z siedzibą Partii Demokratycznej - w końcu doprowadził do dymisji prezydenta Richarda Nixona.
"W ustnym uzasadnieniu dyrektorka szkoły podała, że powodem jest rażące zaniedbanie obowiązków wychowawcy klasy, podważanie autorytetu nauczyciela religii w obecności dzieci oraz organizowanie zajęć z dziećmi niezgodnych z deklaracją rodziców dotyczącą nauczania religii katolickiej.","W ustnym uzasadnieniu dyrektorka szkoły podał, że powodem jest rażące zaniedbanie obowiązków wychowawcy klasy, podważanie autorytetu nauczyciela religii w obecności dzieci oraz organizowanie zajęć z dziećmi niezgodnych z deklaracją rodziców dotyczącą nauczania religii katolickiej."
Pani katechetka rozpętała aferę.,Pani katechetka rozpętał aferę.
- Prokuratura stołeczna równolegle z UOP wszczęła śledztwo w sprawie przecieków.,- Prokuratura stołeczna równolegle z UOP wszczął śledztwo w sprawie przecieków.
I to ona stała się jedynym dysponentem informacji o wynikach śledztwa.,I to ona stał się jedynym dysponentem informacji o wynikach śledztwa.
"Kobieta, która odebrała telefon, powiedziała: ""nie wymieniaj nazwiska"" .","Kobieta, która odebrała telefon, powiedział: ""nie wymieniaj nazwiska"" ."
"Potem zapytała, skąd dzwoni.","Potem zapytał, skąd dzwoni."
"""Następnym razem nie dzwoń z domu"" - rzuciła.","""Następnym razem nie dzwoń z domu"" - rzucił."
"Pani z jamnikiem spytała Kuronia, czy to jego samochód.","Pani z jamnikiem spytał Kuronia, czy to jego samochód."
"- Blisko mieszkam - powiedziała pani ""Gazecie"" - i często sobie miło z Kuroniem rozmawiam.","- Blisko mieszkam - powiedział pani ""Gazecie"" - i często sobie miło z Kuroniem rozmawiam."
- Zadzwoniła do mnie o czwartej w nocy 1 stycznia 1959 roku.,- Zadzwonił do mnie o czwartej w nocy 1 stycznia 1959 roku.
"""Oni uciekli"" - powiedziała szlochając.","""Oni uciekli"" - powiedział szlochając."
"""Kto? "" - zapytałam.","""Kto? "" - zapytał m ."
"Przewodnicząca komisji ustawodawczej Teresa Liszcz (PC) powiedziała ""Gazecie"" , że jeśli praca połączonych komisji sprawiedliwości, ustawodawczej, administracji i obrony narodowej będzie przebiegała normalnie, to ostateczny projekt powinien być gotowy za dwa miesiące.","Przewodnicząca komisji ustawodawczej Teresa Liszcz (PC) powiedział ""Gazecie"" , że jeśli praca połączonych komisji sprawiedliwości, ustawodawczej, administracji i obrony narodowej będzie przebiegała normalnie, to ostateczny projekt powinien być gotowy za dwa miesiące."
- To musi być pomyłka - zaprotestowała Halina.,- To musi być pomyłka - zaprotestował Halina.
- Moich zawodników zdopingowała wczorajsza porażka Górnika z Jeziorakiem.,- Moich zawodników zdopingował wczorajsza porażka Górnika z Jeziorakiem.
Specjalna podkomisja sejmowa zakończyła już prace nad projektem ustawy.,Specjalna podkomisja sejmowa zakończył już prace nad projektem ustawy.
"Wprawdzie liczba ludzi bez pracy zmalała ostatnio tylko o 1,4 tys. (do 2,94 mln), ale jest to najniższy poziom bezrobocia od pięciu miesięcy.","Wprawdzie liczba ludzi bez pracy zmalał ostatnio tylko o 1,4 tys. (do 2,94 mln), ale jest to najniższy poziom bezrobocia od pięciu miesięcy."
Zachorowała na raka.,Zachorował na raka.
"Jeszcze wcześniej, w 1985 roku, w górach zginęła jego matka - przewodniczka i instruktorka narciarska.","Jeszcze wcześniej, w 1985 roku, w górach zginął jego matka - przewodniczka i instruktorka narciarska."
"Stojąca w bramie Dozorczyni, natychmiast przycisnęła go do ściany i wykręciła ręce.","Stojąca w bramie Dozorczyni, natychmiast przycisnął go do ściany i wykręciła ręce."
"- Napad! - zaczęła alarmować, kiedy Mister O'Goreck nie mógł już zrobić ruchu.","- Napad! - zaczął alarmować, kiedy Mister O'Goreck nie mógł już zrobić ruchu."
Dlaczego więc ewolucja zdobyła się na taki luksus?,Dlaczego więc ewolucja zdobył się na taki luksus?
Próba obalenia rządu ujawniła dziwne mechanizmy istniejące w naszym państwie.,Próba obalenia rządu ujawnił dziwne mechanizmy istniejące w naszym państwie.
"Najwięcej statków straciła Panama - osiem, Cypr - siedem, Liberia - pięć i Malta - cztery.","Najwięcej statków stracił Panama - osiem, Cypr - siedem, Liberia - pięć i Malta - cztery."
Polska ambasada zorganizowała dla nich konferencję prasową.,Polska ambasada zorganizował dla nich konferencję prasową.
"Innym razem pojechała z Kaharem do portu Xiamen na południu Chin, gdzie kupili trzy japońskie magnetowidy.","Innym razem pojechał z Kaharem do portu Xiamen na południu Chin, gdzie kupili trzy japońskie magnetowidy."
"Kobieta wróciła do domu, zadzwoniła do córki: - Oni mi grożą.","Kobieta wrócił do domu, zadzwoniła do córki: - Oni mi grożą."
"Przyszła Stasi: - Pani złamała nakaz milczenia, pani jest wrogiem państwa, wyciągniemy konsekwencje.","Przyszedł Stasi: - Pani złamała nakaz milczenia, pani jest wrogiem państwa, wyciągniemy konsekwencje."
"W roku 1997 za rolę w ""Wezwaniu"" Jadwiga Jankowska-Cieślak dostała nagrodę na festiwalu w Gdyni.","W roku 1997 za rolę w ""Wezwaniu"" Jadwiga Jankowska-Cieślak dostał nagrodę na festiwalu w Gdyni."
"Giełda ogłosiła oficjalnie, że pełną gotowość systemu przywrócono dopiero w nocy.","Giełda ogłosił oficjalnie, że pełną gotowość systemu przywrócono dopiero w nocy."
Polska zobowiązała się już nie podnosić i tak wysokich ceł na zboża.,Polska zobowiązał się już nie podnosić i tak wysokich ceł na zboża.
Tu wszyscy są o tak - powiedziała mi młoda protestantka Emma wyciągając zaciągniętą pięść.,Tu wszyscy są o tak - powiedział mi młoda protestantka Emma wyciągając zaciągniętą pięść.
"Przed tygodniem McAfee Associates zaprezentowała program antywirusowy o nazwie WebScan, który bada oprogramowanie ściągane z Internetu, zanim zostanie załadowane do komputera.","Przed tygodniem McAfee Associates zaprezentował program antywirusowy o nazwie WebScan, który bada oprogramowanie ściągane z Internetu, zanim zostanie załadowane do komputera."
"Czy nastąpiła jakaś zmiana we włoskiej rzeczywistości, a może to ogólniejsza tendencja przemian w kulturze?","Czy nastąpił jakaś zmiana we włoskiej rzeczywistości, a może to ogólniejsza tendencja przemian w kulturze?"
"Łucznikowi nie wyszła też na dobre współpraca z Universalem, za pośrednictwem którego sprzedawał maszyny do szycia i importował materiały oraz części.","Łucznikowi nie wyszedł też na dobre współpraca z Universalem, za pośrednictwem którego sprzedawał maszyny do szycia i importował materiały oraz części."
"Po 6,5-godzinnej burzliwej dyskusji sejmowa komisja kultury przyjęła wczoraj projekt budżetu kultury i budżetu radia i telewizji.","Po 6,5-godzinnej burzliwej dyskusji sejmowa komisja kultury przyjął wczoraj projekt budżetu kultury i budżetu radia i telewizji."
"Jedno wystawiła Kancelaria Prezydenta RP, drugie minister spraw zagranicznych Andrzej Olechowski.","Jedno wystawił Kancelaria Prezydenta RP, drugie minister spraw zagranicznych Andrzej Olechowski."
- Tak trzeba - powiedziała.,- Tak trzeba - powiedział.
"Tak rozpoczęła się dyskusja, której rozmiary i temperatura były bez precedensu w historii RFN.","Tak rozpoczął się dyskusja, której rozmiary i temperatura były bez precedensu w historii RFN."
"Natomiast dr Gręziak powiedziała wczoraj, że zapłodnienie pozaustrojowe - choć umożliwia zajście w ciążę - w ogóle nie jest leczeniem niepłodności.","Natomiast dr Gręziak powiedział wczoraj, że zapłodnienie pozaustrojowe - choć umożliwia zajście w ciążę - w ogóle nie jest leczeniem niepłodności."
Wyraźnie zmalała inflacja.,Wyraźnie zmalał inflacja.
Najciekawsza rozmowa zaczęła się przypadkiem na jednym z rautów.,Najciekawsza rozmowa zaczął się przypadkiem na jednym z rautów.
"Zagrała mroczna, szeleszcząca jak pustynny piasek muzyka Koniecznego, a między jeżdżącymi w górę i w dół częściami scenografii Mądzika poczęły się majestatycznie przesuwać piękne kostiumy Zofii de Ines, ledwo, ledwo wyłaniające się z mroków, na tyle jednak, abyśmy docenili wysmakowany projekt.","Zagrał mroczna, szeleszcząca jak pustynny piasek muzyka Koniecznego, a między jeżdżącymi w górę i w dół częściami scenografii Mądzika poczęły się majestatycznie przesuwać piękne kostiumy Zofii de Ines, ledwo, ledwo wyłaniające się z mroków, na tyle jednak, aby śmy docenili wysmakowany projekt."
Administracja Lecha Wałęsy nie przewidziała w nim puli na nagradzanie wyróżniających się młodych Polaków.,Administracja Lecha Wałęsy nie przewidział w nim puli na nagradzanie wyróżniających się młodych Polaków.
"Unia dostała siedem resortów, w tym - co najbardziej zbulwersowało posłów AWS - Ministerstwo Sprawiedliwości.","Unia dostał siedem resortów, w tym - co najbardziej zbulwersowało posłów AWS - Ministerstwo Sprawiedliwości."
"Czy Unia postawiła warunek: wasz marszałek, nasz minister sprawiedliwości?","Czy Unia postawił warunek: wasz marszałek, nasz minister sprawiedliwości?"
Jego pracownica skinęła głową.,Jego pracownica skinął głową.
Zaczęła wykradać.,Zaczął wykradać.
- Najbardziej prawdopodobną przyczyną pożaru we wrocławskim Teatrze Polskim jest podpalenie - powiedziała nam wczoraj prowadząca śledztwo Lidia Opacka z Prokuratury Wojewódzkiej we Wrocławiu.,- Najbardziej prawdopodobną przyczyną pożaru we wrocławskim Teatrze Polskim jest podpalenie - powiedział nam wczoraj prowadząca śledztwo Lidia Opacka z Prokuratury Wojewódzkiej we Wrocławiu.
- Ale nie można tak twierdzić na pewno - zastrzegła.,- Ale nie można tak twierdzić na pewno - zastrzegł.
"Takie plany zdobywania trzech największych miast wschodniej Czeczenii: Gudermes, Argun i Szali istnieją - poinformowała wczoraj agencja Interfax.","Takie plany zdobywania trzech największych miast wschodniej Czeczenii: Gudermes, Argun i Szali istnieją - poinformował wczoraj agencja Interfax."
"Gdyby SLD namówił Unię Wolności, koalicja SLD-UW-PSL (nazywana ""konstytucyjną"" ) zebrałaby 251 mandatów.","Gdyby SLD namówił Unię Wolności, koalicja SLD-UW-PSL (nazywana ""konstytucyjną"" ) zebrał by 251 mandatów."
"Polska Ludowa postawiła sobie za cel, aby w każdej chłopskiej chacie zapalała się żarówka"" .","Polska Ludowa postawił sobie za cel, aby w każdej chłopskiej chacie zapalała się żarówka"" ."
"W lipcu policja odkryła w jednym z gliwickich mieszkań magazyn fałszywych banknotów o nominałach 100, 50 i 20 dolarów.","W lipcu policja odkrył w jednym z gliwickich mieszkań magazyn fałszywych banknotów o nominałach 100, 50 i 20 dolarów."
"Gdy wychodzili z restauracji, podeszła do nich rosyjska przewodniczka wycieczki.","Gdy wychodzili z restauracji, podszedł do nich rosyjska przewodniczka wycieczki."
- Nie wolno wychodzić - powiedziała.,- Nie wolno wychodzić - powiedział.
"Brigitte Bardot zaczęła bronić zwierząt histerycznie, szlachetne intencje popsuły się i pogniły jak robaczywe jabłka.","Brigitte Bardot zaczął bronić zwierząt histerycznie, szlachetne intencje popsuły się i pogniły jak robaczywe jabłka."
Gwiazda przemieniła się w inkwizytora.,Gwiazda przemienił się w inkwizytora.
- Około 6 tys. zł - policzyła sprzedawczyni.,- Około 6 tys. zł - policzył sprzedawczyni.
"Gdybym nie miała córki i wnuków, to bym sobie pozwoliła zwariować.","Gdyby m nie miała córki i wnuków, to by m sobie pozwolił zwariować."
"Pani Czapkowa zaścieliła stół świeżą ceratą, podała kotlety z dzika, a po obiedzie odbyło się sympozjum.","Pani Czapkowa zaścielił stół świeżą ceratą, podała kotlety z dzika, a po obiedzie odbyło się sympozjum."
"Jego rada wojenna ostrzegła Moskwę, że wszystkie samoloty przelatujące nad Czeczenią będą przechwytywane przez czeczeńskie lotnictwo.","Jego rada wojenna ostrzegł Moskwę, że wszystkie samoloty przelatujące nad Czeczenią będą przechwytywane przez czeczeńskie lotnictwo."
"Zaimponowała mi też wersja sosu pomidorowego all'amatricane - na bekonie, podanego z bucatini, czyli długim, cienkim makaronem rurkowym.","Zaimponował mi też wersja sosu pomidorowego all'amatricane - na bekonie, podanego z bucatini, czyli długim, cienkim makaronem rurkowym."
"Polska ambasada w Pradze przysłała wiadomość, że projekt czeskiego budżetu '97 przewiduje zwiększenie wydatków mieszkaniowych o 42 proc.","Polska ambasada w Pradze przysłał wiadomość, że projekt czeskiego budżetu '97 przewiduje zwiększenie wydatków mieszkaniowych o 42 proc."
"Poprzednia uchwała wygasła w 2006 roku, a nowa powiększy strefę w której ulgi mają obowiązywać, ze ścisłego centrum do obszaru pokrywającego się ze strefą płatnego parkowania.","Poprzednia uchwała wygasł w 2006 roku, a nowa powiększy strefę w której ulgi mają obowiązywać, ze ścisłego centrum do obszaru pokrywającego się ze strefą płatnego parkowania."
"Jako trzecia weszła do półfinału Nidzica Cudzynowice, po zwycięstwie nad Grellandem Paśmiechy 4:2 (Piotr Klimczyk 2, Paweł Kwiecień, Marcin Nowicki - Dariusz Cieśla, Gabriel Garbarz).","Jako trzecia wszedł do półfinału Nidzica Cudzynowice, po zwycięstwie nad Grellandem Paśmiechy 4:2 (Piotr Klimczyk 2, Paweł Kwiecień, Marcin Nowicki - Dariusz Cieśla, Gabriel Garbarz)."
"W sobotę zakończyła się ""złota seria"" Wisły.","W sobotę zakończył się ""złota seria"" Wisły."
"Tylko najmłodszej dziewczynce, Oliwce, nie spodobała się bluza, jaką dostała.","Tylko najmłodszej dziewczynce, Oliwce, nie spodobał się bluza, jaką dostała."
"Doba wystarczyła policjantom, aby ustalić i zatrzymać sprawcę piątkowego napadu na Urząd Pocztowy w Jarosławiu.","Doba wystarczył policjantom, aby ustalić i zatrzymać sprawcę piątkowego napadu na Urząd Pocztowy w Jarosławiu."
"Druga część obchodów święta wojska polskiego okazała się prawdziwym rajem dla mężczyzn, małych i dużych!","Druga część obchodów święta wojska polskiego okazał się prawdziwym rajem dla mężczyzn, małych i dużych!"
"W ubiegłe lato, ta sama firma, która źle ułożyła bruk za pierwszym razem, przełożyła granitową kostkę, ""mieszając"" ją z betonowymi płytkami.","W ubiegłe lato, ta sama firma, która źle ułożyła bruk za pierwszym razem, przełożył granitową kostkę, ""mieszając"" ją z betonowymi płytkami."
"Nowa nawierzchnia pojawiła się nie tylko wokół fontanny, ale również w parkowych alejkach.","Nowa nawierzchnia pojawił się nie tylko wokół fontanny, ale również w parkowych alejkach."
"Naczepa pękła w połowie, ale ładunek nie wysypał się na zewnątrz.","Naczepa pękł w połowie, ale ładunek nie wysypał się na zewnątrz."
"Na własne oczy przekonałam się, że zdarzają się kolejki do Izby Wytrzeźwień.","Na własne oczy przekonał m się, że zdarzają się kolejki do Izby Wytrzeźwień."
"Dowiedziałam się też, że psy strażników są bardzo groźne - siniak na ręce, od uderzenia kagańcem, utrzyma się pewnie jeszcze kilka dni.","Dowiedział m się też, że psy strażników są bardzo groźne - siniak na ręce, od uderzenia kagańcem, utrzyma się pewnie jeszcze kilka dni."
Policja pomocy jednak odmówiła: - To nie jest nasza sprawa.,Policja pomocy jednak odmówił: - To nie jest nasza sprawa.
"Budowa nowego domu pomocy ruszyła w 2001 roku, lecz niedługo potem - głównie ze względu na brak pieniędzy - prace zostały przerwane.","Budowa nowego domu pomocy ruszył w 2001 roku, lecz niedługo potem - głównie ze względu na brak pieniędzy - prace zostały przerwane."
W Europie Toyota po raz pierwszy pokazała ten samochód w ubiegłym roku podczas salonu motoryzacyjnego w Bolonii.,W Europie Toyota po raz pierwszy pokazał ten samochód w ubiegłym roku podczas salonu motoryzacyjnego w Bolonii.
- Apteka zachowała się niedobrze.,- Apteka zachował się niedobrze.
"Sześć zarzutów o charakterze korupcyjnym postawiła wrocławska prokuratura zatrzymanemu we wtorek rano, byłemu II-ligowemu sędziemu piłkarskiemu Januszowi O. z Radomia.","Sześć zarzutów o charakterze korupcyjnym postawił wrocławska prokuratura zatrzymanemu we wtorek rano, byłemu II-ligowemu sędziemu piłkarskiemu Januszowi O. z Radomia."
Zwyciężyła Monika Lasek z Małogoszcza.,Zwyciężył Monika Lasek z Małogoszcza.
"Myślę, że uczniowie byli zadowoleni, najbardziej bowiem bali się rozprawki - poinformowała po zakończonym egzaminie wicedyrektor szkoły Marzena Guldzińska.","Myślę, że uczniowie byli zadowoleni, najbardziej bowiem bali się rozprawki - poinformował po zakończonym egzaminie wicedyrektor szkoły Marzena Guldzińska."
Polonia w ostatnim swoim występie mocno rozczarowała.,Polonia w ostatnim swoim występie mocno rozczarował.
"W pierwszej rundzie Pucharu Polski w środę przegrała z trzecioligową Stalą w Sanoku 0:2, wyraźnie ustępując zespołowi z Podkarpacia.","W pierwszej rundzie Pucharu Polski w środę przegrał z trzecioligową Stalą w Sanoku 0:2, wyraźnie ustępując zespołowi z Podkarpacia."
Podczas ostatnich wyborów wygrała tutaj socjaldemokracja.,Podczas ostatnich wyborów wygrał tutaj socjaldemokracja.
"W ciągu kilku dni na terminalu powstała kolejka około stu tirów, których kierowcy nie posiadali zezwolenia na przejazd albo mieli zezwolenia sfałszowane.","W ciągu kilku dni na terminalu powstał kolejka około stu tirów, których kierowcy nie posiadali zezwolenia na przejazd albo mieli zezwolenia sfałszowane."
A jednak i dla Mister O'Gorcka zaświtała w końcu nadzieja na poprawę.,A jednak i dla Mister O'Gorcka zaświtał w końcu nadzieja na poprawę.
Błyskawiczna wędrówka w górę Okocimia-2 wzbudziła podejrzenia Zarządu Giełdy.,Błyskawiczna wędrówka w górę Okocimia-2 wzbudził podejrzenia Zarządu Giełdy.
W tych miastach znaczne wpływy zdobyła sobie wiara protestancka.,W tych miastach znaczne wpływy zdobył sobie wiara protestancka.
"""Gazeta"" dotarła do oryginalnego tekstu wystąpienia rosyjskiego generała.","""Gazeta"" dotarł do oryginalnego tekstu wystąpienia rosyjskiego generała."
"Pocięła atlas na kawałki, skleiła trasę Amelii i powiesiła w swoim pokoju.","Pociął atlas na kawałki, skleiła trasę Amelii i powiesiła w swoim pokoju."
"Jej córka skwitowała to krótko: - Myślałam, że mama zwariowała.","Jej córka skwitował to krótko: - Myślała m , że mama zwariowała."
"A jak weszła, to przeczytała, że piętnastowieczny Nawój miał dwóch synów: Jakuba i Jana.","A jak weszła, to przeczytał, że piętnastowieczny Nawój miał dwóch synów: Jakuba i Jana."
"Niestety (lub na szczęście) skotofobina, a wraz z nią cała teoria chemicznej natury engramu, okazała się niewypałem, gdyż wyników Ungara nie udało się potwierdzić.","Niestety (lub na szczęście) skotofobina, a wraz z nią cała teoria chemicznej natury engramu, okazał się niewypałem, gdyż wyników Ungara nie udało się potwierdzić."
"Pani Rędzińska zacytowała wypowiedź prokuratora wojewódzkiego w Słupsku, w którego ocenie policjanci nie dopełnili obowiązków służbowych, bo nie pozostali na miejscu.","Pani Rędzińska zacytował wypowiedź prokuratora wojewódzkiego w Słupsku, w którego ocenie policjanci nie dopełnili obowiązków służbowych, bo nie pozostali na miejscu."
Samotnie mieszkająca 83-letnia kobieta oddała napastnikom biżuterię oraz 500 dolarów amerykańskich i 1000 szwedzkich koron.,Samotnie mieszkająca 83-letnia kobieta oddał napastnikom biżuterię oraz 500 dolarów amerykańskich i 1000 szwedzkich koron.
"Od Sęków trąba przeszła do Chylińskich, którzy ledwie co skończyli obiad (kapuśniak i schabowy).","Od Sęków trąba przeszedł do Chylińskich, którzy ledwie co skończyli obiad (kapuśniak i schabowy)."
"Chylińska zdążyła tylko krzyknąć rozpaczliwie: ""Ludzie, koniec świata!"".","Chylińska zdążył tylko krzyknąć rozpaczliwie: ""Ludzie, koniec świata!""."
Ostatecznie komisja postanowiła zająć się problemem pomocy społecznej na najbliższym posiedzeniu - 13 czerwca.,Ostatecznie komisja postanowił zająć się problemem pomocy społecznej na najbliższym posiedzeniu - 13 czerwca.
"Dopiero kiedy wymknęło się jednej, że ""trzeba było oczyścić cały ten gnój"", druga ją zmitygowała, ale zaraz dodała: - Wie pan, powiem całkiem szczerze.","Dopiero kiedy wymknęło się jednej, że ""trzeba było oczyścić cały ten gnój"", druga ją zmitygował, ale zaraz dodała: - Wie pan, powiem całkiem szczerze."
Ja jednak wysiadłam z samolotu.,Ja jednak wysiadł m z samolotu.
"Bo w końcu i tak już dostatecznie dużo narobiłam sobie wrogów przez swoją porywczość, zawsze mówię to, co myślę, i mam niewyparzony język.","Bo w końcu i tak już dostatecznie dużo narobił m sobie wrogów przez swoją porywczość, zawsze mówię to, co myślę, i mam niewyparzony język."
"Sprawa trafiła do sądu, a olsztyńska Socjaldemokracja ją przegrała.","Sprawa trafił do sądu, a olsztyńska Socjaldemokracja ją przegrała."
Partia przegrała wielką kampanię antykościelną.,Partia przegrał wielką kampanię antykościelną.
Nasza owocowa potęga w dużym stopniu okazała się kolosem na glinianych nogach.,Nasza owocowa potęga w dużym stopniu okazał się kolosem na glinianych nogach.
"Według zgodnej opinii obserwatorów potwierdziła się po raz kolejny reguła, zgodnie z którą reprezentacja Niemiec to drużyna turniejowa, grająca z meczu na mecz lepiej.","Według zgodnej opinii obserwatorów potwierdził się po raz kolejny reguła, zgodnie z którą reprezentacja Niemiec to drużyna turniejowa, grająca z meczu na mecz lepiej."
"Komisja stwierdziła, że UOP działał zgodnie z prawem, co zresztą potwierdził sam prok. Gorzkiewicz.","Komisja stwierdził, że UOP działał zgodnie z prawem, co zresztą potwierdził sam prok. Gorzkiewicz."
"Jedna osoba zginęła, trzy zostały ranne.","Jedna osoba zginął, trzy zostały ranne."
Zanim z gór ruszyły zwały ziemi wiejskie zagrody zalała wezbrana rzeka Łososina Dolna.,Zanim z gór ruszyły zwały ziemi wiejskie zagrody zalał wezbrana rzeka Łososina Dolna.
"Za swe niepodważalne sukcesy: 3-procentowe bezrobocie czy 8,5-procentową inflację czeska prawica zapłaciła utratą części głosów.","Za swe niepodważalne sukcesy: 3-procentowe bezrobocie czy 8,5-procentową inflację czeska prawica zapłacił utratą części głosów."
Prężna niegdyś organizacja skurczyła się w pokoikach staromiejskiej willi pod numerem 635 78 40.,Prężna niegdyś organizacja skurczył się w pokoikach staromiejskiej willi pod numerem 635 78 40.
VF Polska zaczęła działalność w Polsce w październiku 1992 r.,VF Polska zaczął działalność w Polsce w październiku 1992 r.
"Bójka, jaka tam się rozpętała, spowodowała przyjazd policji i zamknięcie dyskoteki dwie godziny przed czasem.","Bójka, jaka tam się rozpętała, spowodował przyjazd policji i zamknięcie dyskoteki dwie godziny przed czasem."
Podczas wczorajszej próby generalnej ceremonii wręczania nagród Wisława Szymborska zachowała najwięcej zimnej krwi spośród wszystkich tegorocznych laureatów Nobla.,Podczas wczorajszej próby generalnej ceremonii wręczania nagród Wisława Szymborska zachował najwięcej zimnej krwi spośród wszystkich tegorocznych laureatów Nobla.
"W ten sposób koperta z pieniędzmi od czytelników ""Gazety Warmii i Mazur"" trafiła do Adama i Marii.","W ten sposób koperta z pieniędzmi od czytelników ""Gazety Warmii i Mazur"" trafił do Adama i Marii."
I chwała Bogu! - dodała matka.,I chwała Bogu! - dodał matka.
Przy pomocy inwestora firma uniezależniła się od dostawców drutu.,Przy pomocy inwestora firma uniezależnił się od dostawców drutu.
Około 1000 butelek podrabianego Johnnie Walkera zarekwirowała we wtorek policja w Poznaniu.,Około 1000 butelek podrabianego Johnnie Walkera zarekwirował we wtorek policja w Poznaniu.
"Mroczna historia odcisnęła swe piętno na wciąż żywych językach: irlandzkim, szkockim, walijskim, kornwalijskim.","Mroczna historia odcisnął swe piętno na wciąż żywych językach: irlandzkim, szkockim, walijskim, kornwalijskim."
Mary Robinson zdobyła w tym okresie uznanie jako wybitny znawca problemów harmonizowania prawa irlandzkiego i europejskiego.,Mary Robinson zdobył w tym okresie uznanie jako wybitny znawca problemów harmonizowania prawa irlandzkiego i europejskiego.
Na Monciaku - sopockim deptaku - przed wejściem na molo pojawiła się groźna konkurencja dla festiwalu.,Na Monciaku - sopockim deptaku - przed wejściem na molo pojawił się groźna konkurencja dla festiwalu.
Poważniejszej bójce zapobiegła interwencja kolegów z zespołu.,Poważniejszej bójce zapobiegł interwencja kolegów z zespołu.
"Tylko ambasada amerykańska podała, że rannych zostało troje Amerykanów.","Tylko ambasada amerykańska podał, że rannych zostało troje Amerykanów."
"Policja w Nepalu zatrzymała wczoraj 36-letniego Polaka, który na pokładzie samolotu lecącego do Tajlandii próbował przemycić 10 kilogramów haszyszu.","Policja w Nepalu zatrzymał wczoraj 36-letniego Polaka, który na pokładzie samolotu lecącego do Tajlandii próbował przemycić 10 kilogramów haszyszu."
Największa polska firma ubezpieczeniowa potwierdziła zainteresowanie zakupem.,Największa polska firma ubezpieczeniowa potwierdził zainteresowanie zakupem.
"Drugą nagrodę imienną dwudniówki - Jaguara - wygrała Freedom pod Kozłowskim, która po walce zwyciężyła niosącą o 5 kg więcej Nidelvę.","Drugą nagrodę imienną dwudniówki - Jaguara - wygrał Freedom pod Kozłowskim, która po walce zwyciężyła niosącą o 5 kg więcej Nidelvę."
"W końcu marca w Libanie odbyła się tajna narada przywódców ugrupowań terrorystycznych: al-Quaidy, Hamasu i Hezbollahu - podała amerykańska sieć ABC, powołując się na informacje z kół wywiadu.","W końcu marca w Libanie odbyła się tajna narada przywódców ugrupowań terrorystycznych: al-Quaidy, Hamasu i Hezbollahu - podał amerykańska sieć ABC, powołując się na informacje z kół wywiadu."
"W bagażach uczniów renomowanego XXVI Liceum Ogólnokształcącego z Łodzi, którzy jechali na wycieczkę do Trójmiasta, policja znalazła w środę narkotyki i 14 litrów alkoholu.","W bagażach uczniów renomowanego XXVI Liceum Ogólnokształcącego z Łodzi, którzy jechali na wycieczkę do Trójmiasta, policja znalazł w środę narkotyki i 14 litrów alkoholu."
W święto Bożego Ciała w Łowiczu odbyła się tradycyjna procesja eucharystyczna.,W święto Bożego Ciała w Łowiczu odbył się tradycyjna procesja eucharystyczna.
Po mszy świętej wyruszyła z bazyliki katedralnej i okrążyła Stary Rynek.,Po mszy świętej wyruszył z bazyliki katedralnej i okrążyła Stary Rynek.
"Miss Turcji pokonała Kolumbijkę Natalię Perelta i Miss Peru Marinę Morę Montero, które zajęły odpowiednio drugie i trzecie miejsce w finale konkursu, transmitowanego do 142 państw świata.","Miss Turcji pokonał Kolumbijkę Natalię Perelta i Miss Peru Marinę Morę Montero, które zajęły odpowiednio drugie i trzecie miejsce w finale konkursu, transmitowanego do 142 państw świata."
Niewytłumaczalna zbrodnia wstrząsnęła Polską.,Niewytłumaczalna zbrodnia wstrząsnął Polską.
5 września po południu 22-letnia Patrycja jak co dzień wyszła na spacer do lasu w Zakrzewie pod Poznaniem.,5 września po południu 22-letnia Patrycja jak co dzień wyszedł na spacer do lasu w Zakrzewie pod Poznaniem.
"Policja podała, że Niemcy znajdowali się poza wytyczonymi szlakami zjazdowymi.","Policja podał, że Niemcy znajdowali się poza wytyczonymi szlakami zjazdowymi."
"Inna lawina w Drefreggental we wschodnim Tyrolu przysypała siedmioosobową grupę austriackich narciarzy, również poruszających się poza wyznaczonymi szlakami.","Inna lawina w Drefreggental we wschodnim Tyrolu przysypał siedmioosobową grupę austriackich narciarzy, również poruszających się poza wyznaczonymi szlakami."
Niezwykle interesująca okazała się wizyta policjantów w mieszkaniach zatrzymanych.,Niezwykle interesująca okazał się wizyta policjantów w mieszkaniach zatrzymanych.
"Wczoraj Rada Europy przestrzegła, że ostatnie napięcia w Macedonii rodzą niebezpieczeństwo wybuchu nowej wojny na Bałkanach.","Wczoraj Rada Europy przestrzegł, że ostatnie napięcia w Macedonii rodzą niebezpieczeństwo wybuchu nowej wojny na Bałkanach."
"Około 50 osób przesłuchała do wczorajszego popołudnia policja w związku z sobotnim napadem na warszawską filię Kredyt Banku, w którym zastrzelono cztery osoby.","Około 50 osób przesłuchał do wczorajszego popołudnia policja w związku z sobotnim napadem na warszawską filię Kredyt Banku, w którym zastrzelono cztery osoby."
"Telewizyjna ""Panorama"" podała wczoraj, że zatrzymano 6 osób.","Telewizyjna ""Panorama"" podał wczoraj, że zatrzymano 6 osób."
"Niespodziewanym incydentem zakończyła się rozprawa w jednym z procesów, toczących się w tutejszym Sądzie Rejonowym.","Niespodziewanym incydentem zakończył się rozprawa w jednym z procesów, toczących się w tutejszym Sądzie Rejonowym."
"Poszła z własnej woli, gdyż dobrze go znała.","Poszedł z własnej woli, gdyż dobrze go znała."
"Msza kanonizacyjna odbyła się w bazylice Matki Bożej z Guadelupe, wzniesionej przy placu Zocalo, jednym z największych na świecie.","Msza kanonizacyjna odbył się w bazylice Matki Bożej z Guadelupe, wzniesionej przy placu Zocalo, jednym z największych na świecie."
Dziewczyna zwabiła Rafała R. do lasu pod Karpiówką.,Dziewczyna zwabił Rafała R. do lasu pod Karpiówką.
"W komitecie wspierającym odbudowę parku znalazła się m.in. Maria Wodzyńska-Walicka, ambasador Polski w Holandii oraz prezydenci partnerskich miast Cor de Vos oraz Janusz Grobel.","W komitecie wspierającym odbudowę parku znalazł się m.in. Maria Wodzyńska-Walicka, ambasador Polski w Holandii oraz prezydenci partnerskich miast Cor de Vos oraz Janusz Grobel."
Młodzież z Mełgwi otrzymała pełnowymiarową halę sportową.,Młodzież z Mełgwi otrzymał pełnowymiarową halę sportową.
Akt oskarżenia w tej sprawie Prokuratura Okręgowa skierowała do gdańskiego sądu rejonowego.,Akt oskarżenia w tej sprawie Prokuratura Okręgowa skierował do gdańskiego sądu rejonowego.
Sprawą zajęła się już prokuratura w Gryficach.,Sprawą zajął się już prokuratura w Gryficach.
W miniony czwartek - w asyście prokuratora i gryfińskich strażaków - policja przeszukała strych zlikwidowanej szkoły.,W miniony czwartek - w asyście prokuratora i gryfińskich strażaków - policja przeszukał strych zlikwidowanej szkoły.
"W Polsce uruchomiła już dwie fabryki, w Grójcu oraz koło Wałbrzycha.","W Polsce uruchomił już dwie fabryki, w Grójcu oraz koło Wałbrzycha."
"Łupem padła złota biżuteria - łańcuszek, zegarek damski marki Omega, dwie bransoletki, dwa naszyjniki, kilka pierścionków z różnymi kamieniami szlachetnymi, a także trzy lub cztery złote monety Republiki Południowej Afryki, dziesięć złotych pięciorublówek oraz dziesięć złotych blaszek dentystycznych.","Łupem padł złota biżuteria - łańcuszek, zegarek damski marki Omega, dwie bransoletki, dwa naszyjniki, kilka pierścionków z różnymi kamieniami szlachetnymi, a także trzy lub cztery złote monety Republiki Południowej Afryki, dziesięć złotych pięciorublówek oraz dziesięć złotych blaszek dentystycznych."
"Finanse sanepidu zbadała komisja, w skład której weszli przedstawiciele Wydziału Zdrowia i Opieki Społecznej UM, referaty kontroli dyrektora Biura Zarządu Miasta, a także działu kontroli budżetowej.","Finanse sanepidu zbadał komisja, w skład której weszli przedstawiciele Wydziału Zdrowia i Opieki Społecznej UM, referaty kontroli dyrektora Biura Zarządu Miasta, a także działu kontroli budżetowej."
W miniony czwartek KRRiTV zdecydowała się nie nakładać kar finansowych na obie stacje (wniosek o nałożenie kary w wysokości 1 mln zł dla TVN i 2 mln zł dla Polsatu złożył jeden z członków Rady Jarosław Sellin).,W miniony czwartek KRRiTV zdecydował się nie nakładać kar finansowych na obie stacje (wniosek o nałożenie kary w wysokości 1 mln zł dla TVN i 2 mln zł dla Polsatu złożył jeden z członków Rady Jarosław Sellin).
W niedzielę rano rozpoczęła się zapowiadana przez władze macedońskie ofensywa przeciwko albańskim separatystom działającym na północy kraju.,W niedzielę rano rozpoczął się zapowiadana przez władze macedońskie ofensywa przeciwko albańskim separatystom działającym na północy kraju.
"O godz. 7 rano czasu lokalnego (równego warszawskiemu) armia rozpoczęła ostrzał wzgórz położonych nieopodal miasta, na których znajdują się pozycje bojowników albańskiej Armii Wyzwolenia Narodowego (UCK).","O godz. 7 rano czasu lokalnego (równego warszawskiemu) armia rozpoczął ostrzał wzgórz położonych nieopodal miasta, na których znajdują się pozycje bojowników albańskiej Armii Wyzwolenia Narodowego (UCK)."
"Z nowym rokiem weszła w życie również ustawa o ochronie osób i mienia, która stawia przed osobami chcącymi pracować jako ochroniarze lub prowadzić agencję ochrony wyższe wymagania.","Z nowym rokiem wszedł w życie również ustawa o ochronie osób i mienia, która stawia przed osobami chcącymi pracować jako ochroniarze lub prowadzić agencję ochrony wyższe wymagania."
"Po serii wybuchów policja znalazła podejrzaną paczkę w centrum handlowym w dzielnicy finansowej Makati, gdzie nastąpiła już jedna eksplozja.","Po serii wybuchów policja znalazł podejrzaną paczkę w centrum handlowym w dzielnicy finansowej Makati, gdzie nastąpiła już jedna eksplozja."
Matka dopiero kilkanaście godzin po zniknięciu synów zgłosiła się po nich.,Matka dopiero kilkanaście godzin po zniknięciu synów zgłosił się po nich.
"W kategorii edukacja ekologiczna - Aleksandra Magdziarek, także z I LO w Zielonej Górze, za pracę ""Trzciel i okolice"" zdobyła czwartą nagrodę.","W kategorii edukacja ekologiczna - Aleksandra Magdziarek, także z I LO w Zielonej Górze, za pracę ""Trzciel i okolice"" zdobył czwartą nagrodę."
"W ubiegłym tygodniu Agencja Rynku Rolnego wystawiła groch konsumpcyjny w ilości 97 ton, którego cena wywoławcza podwyższona została z 740 do 750 zł za tonę.","W ubiegłym tygodniu Agencja Rynku Rolnego wystawił groch konsumpcyjny w ilości 97 ton, którego cena wywoławcza podwyższona została z 740 do 750 zł za tonę."
40-osobowa grupa chuliganów wywołała rozróbę przed sobotnim III-ligowym meczem piłki nożnej Lublinianki z Cracovią.,40-osobowa grupa chuliganów wywołał rozróbę przed sobotnim III-ligowym meczem piłki nożnej Lublinianki z Cracovią.
217 posiedzeń odbyła Rada Ministrów w ciągu czterech lat.,217 posiedzeń odbył Rada Ministrów w ciągu czterech lat.
Wszczęła też śledztwo w sprawie domniemanej korupcji w resorcie obrony.,Wszczął też śledztwo w sprawie domniemanej korupcji w resorcie obrony.
"Rejon katastrofy Kurska opuściła wielozadaniowa jednostka Mayo, która przywiozła na miejsce 80 osób załogi, w tym 25 nurków głębinowych, i bezzałogowy sprzęt.","Rejon katastrofy Kurska opuścił wielozadaniowa jednostka Mayo, która przywiozła na miejsce 80 osób załogi, w tym 25 nurków głębinowych, i bezzałogowy sprzęt."
Produkcja budowlano-montażowa zmniejszyła się w czerwcu br. o 10 proc. w porównaniu z tym samym miesiącem przed rokiem.,Produkcja budowlano-montażowa zmniejszył się w czerwcu br. o 10 proc. w porównaniu z tym samym miesiącem przed rokiem.
"Rzecznik przyznała, że ministerstwa generalnie krytykują założenia przygotowane przez ministra finansów Jarosława Bauca.","Rzecznik przyznał, że ministerstwa generalnie krytykują założenia przygotowane przez ministra finansów Jarosława Bauca."
"- W niektórych przypadkach resorty przedłożyły propozycje, które wręcz zwiększają wydatki budżetu w przyszłym roku - powiedziała Gieros.","- W niektórych przypadkach resorty przedłożyły propozycje, które wręcz zwiększają wydatki budżetu w przyszłym roku - powiedział Gieros."
"W pilskich mistrzostwach Polski ""błotniaków"" (8-9 bm.) w wyścigu juniorek sięgnęła po srebro.","W pilskich mistrzostwach Polski ""błotniaków"" (8-9 bm.) w wyścigu juniorek sięgnął po srebro."
Szopka na kółkach zajechała m.in. do pogotowia opiekuńczego.,Szopka na kółkach zajechał m.in. do pogotowia opiekuńczego.
Krakowska policja odnalazła ciało poszukiwanego od soboty noworodka z Nowej Huty.,Krakowska policja odnalazł ciało poszukiwanego od soboty noworodka z Nowej Huty.
"Wcześniej policja dotarła do mieszkania 36-letniej kobiety, matki siedmiorga dzieci, która ostatnio chodziła w widocznej ciąży, potem prawdopodobnie urodziła, ale dziecka nie miała.","Wcześniej policja dotarł do mieszkania 36-letniej kobiety, matki siedmiorga dzieci, która ostatnio chodziła w widocznej ciąży, potem prawdopodobnie urodziła, ale dziecka nie miała."
"Tragedia, która wstrząsnęła opinią publiczną, przyczyniła się do tego, że na nowo rozgorzała debata o karze śmierci.","Tragedia, która wstrząsnęła opinią publiczną, przyczynił się do tego, że na nowo rozgorzała debata o karze śmierci."
"Wezwana na miejsce żandarmeria wojskowa stwierdziła, że skrzynki, w których przechowywane były materiały wybuchowe, są puste.","Wezwana na miejsce żandarmeria wojskowa stwierdził, że skrzynki, w których przechowywane były materiały wybuchowe, są puste."
O sytuacji dzieci poinformowała szpital przypadkowa osoba.,O sytuacji dzieci poinformował szpital przypadkowa osoba.
"Amerykańska tenisistka Venus Williams - rozstawiona z nr 4 - obroniła w sobotę w Nowym Jorku tytuł zdobyty przed rokiem, wygrywając ostatni w tym sezonie turniej wielkoszlemowy US Open (z pulą nagród 15,8 mln dol.).","Amerykańska tenisistka Venus Williams - rozstawiona z nr 4 - obronił w sobotę w Nowym Jorku tytuł zdobyty przed rokiem, wygrywając ostatni w tym sezonie turniej wielkoszlemowy US Open (z pulą nagród 15,8 mln dol.)."
"W Gdańsku Gedania w kilkadziesiąt minut rozprawiła się z bielszczankami, w pierwszym secie wręcz deklasując rywalki.","W Gdańsku Gedania w kilkadziesiąt minut rozprawił się z bielszczankami, w pierwszym secie wręcz deklasując rywalki."
Uniemożliwiła mu to bardzo ofensywna postawa Raftera.,Uniemożliwił mu to bardzo ofensywna postawa Raftera.
"Choć zawodników było niewielu (36 mężczyzn i tylko 2 dziewczyny), to i tak w dwóch wagach wśród mężczyzn sytuacja na tyle się skomplikowała, że trzeba było przyjąć, że w 2000 roku będzie dwóch zdobywców Pucharu Polski w wagach 75 i 81 kg - triumfatorzy dwóch grup, na które startujących w tych kategoriach podzielono.","Choć zawodników było niewielu (36 mężczyzn i tylko 2 dziewczyny), to i tak w dwóch wagach wśród mężczyzn sytuacja na tyle się skomplikował, że trzeba było przyjąć, że w 2000 roku będzie dwóch zdobywców Pucharu Polski w wagach 75 i 81 kg - triumfatorzy dwóch grup, na które startujących w tych kategoriach podzielono."
"Kielecka prokuratura oskarżyła 60-letniego Andrzeja S. i 42-letnią Bożenę S. o to, że w 1995 roku odgrywali rolę pośredników i organizatorów transakcji kupna noworodka przez obywatela Szwecji.","Kielecka prokuratura oskarżył 60-letniego Andrzeja S. i 42-letnią Bożenę S. o to, że w 1995 roku odgrywali rolę pośredników i organizatorów transakcji kupna noworodka przez obywatela Szwecji."
"Wrocławska część konkursu zaskoczyła: do udziału zgłosiło swoje prace ponad 8 tysięcy przedszkolaków, uczniów szkół podstawowych, gimnazjów i szkół ponadpodstawowych.","Wrocławska część konkursu zaskoczył: do udziału zgłosiło swoje prace ponad 8 tysięcy przedszkolaków, uczniów szkół podstawowych, gimnazjów i szkół ponadpodstawowych."
"Impreza rozpoczęła się blokiem rozrywkowo-muzycznym dla najmłodszych, który z werwą poprowadziła Alicja Barach, szefowa zespołu dziecięcego ""Fryga"" z Wrocławia.","Impreza rozpoczął się blokiem rozrywkowo-muzycznym dla najmłodszych, który z werwą poprowadziła Alicja Barach, szefowa zespołu dziecięcego ""Fryga"" z Wrocławia."
"Sonja Ziemann, która mimo zaostrzonego stanu alergii i kłopotów z oczami wystąpiła na Scenie Miejskiej, poprosiła wrocławian, by przed obejrzeniem filmu, przez chwilę pomyśleli o jej mężu, Marku Hłasce.","Sonja Ziemann, która mimo zaostrzonego stanu alergii i kłopotów z oczami wystąpiła na Scenie Miejskiej, poprosił wrocławian, by przed obejrzeniem filmu, przez chwilę pomyśleli o jej mężu, Marku Hłasce."
W niedzielę o godz. 2.14 rozpoczęła się astronomiczna zima.,W niedzielę o godz. 2.14 rozpoczął się astronomiczna zima.
W tym roku prawdziwa zima wyprzedziła kalendarzową.,W tym roku prawdziwa zima wyprzedził kalendarzową.
Poczta Polska przygotowała specjalny datownik.,Poczta Polska przygotował specjalny datownik.
"Jedna przyznała, że zarobiła ok. 12 tys. złotych.","Jedna przyznał, że zarobiła ok. 12 tys. złotych."
"O zaginięciu Mariana K. policję zawiadomiła jego siostra Teodora, po mężu Sz.","O zaginięciu Mariana K. policję zawiadomił jego siostra Teodora, po mężu Sz."
"Jednak grecka policja imigracyjna zabroniła Polakom powrotu do kraju, gdyż nie mogli dokonać odprawy paszportowo-celnej.","Jednak grecka policja imigracyjna zabronił Polakom powrotu do kraju, gdyż nie mogli dokonać odprawy paszportowo-celnej."
Z tego powodu piosenkarka postanowiła pozwolić komputerowo zretuszować swój wygląd.,Z tego powodu piosenkarka postanowił pozwolić komputerowo zretuszować swój wygląd.
"Podczas realizacji najnowszego teledysku gwiazda poprosiła swój zespół do spraw kreacji, żeby poprawił jej wygląd.","Podczas realizacji najnowszego teledysku gwiazda poprosił swój zespół do spraw kreacji, żeby poprawił jej wygląd."
"Kula przebiła szybę w oknie, odbiła się od ściany i upadła na łóżko, w którym spał właściciel mieszkania.","Kula przebił szybę w oknie, odbiła się od ściany i upadła na łóżko, w którym spał właściciel mieszkania."
"Aktorka zaraziła się nią od byłego męża Tommy'ego Lee, kiedy oboje kazali wytatuować sobie ciała jedną igłą.","Aktorka zaraził się nią od byłego męża Tommy'ego Lee, kiedy oboje kazali wytatuować sobie ciała jedną igłą."
Policja zatrzymała 20 osób zbyt gorliwie hołdujących dyngusowej tradycji.,Policja zatrzymał 20 osób zbyt gorliwie hołdujących dyngusowej tradycji.
"Po kilku godzinach większość wycofała się, jednak co najmniej trzy czołgi pozostają na wzgórzu wznoszącym się nad Betlejem.","Po kilku godzinach większość wycofał się, jednak co najmniej trzy czołgi pozostają na wzgórzu wznoszącym się nad Betlejem."
Lubelska Spółdzielnia Mieszkaniowa jako pierwsza w Polsce zdobyła certyfikat jakości ISO 9001.,Lubelska Spółdzielnia Mieszkaniowa jako pierwsza w Polsce zdobył certyfikat jakości ISO 9001.
"Zapłaciła ponad 1300 dolarów, na szczęście za oceanem znalazła pracę.","Zapłacił ponad 1300 dolarów, na szczęście za oceanem znalazła pracę."
"Dziewczynka trafiła do szpitala, jej życiu nie zagraża niebezpieczeństwo.","Dziewczynka trafił do szpitala, jej życiu nie zagraża niebezpieczeństwo."
"W związku z przedłużaniem przez OPZZ procedur ratyfikowania tego dokumentu, Konfederacja przedstawiła uzgodniony projekt Komisji Trójstronnej i teraz tam toczy się nad nim dyskusja.","W związku z przedłużaniem przez OPZZ procedur ratyfikowania tego dokumentu, Konfederacja przedstawił uzgodniony projekt Komisji Trójstronnej i teraz tam toczy się nad nim dyskusja."
"Wybiegła za pieskiem, który czmychnął jej z podwórka.","Wybiegł za pieskiem, który czmychnął jej z podwórka."
"Dzisiaj (poniedziałek, 23 września) o godz. 5.55 czasu środkowoeuropejskiego (a godzinę później według obecnego czasu letniego) rozpoczęła się astronomiczna jesień.","Dzisiaj (poniedziałek, 23 września) o godz. 5.55 czasu środkowoeuropejskiego (a godzinę później według obecnego czasu letniego) rozpoczął się astronomiczna jesień."
"19-letnia mieszkanka Koszalina przekonała kolegów, aby pomogli jej oszukać bank.","19-letnia mieszkanka Koszalina przekonał kolegów, aby pomogli jej oszukać bank."
"Wykorzystując sfałszowany dowód osobisty założyła konto i wyłudziła z banku 5,5 tys. zł.","Wykorzystując sfałszowany dowód osobisty założył konto i wyłudziła z banku 5,5 tys. zł."
"Dzisiaj o godz. 5.30 w Nowym Warpnie Straż Graniczna zatrzymała 12 osób: 5 Czeczenów, 5 Afgańczyków i 2 obywateli Erytrei.","Dzisiaj o godz. 5.30 w Nowym Warpnie Straż Graniczna zatrzymał 12 osób: 5 Czeczenów, 5 Afgańczyków i 2 obywateli Erytrei."
Zorganizowała ją Wspólna Organizacja Interoceanmetal (IOM) z siedzibą w Szczecinie.,Zorganizował ją Wspólna Organizacja Interoceanmetal (IOM) z siedzibą w Szczecinie.
Panującej atmosferze uległa również obsada maszynowni.,Panującej atmosferze uległ również obsada maszynowni.
"O postawieniu zarzutu poinformowała w czwartek Prokuratura Apelacyjna w Warszawie, która nadzoruje tajne śledztwo prowadzone przez Prokuraturę Okręgową w Warszawie.","O postawieniu zarzutu poinformował w czwartek Prokuratura Apelacyjna w Warszawie, która nadzoruje tajne śledztwo prowadzone przez Prokuraturę Okręgową w Warszawie."
Złotówka straciła też na wartości w stosunku do euro.,Złotówka stracił też na wartości w stosunku do euro.
"Anonimowa ankieta przeprowadzona wśród gości baru wykazała, że szczególnie wstydliwe są kobiety.","Anonimowa ankieta przeprowadzona wśród gości baru wykazał, że szczególnie wstydliwe są kobiety."
Michelle pożegnała już Kubę.,Michelle pożegnał już Kubę.
"Elektroniczna budka informacyjna rozpoczęła wczoraj działanie u zbiegu ul. Marszałkowskiej i Alej Jerozolimskich, w pobliżu rotundy PKO.","Elektroniczna budka informacyjna rozpoczął wczoraj działanie u zbiegu ul. Marszałkowskiej i Alej Jerozolimskich, w pobliżu rotundy PKO."
Policja wszczęła śledztwo w sprawie wybuchu.,Policja wszczął śledztwo w sprawie wybuchu.
"Jak wstępnie ustaliła policja w Wejherowie, dziewczynka prawdopodobnie wyszła z domu w poniedziałek koło południa w poszukiwaniu matki.","Jak wstępnie ustaliła policja w Wejherowie, dziewczynka prawdopodobnie wyszedł z domu w poniedziałek koło południa w poszukiwaniu matki."
"Nowelizacja ustawy o zaopatrzeniu emerytalnym żołnierzy zawodowych dokonała zmiany zasad rozliczania emerytur i rent za rok 2000, nakazując rozliczanie nie według osiągniętych rzeczywistych dochodów, ale według wszystkich przychodów brutto.","Nowelizacja ustawy o zaopatrzeniu emerytalnym żołnierzy zawodowych dokonał zmiany zasad rozliczania emerytur i rent za rok 2000, nakazując rozliczanie nie według osiągniętych rzeczywistych dochodów, ale według wszystkich przychodów brutto."
Rada Ministrów odtajniła raport z kontroli przeprowadzonej w GROM jesienią 1999 r.,Rada Ministrów odtajnił raport z kontroli przeprowadzonej w GROM jesienią 1999 r.
"Pierwsze szacunki silnych wiatrów, które przeszły w tym tygodniu na Podlasiu przedstawiła dyrekcja lasów państwowych w Białymstoku.","Pierwsze szacunki silnych wiatrów, które przeszły w tym tygodniu na Podlasiu przedstawił dyrekcja lasów państwowych w Białymstoku."
"Oceniła, że powalonych zostało 300 tys. drzew.","Ocenił, że powalonych zostało 300 tys. drzew."
Sprawa już trafiła do sądu.,Sprawa już trafił do sądu.
Bogusława Sztorc ze Świebodzic wróciła z pracy do domu.,Bogusława Sztorc ze Świebodzic wrócił z pracy do domu.
"Zdaniem sędziego, najpiękniejsza okazała się właśnie Polka.","Zdaniem sędziego, najpiękniejsza okazał się właśnie Polka."
"Utalentowana artystka zachwyciła wszystkich, choć znalazł się mężczyzna, który niecelnie rzucał w nią jajkami.","Utalentowana artystka zachwycił wszystkich, choć znalazł się mężczyzna, który niecelnie rzucał w nią jajkami."
Sejmowa Komisja Etyki bez rozstrzygnięcia pozostawiła wniosek prezydium Sejmu w sprawie wygwizdania przez czterech posłów unijnego komisarza ds. rolnictwa Franza Fischlera.,Sejmowa Komisja Etyki bez rozstrzygnięcia pozostawił wniosek prezydium Sejmu w sprawie wygwizdania przez czterech posłów unijnego komisarza ds. rolnictwa Franza Fischlera.
"Komisja tak podzieliła się w głosowaniu w tej sprawie, że rozstrzygnięcie było niemożliwe - dwóch członków komisji było za ukaraniem gwiżdżących posłów, dwóch przeciw i jeden wstrzymał się od głosu.","Komisja tak podzielił się w głosowaniu w tej sprawie, że rozstrzygnięcie było niemożliwe - dwóch członków komisji było za ukaraniem gwiżdżących posłów, dwóch przeciw i jeden wstrzymał się od głosu."
"Krystyna Kofta ogłosiła, że przyjmuje na siebie misję walki o równouprawnienie Bożen z Krystynami i za dwa lata zaprosiła panie do Trójmiasta, by równość tę udowodnić.","Krystyna Kofta ogłosił, że przyjmuje na siebie misję walki o równouprawnienie Bożen z Krystynami i za dwa lata zaprosiła panie do Trójmiasta, by równość tę udowodnić."
"Przy ul. Powstańców Warszawy w Sopocie policja ujęła dwóch młodych mężczyzn, którzy posługiwali się fałszywą kartą telefoniczną, niezmiennie wykazującą 100 impulsów.","Przy ul. Powstańców Warszawy w Sopocie policja ujął dwóch młodych mężczyzn, którzy posługiwali się fałszywą kartą telefoniczną, niezmiennie wykazującą 100 impulsów."
"Policja ustaliła, że w rzeczywistości była to karta o zaledwie dwudziestu pięciu impulsach.","Policja ustalił, że w rzeczywistości była to karta o zaledwie dwudziestu pięciu impulsach."
"Pięciu laureatów wybrała kapituła konkursowa z listy nominowanych firm, rekomendowanych przez organizacje Sejmiku Gospodarczego.","Pięciu laureatów wybrał kapituła konkursowa z listy nominowanych firm, rekomendowanych przez organizacje Sejmiku Gospodarczego."
"Sztormowa pogoda na Morzu Bałtyckim przerwała akcję ratowania frachtowca Iran-Sarbas, któremu zepsuł się silnik niedaleko Uusikaupunki, 240 km na zachód od Helsinek.","Sztormowa pogoda na Morzu Bałtyckim przerwał akcję ratowania frachtowca Iran-Sarbas, któremu zepsuł się silnik niedaleko Uusikaupunki, 240 km na zachód od Helsinek."
Odręcznie napisany po arabsku list zaprezentowała katarska telewizja Al-Dżazira.,Odręcznie napisany po arabsku list zaprezentował katarska telewizja Al-Dżazira.
"Nilam Thukral, żona handlarza nieruchomościami, doznała szoku, gdy w niedzielę rano zobaczyła dzikie zwierzę, siedzące na progu domu.","Nilam Thukral, żona handlarza nieruchomościami, doznał szoku, gdy w niedzielę rano zobaczyła dzikie zwierzę, siedzące na progu domu."
"Zatrzasnęła drzwi i zaalarmowała męża oraz sąsiadów, którzy wypłoszyli lamparta.","Zatrzasnął drzwi i zaalarmowała męża oraz sąsiadów, którzy wypłoszyli lamparta."
W czwartek Prokuratura Okręgowa w Warszawie skierowała do sądu wniosek o aresztowanie.,W czwartek Prokuratura Okręgowa w Warszawie skierował do sądu wniosek o aresztowanie.
"PKW przyjęła kolejne zawiadomienia o zamiarze zgłoszenia kandydatów: od SLD-UP, PiS, Polskiej Partii Narodowej, Forum Emerytów i Rencistów oraz Konfederacji Antyliberalna Platforma KPN-OP.","PKW przyjął kolejne zawiadomienia o zamiarze zgłoszenia kandydatów: od SLD-UP, PiS, Polskiej Partii Narodowej, Forum Emerytów i Rencistów oraz Konfederacji Antyliberalna Platforma KPN-OP."
Ponadto PKW przyjęła zawiadomienie od komitetu wyborczego wyborców Henryka Kierzkowskiego - niezależnego kandydata na senatora.,Ponadto PKW przyjął zawiadomienie od komitetu wyborczego wyborców Henryka Kierzkowskiego - niezależnego kandydata na senatora.
"Pierwsza z nich otrzymała wyróżnienie za pomocniczy kocioł olejowy do statków, druga za serię maszyn pakujących towar w folię.","Pierwsza z nich otrzymał wyróżnienie za pomocniczy kocioł olejowy do statków, druga za serię maszyn pakujących towar w folię."
"Powiadomiła ona okręgowy inspektorat pracy, prosząc o odpowiedź na pytanie, czy tego typu system jest zgodny z zasadami współżycia społecznego, a w szczególności z polskim prawem pracy.","Powiadomił ona okręgowy inspektorat pracy, prosząc o odpowiedź na pytanie, czy tego typu system jest zgodny z zasadami współżycia społecznego, a w szczególności z polskim prawem pracy."
"Państwowa Inspekcja Pracy przeprowadziła kontrolę, ale w protokole pokontrolnym nie znalazło się wyjaśnienie satysfakcjonujące związkowców.","Państwowa Inspekcja Pracy przeprowadził kontrolę, ale w protokole pokontrolnym nie znalazło się wyjaśnienie satysfakcjonujące związkowców."
Rada zwróciła się więc do głównego inspektora pracy.,Rada zwrócił się więc do głównego inspektora pracy.
"Gmina przejęła właśnie od kuratorium domy dziecka, ośrodki szkolno-wychowawcze, dwa schroniska młodzieżowe i kilkanaście szkół ponadpodstawowych.","Gmina przejął właśnie od kuratorium domy dziecka, ośrodki szkolno-wychowawcze, dwa schroniska młodzieżowe i kilkanaście szkół ponadpodstawowych."
Zwycięskiego syberiana sprowadziła miesiąc temu ze Stanów Zjednoczonych.,Zwycięskiego syberiana sprowadził miesiąc temu ze Stanów Zjednoczonych.
"Starsza kobieta, niestety, uwierzyła w tę bajeczkę.","Starsza kobieta, niestety, uwierzył w tę bajeczkę."
Widząc to kobieta poważnie zaniepokoiła się.,Widząc to kobieta poważnie zaniepokoił się.
"Kobieta zachowała się bardzo lekkomyślnie, bo przechodziła przez ruchliwą jezdnię w miejscu niedozwolonym.","Kobieta zachował się bardzo lekkomyślnie, bo przechodziła przez ruchliwą jezdnię w miejscu niedozwolonym."
"Potrącona przez auto doznała urazów nogi, głowy i wstrząśnienia mózgu.","Potrącona przez auto doznał urazów nogi, głowy i wstrząśnienia mózgu."
Już w 15. minucie Stal objęła prowadzenie po strzale Grecha.,Już w 15. minucie Stal objął prowadzenie po strzale Grecha.
"Jedna z kul trafiła rykoszetem Stanisława W., ojca właściciela mieszkania, Mariusza G.","Jedna z kul trafił rykoszetem Stanisława W., ojca właściciela mieszkania, Mariusza G."
Ta ostatnia firma dołączyła ostatnio do swojego asortymentu między innymi młodzieżowe sztruksowe spodnie i luźne kurtki.,Ta ostatnia firma dołączył ostatnio do swojego asortymentu między innymi młodzieżowe sztruksowe spodnie i luźne kurtki.
Dopisała pogoda.,Dopisał pogoda.
"Telewizja fińska ujawniła, że w latach 80. tutejsza stocznia morska Vartsila w Turku zbudowała irackiemu dyktatorowi, Saddamowi Husajnowi na jego wyłączny użytek prawdopodobnie najbardziej luksusowy statek pasażerski na świecie, który otrzymał nazwę ""Al-Mansur"".","Telewizja fińska ujawnił, że w latach 80. tutejsza stocznia morska Vartsila w Turku zbudowała irackiemu dyktatorowi, Saddamowi Husajnowi na jego wyłączny użytek prawdopodobnie najbardziej luksusowy statek pasażerski na świecie, który otrzymał nazwę ""Al-Mansur""."
Tylko jedna osoba przeżyła katastrofę i znajduje się obecnie na oddziale intensywnej terapii bratysławskiej kliniki.,Tylko jedna osoba przeżył katastrofę i znajduje się obecnie na oddziale intensywnej terapii bratysławskiej kliniki.
W Kopenhadze rozpoczęła się doroczna sesja Zgromadzenia Parlamentarnego Organizacji Bezpieczeństwa i Współpracy w Europie.,W Kopenhadze rozpoczął się doroczna sesja Zgromadzenia Parlamentarnego Organizacji Bezpieczeństwa i Współpracy w Europie.
"BAZA wprowadziła na rynek dwie nowe płyty główne Lucky Star, przeznaczone do współpracy z procesorami Intel Pentium II: 6LX2 i 6 ABX2.","BAZA wprowadził na rynek dwie nowe płyty główne Lucky Star, przeznaczone do współpracy z procesorami Intel Pentium II: 6LX2 i 6 ABX2."
24 i 25 stycznia do Sopotu przyjechała w tej sprawie delegacja z Płocka.,24 i 25 stycznia do Sopotu przyjechał w tej sprawie delegacja z Płocka.
"Unia Europejska wstrzymała import polskiego mleka i produktów mlecznych z dniem 1 grudnia 1997 r., po negatywnych wynikach kontroli naszych mleczarń.","Unia Europejska wstrzymał import polskiego mleka i produktów mlecznych z dniem 1 grudnia 1997 r., po negatywnych wynikach kontroli naszych mleczarń."
Sprawą zajęła się specjalna grupa śledczych.,Sprawą zajął się specjalna grupa śledczych.
Zaangażowała wszelkie możliwe środki - na przykład podsłuchy.,Zaangażował wszelkie możliwe środki - na przykład podsłuchy.
"Ostatnio pieniądze na wypłaty firma pożyczyła od totolotka - dowiedziała się ""Rzeczpospolita"".","Ostatnio pieniądze na wypłaty firma pożyczyła od totolotka - dowiedział się ""Rzeczpospolita""."
Wielka Brytania skierowała wczoraj skargę do Komisji Europejskiej i polskiego rządu na eksporterów polskiego węgla.,Wielka Brytania skierował wczoraj skargę do Komisji Europejskiej i polskiego rządu na eksporterów polskiego węgla.
Msza żałobna odbyła się pod gołym niebem.,Msza żałobna odbył się pod gołym niebem.
"Po naszym telefonie na miejscu pojawiła się policja, by ocenić, czy jest to krzew znajdujący się na liście zakazanych używek halucynogennych.","Po naszym telefonie na miejscu pojawił się policja, by ocenić, czy jest to krzew znajdujący się na liście zakazanych używek halucynogennych."
"Jedna osoba zmarła, a pięć ciężko zatruło się alkoholem niewiadomego pochodzenia.","Jedna osoba zmarł, a pięć ciężko zatruło się alkoholem niewiadomego pochodzenia."
"Przekonała się o tym 15-letnia Paulina Serowik z Olsztyna (na zdjęciu), którą okradziono w drodze z Zakopanego do domu.","Przekonał się o tym 15-letnia Paulina Serowik z Olsztyna (na zdjęciu), którą okradziono w drodze z Zakopanego do domu."
"- To są świetne imprezy - oceniła Ewa Białobrzeska, stała bywalczyni czwartkowych spotkań z szantą.","- To są świetne imprezy - ocenił Ewa Białobrzeska, stała bywalczyni czwartkowych spotkań z szantą."
Sprawa trafiła do braniewskiej prokuratury.,Sprawa trafił do braniewskiej prokuratury.
Firma podpisała umowę na dostawę okładzin z włoskim producentem wytwarzającym pociągi szybkobieżne Pendolino.,Firma podpisał umowę na dostawę okładzin z włoskim producentem wytwarzającym pociągi szybkobieżne Pendolino.
"Policja otrzymała ostrzeżenia o podłożeniu takich ładunków na parkingu w dzielnicy Hamra w Bejrucie, a także pod brytyjskim bankiem, pobliskim kościele i ambasadzie RP.","Policja otrzymał ostrzeżenia o podłożeniu takich ładunków na parkingu w dzielnicy Hamra w Bejrucie, a także pod brytyjskim bankiem, pobliskim kościele i ambasadzie RP."
Dochodzenie w sprawie wypadku wszczęła Prokuratura Rejonowa w Szczytnie.,Dochodzenie w sprawie wypadku wszczął Prokuratura Rejonowa w Szczytnie.
O realizacji obu inwestycji postanowiła w ub. roku Rada Miejska decydując się na emisję obligacji komunalnych.,O realizacji obu inwestycji postanowił w ub. roku Rada Miejska decydując się na emisję obligacji komunalnych.
"Była Miss America, 37-letnia Elizabeth Ward Gracen, która ma zeznawać w procesie wytoczonym prezydentowi Clintonowi przez Paulę Jones, oświadczyła, że uprawiała seks z Billem Clintonem w czasach, kiedy był jeszcze gubernatorem stanu Arkansas, ale odbywał się to za obopólną zgodą.","Była Miss America, 37-letnia Elizabeth Ward Gracen, która ma zeznawać w procesie wytoczonym prezydentowi Clintonowi przez Paulę Jones, oświadczył, że uprawiała seks z Billem Clintonem w czasach, kiedy był jeszcze gubernatorem stanu Arkansas, ale odbywał się to za obopólną zgodą."
Sprawa rzekomej korupcji wiceprezydenta pojawiła się pod koniec ub. r. na sesji Rady Miasta.,Sprawa rzekomej korupcji wiceprezydenta pojawił się pod koniec ub. r. na sesji Rady Miasta.
- Oczywiście zajęła się tym specjalistyczna firma - chirurgów drzew.,- Oczywiście zajął się tym specjalistyczna firma - chirurgów drzew.
"Badająca sprawę Iskry prokuratura wojskowa umorzyła śledztwo w sprawie Dzioka, obarczając winą za nieumyślne spowodowanie katastrofy jego zastępcę i dwóch innych oficerów.","Badająca sprawę Iskry prokuratura wojskowa umorzył śledztwo w sprawie Dzioka, obarczając winą za nieumyślne spowodowanie katastrofy jego zastępcę i dwóch innych oficerów."
"W Łowiczu i Rawie Mazowieckiej trwają przygotowania - poinformowała nas Zenona Czarnecka, wiceprzewodnicząca Ogólnopolskiego Związku Zawodowego Pielęgniarek i Położnych Regionu Łódzkiego.","W Łowiczu i Rawie Mazowieckiej trwają przygotowania - poinformował nas Zenona Czarnecka, wiceprzewodnicząca Ogólnopolskiego Związku Zawodowego Pielęgniarek i Położnych Regionu Łódzkiego."
Trójka grotołazów z Berlina rozpoczęła w sobotę penetrację średniowiecznej studni w Otmuchowie (Opolskie).,Trójka grotołazów z Berlina rozpoczął w sobotę penetrację średniowiecznej studni w Otmuchowie (Opolskie).
"Rada Europy postanowiła walczyć z handlem ludźmi - kobietami, dziećmi, mężczyznami, łącząc się w tym działaniu z organizacjami pozarządowymi.","Rada Europy postanowił walczyć z handlem ludźmi - kobietami, dziećmi, mężczyznami, łącząc się w tym działaniu z organizacjami pozarządowymi."
"Licznie przybyła publiczność zajęła miejsca przy stołach biesiadnych, na obszernym trawniku lub obok sceny.","Licznie przybyła publiczność zajął miejsca przy stołach biesiadnych, na obszernym trawniku lub obok sceny."
Ponadmiesięczna wyprawa zakończyła się sukcesem.,Ponadmiesięczna wyprawa zakończył się sukcesem.
"Obdukcja lekarska wykazała, że dziennikarz ma uszkodzoną lewą stronę twarzo-czaszki, operator kamery - krwiak na prawym barku, a operator dźwięku - liczne zadrapania na szyi.","Obdukcja lekarska wykazał, że dziennikarz ma uszkodzoną lewą stronę twarzo-czaszki, operator kamery - krwiak na prawym barku, a operator dźwięku - liczne zadrapania na szyi."
"43-letnia kobieta zorientowała się, że została okradziona dopero w kasynie wojskowym, gdzie zapłacić miała za uczniowską imprezę.","43-letnia kobieta zorientował się, że została okradziona dopero w kasynie wojskowym, gdzie zapłacić miała za uczniowską imprezę."
"Przeżyła szok, którego nie złagodził nawet środek uspokajający.","Przeżył szok, którego nie złagodził nawet środek uspokajający."
Jak dowiedzieliśmy się nieoficjalnie okradziona postanowiła pokryć straty.,Jak dowiedzieli śmy się nieoficjalnie okradziona postanowił pokryć straty.
"Na pytanie dlaczego przewoziła tak dużą gotówkę w reklamówce gliwiczanka odpowiedziała, że... chciała zmylić potencjalnego złodzieja.","Na pytanie dlaczego przewoziła tak dużą gotówkę w reklamówce gliwiczanka odpowiedział, że... chciała zmylić potencjalnego złodzieja."
"Wybuch w domu mieszkalnym w Petersburgu jest wynikiem ataku kryminalnego, ale nie ma żadnego związku z falą zamachów, która przetacza się przez Rosję od końca sierpnia - poinformowała w piątek petersburska milicja.","Wybuch w domu mieszkalnym w Petersburgu jest wynikiem ataku kryminalnego, ale nie ma żadnego związku z falą zamachów, która przetacza się przez Rosję od końca sierpnia - poinformował w piątek petersburska milicja."
"Dwie dziewczynki porwała woda w mieście Delaware, a na Bahamach utonął jeden mężczyzna.","Dwie dziewczynki porwał woda w mieście Delaware, a na Bahamach utonął jeden mężczyzna."
"Gdy nie przyszedł, gliwiczanka postanowiła zatelefonować do syna.","Gdy nie przyszedł, gliwiczanka postanowił zatelefonować do syna."
"Starsza pani powiadomiła wówczas policję o ""fałszywym lekarzu"".","Starsza pani powiadomił wówczas policję o ""fałszywym lekarzu""."
- Ekspertyza balistyczna wykluczyła udział żołnierzy niemieckich w zastrzeleniu 49-letniego mężczyzny w Koniecpolu.,- Ekspertyza balistyczna wykluczył udział żołnierzy niemieckich w zastrzeleniu 49-letniego mężczyzny w Koniecpolu.
"W niedzielę jedna z nich osunęła się na trasę narciarską w Ovronnaz, małej miejscowości w kantonie Valais (południowo-zachodnia Szwajcaria).","W niedzielę jedna z nich osunął się na trasę narciarską w Ovronnaz, małej miejscowości w kantonie Valais (południowo-zachodnia Szwajcaria)."
Trójka polskich twórców otrzymała w sobotę doroczne nagrody Czeskiej Akademii Filmowej i Telewizyjnej - Czeskie Lwy.,Trójka polskich twórców otrzymał w sobotę doroczne nagrody Czeskiej Akademii Filmowej i Telewizyjnej - Czeskie Lwy.
"Dwa samochody transportowe z pomocą dla powodzian Polskiej Akcji Humanitarnej wyjechały wczoraj wieczorem do Kotliny Kłodzkiej - poinformowała Janina Ochojska, szefowa PAH.","Dwa samochody transportowe z pomocą dla powodzian Polskiej Akcji Humanitarnej wyjechały wczoraj wieczorem do Kotliny Kłodzkiej - poinformował Janina Ochojska, szefowa PAH."
"Wielkopolska Huta Szkła zwiększyła swoją produkcję, dlatego niezbędne stało się dla niej wybudowanie magazynów w których przechowywane będą gotowe wyroby.","Wielkopolska Huta Szkła zwiększył swoją produkcję, dlatego niezbędne stało się dla niej wybudowanie magazynów w których przechowywane będą gotowe wyroby."
"Ten skarb filharmonia otrzymała od amerykańskiej Polonii, przy osobistym wstawiennictwie prezydenta Kongresu Polonii Amerykańskiej, pana Edwarda Moskala.","Ten skarb filharmonia otrzymał od amerykańskiej Polonii, przy osobistym wstawiennictwie prezydenta Kongresu Polonii Amerykańskiej, pana Edwarda Moskala."
W Wojewódzkim Szpitalu Zespolonym odbyła się pierwsza w Poznaniu udana operacja przeszczepienia rogówki.,W Wojewódzkim Szpitalu Zespolonym odbył się pierwsza w Poznaniu udana operacja przeszczepienia rogówki.
"Podczas wczorajszej rozprawy na sali sądowej zebrała się 20-osobowa grupa skinheadów, którzy określili się jako ""prawdziwi Polacy"".","Podczas wczorajszej rozprawy na sali sądowej zebrał się 20-osobowa grupa skinheadów, którzy określili się jako ""prawdziwi Polacy""."
Nawet konkurencyjna cena 10 złotych nie stała się magnesem przyciągającym.,Nawet konkurencyjna cena 10 złotych nie stał się magnesem przyciągającym.
"Wisła Kraków wystosowała list do prezydenta Europejskiej Unii Piłkarskiej Lennarta Johanssona, w którym prosi o zawieszenie kary (wykluczenia z europejskich rozgrywek klubowych na jeden rok w okresie najbliższych pięciu lat) za zranienie piłkarza AC Parmy Dino Baggio podczas meczu w Pucharze UEFA.","Wisła Kraków wystosował list do prezydenta Europejskiej Unii Piłkarskiej Lennarta Johanssona, w którym prosi o zawieszenie kary (wykluczenia z europejskich rozgrywek klubowych na jeden rok w okresie najbliższych pięciu lat) za zranienie piłkarza AC Parmy Dino Baggio podczas meczu w Pucharze UEFA."
"Nagrody przyznała specjalna Kapituła, pragnąc uhonorować osoby i instytucje, których działalność wniosła znaczący wkład w krzewienie tolerancji.","Nagrody przyznał specjalna Kapituła, pragnąc uhonorować osoby i instytucje, których działalność wniosła znaczący wkład w krzewienie tolerancji."
"Włoska opinia publiczna przyjęła z oburzeniem środową sentencję Trybunału Kasacyjnego, który uchylił wyrok dla gwałciciela kobiety w dżinsach.","Włoska opinia publiczna przyjął z oburzeniem środową sentencję Trybunału Kasacyjnego, który uchylił wyrok dla gwałciciela kobiety w dżinsach."
Jedna osoba zginęła a 30 zostało rannych podczas rebelii w meksykańskim więzieniu w Ixcotel.,Jedna osoba zginął a 30 zostało rannych podczas rebelii w meksykańskim więzieniu w Ixcotel.
Rosja wyraziła zainteresowanie projektem i nie wykluczyła swego udziału w operacjach wspólnie z nowymi siłami.,Rosja wyraził zainteresowanie projektem i nie wykluczyła swego udziału w operacjach wspólnie z nowymi siłami.
"Policja izraelska wkroczyła w niedzielę na teren meczetu Al Aksa w Jerozolimie, po tym jak Palestyńczycy obrzucili kamieniami Żydów modlących się pod ścianą płaczu.","Policja izraelska wkroczył w niedzielę na teren meczetu Al Aksa w Jerozolimie, po tym jak Palestyńczycy obrzucili kamieniami Żydów modlących się pod ścianą płaczu."
Rosyjski rząd uchwalił w piątek zakaz klonowania ludzi przez najbliższe pięć lat - podała agencja RIA Nowosti.,Rosyjski rząd uchwalił w piątek zakaz klonowania ludzi przez najbliższe pięć lat - podał agencja RIA Nowosti.
"Legislatura tego stanu uchwaliła ustawę legalizującą ""związki"" homoseksualistów, dające ich uczestnikom niemal takie same prawa i przywileje, jakie przysługują małżonkom w heteroseksualnych małżeństwach.","Legislatura tego stanu uchwalił ustawę legalizującą ""związki"" homoseksualistów, dające ich uczestnikom niemal takie same prawa i przywileje, jakie przysługują małżonkom w heteroseksualnych małżeństwach."
"Kolejka TIR-ów zmniejszyła się, lecz nadal jest bardzo długa, ma około 35 kilometrów.","Kolejka TIR-ów zmniejszył się, lecz nadal jest bardzo długa, ma około 35 kilometrów."
"Przeprosiny poprzedziła uroczysta Msza św. odprawiona na plaży, w stanie Bahia, gdzie 26 kwietnia 1500 r. franciszkanin Henrique de Coimbra celebrował, w cztery dni po przybyciu tam Portugalczyków, pierwszą Mszę św. na ziemi brazylijskiej.","Przeprosiny poprzedził uroczysta Msza św. odprawiona na plaży, w stanie Bahia, gdzie 26 kwietnia 1500 r. franciszkanin Henrique de Coimbra celebrował, w cztery dni po przybyciu tam Portugalczyków, pierwszą Mszę św. na ziemi brazylijskiej."
"Inicjatywa tej publikacji, pt. ""Bóg we mnie. Ja w świecie"", zrodziła się w Drukarni i Księgarni Św. Wojciecha, a jej autorami są nauczyciele środowiska poznańskiego.","Inicjatywa tej publikacji, pt. ""Bóg we mnie. Ja w świecie"", zrodził się w Drukarni i Księgarni Św. Wojciecha, a jej autorami są nauczyciele środowiska poznańskiego."
1.231 półlitrowych butelek piwa (dwa razy więcej niż w ubiegłym roku) wypiła w czasie dziesięciodniowego urlopu na kempingu nad zalewem Secz we wschodnich Czechach grupa 11 piwoszy z Hradca Kralove.,1.231 półlitrowych butelek piwa (dwa razy więcej niż w ubiegłym roku) wypił w czasie dziesięciodniowego urlopu na kempingu nad zalewem Secz we wschodnich Czechach grupa 11 piwoszy z Hradca Kralove.
"Kampania reklamowa piwa bezalkoholowego ""Bosman"" okazała się najlepsza na IX Ogólnopolskim i Międzynarodowym Festiwalu Filmu Reklamowego i Reklamy.","Kampania reklamowa piwa bezalkoholowego ""Bosman"" okazał się najlepsza na IX Ogólnopolskim i Międzynarodowym Festiwalu Filmu Reklamowego i Reklamy."
"Tym symbolicznym gestem historia zatoczyła swe długie koło: w połowie czternastego stulecia ciężkowiczanie podarowali królowi gobelin, który przez długie lata przechowywany był na Zamku Królewskim na Wawelu.","Tym symbolicznym gestem historia zatoczył swe długie koło: w połowie czternastego stulecia ciężkowiczanie podarowali królowi gobelin, który przez długie lata przechowywany był na Zamku Królewskim na Wawelu."
Zdominowana przez republikanów Izba Reprezentantów oskarżyła prezydenta o krzywoprzysięstwo i utrudnianie pracy wymiaru sprawiedliwości w celu zatajenia romansu z Moniką Lewinsky.,Zdominowana przez republikanów Izba Reprezentantów oskarżył prezydenta o krzywoprzysięstwo i utrudnianie pracy wymiaru sprawiedliwości w celu zatajenia romansu z Moniką Lewinsky.
Już w zeszłym roku Polska dostała z PHARE 10 mln ecu na koszty związane z restrukturyzacją zatrudnienia w hutnictwie.,Już w zeszłym roku Polska dostał z PHARE 10 mln ecu na koszty związane z restrukturyzacją zatrudnienia w hutnictwie.
Taka osoba ułatwiłaby międzynarodowe kontakty.,Taka osoba ułatwił by międzynarodowe kontakty.
"Ceremonia odbyła się w obecności inwestorów, wykonawców, władz gminy Ochota i przedstawicieli ambasady duńskiej.","Ceremonia odbył się w obecności inwestorów, wykonawców, władz gminy Ochota i przedstawicieli ambasady duńskiej."
Wezwała więc na pomoc czarowników.,Wezwał więc na pomoc czarowników.
"Sejmowe kuluary zelektryzowała wczoraj informacja, że ministrem spraw wewnętrznych i administracji będzie poseł AWS Marek Biernacki.","Sejmowe kuluary zelektryzował wczoraj informacja, że ministrem spraw wewnętrznych i administracji będzie poseł AWS Marek Biernacki."
"Policja przyszła po Czedomira Jovanovicia, autora wzywających do obalenia Slobodana Miloszevicia ulotek, które rozdawano na demonstracjach Związku.","Policja przyszedł po Czedomira Jovanovicia, autora wzywających do obalenia Slobodana Miloszevicia ulotek, które rozdawano na demonstracjach Związku."
Piotr Gembarowski naruszył kodeks zasad etycznych dziennikarstwa w telewizji publicznej - stwierdziła wczoraj komisja etyki TVP.,Piotr Gembarowski naruszył kodeks zasad etycznych dziennikarstwa w telewizji publicznej - stwierdził wczoraj komisja etyki TVP.
"Strofował rozmówcę, podnosząc głos, stworzył w studiu atmosferę graniczącą z histerią - napisała komisja w orzeczeniu.","Strofował rozmówcę, podnosząc głos, stworzył w studiu atmosferę graniczącą z histerią - napisał komisja w orzeczeniu."
"Prokuratura Okręgowa w Warszawie przesłuchała w sobotę w charakterze świadka i pokrzywdzonego szefa MON Jerzego Szmajdzińskiego, jednego z pięciu polityków, których Andrzej Lepper w czwartek pomówił z trybuny sejmowej o wzięcie łapówek.","Prokuratura Okręgowa w Warszawie przesłuchał w sobotę w charakterze świadka i pokrzywdzonego szefa MON Jerzego Szmajdzińskiego, jednego z pięciu polityków, których Andrzej Lepper w czwartek pomówił z trybuny sejmowej o wzięcie łapówek."
"Polska wystąpiła do władz Lwowa o zmianę uchwały, która blokuje zakończenie odbudowy Cmentarza Orląt Lwowskich.","Polska wystąpił do władz Lwowa o zmianę uchwały, która blokuje zakończenie odbudowy Cmentarza Orląt Lwowskich."
Akt oskarżenia zielonogórska prokuratura wysłała kilka dni temu do Sądu rejonowego w Szamotułach.,Akt oskarżenia zielonogórska prokuratura wysłał kilka dni temu do Sądu rejonowego w Szamotułach.
Amerykańska gwiazda sceny pop Britney Spears wyraziła chęć wystąpienia w duecie z królem muzyki popularnej Michaelem Jacksonem.,Amerykańska gwiazda sceny pop Britney Spears wyraził chęć wystąpienia w duecie z królem muzyki popularnej Michaelem Jacksonem.
"Zapytana w czwartkowym wywiadzie o artystów, z którymi najbardziej chciałaby zaśpiewać i z którymi planuje zorganizowanie wspólnego nagrania, młoda piosenkarka wymieniła trzy osoby: Madonnę, Michaela Jacksona i Janet Jackson.","Zapytana w czwartkowym wywiadzie o artystów, z którymi najbardziej chciała by zaśpiewać i z którymi planuje zorganizowanie wspólnego nagrania, młoda piosenkarka wymienił trzy osoby: Madonnę, Michaela Jacksona i Janet Jackson."
"W gronie dobrych znajomych - byłych wybitnych piłkarzy i dziennikarzy - zrodziła się myśl, by także ludzie sportu dołączyli do łańcucha ""pomocy gorących serc"" dla ofiar wojny, której centrum jest Kosowo.","W gronie dobrych znajomych - byłych wybitnych piłkarzy i dziennikarzy - zrodził się myśl, by także ludzie sportu dołączyli do łańcucha ""pomocy gorących serc"" dla ofiar wojny, której centrum jest Kosowo."
Arminia Bielefeld podtrzymała swe zainteresowanie polskim piłkarzem.,Arminia Bielefeld podtrzymał swe zainteresowanie polskim piłkarzem.
"Przy okazji meczu o mistrzostwo, MLS ogłosiła skład zespołu ""Pepsi Best 11 - 2001"", czyli skład najlepszej jedenastki ligi w roku 2001.","Przy okazji meczu o mistrzostwo, MLS ogłosił skład zespołu ""Pepsi Best 11 - 2001"", czyli skład najlepszej jedenastki ligi w roku 2001."
Sukcesem francuskich producentów zakończyła się 12. eliminacja tegorocznych mistrzostw świata - Rajd Korsyki.,Sukcesem francuskich producentów zakończył się 12. eliminacja tegorocznych mistrzostw świata - Rajd Korsyki.
"W ubiegłym roku wydała ona 2,1 mln złotych.","W ubiegłym roku wydał ona 2,1 mln złotych."
Szczecińska policja zlikwidowała fabrykę fałszywych studolarówek i dokumentów.,Szczecińska policja zlikwidował fabrykę fałszywych studolarówek i dokumentów.
"Rosja przeprosiła pośmiertnie członków rodziny Adolfa Hitlera, którzy zmarli w sowieckim więzieniu po II wojnie światowej.","Rosja przeprosił pośmiertnie członków rodziny Adolfa Hitlera, którzy zmarli w sowieckim więzieniu po II wojnie światowej."
"Irlandzka Armia Republikańska - organizacja katolików, walcząca o oderwanie Irlandii Płn. od Korony Brytyjskiej - pozwoliła wczoraj partii Sinn Fein (swemu politycznemu skrzydłu) wziąć udział w przyszłym zgromadzeniu prowincji.","Irlandzka Armia Republikańska - organizacja katolików, walcząca o oderwanie Irlandii Płn. od Korony Brytyjskiej - pozwolił wczoraj partii Sinn Fein (swemu politycznemu skrzydłu) wziąć udział w przyszłym zgromadzeniu prowincji."
"Prokuratura zarzuciła mu, że naruszył ustawę o rozwiązywaniu sporów zbiorowych, bo nie przekazał pracodawcy postulatów związku i nie podjął negocjacji.","Prokuratura zarzucił mu, że naruszył ustawę o rozwiązywaniu sporów zbiorowych, bo nie przekazał pracodawcy postulatów związku i nie podjął negocjacji."
Neapolitańska policja zatrzymała czterech młodych Polaków pod zarzutem wymuszania pieniędzy i rabunku.,Neapolitańska policja zatrzymał czterech młodych Polaków pod zarzutem wymuszania pieniędzy i rabunku.
"Wcześniej policja otrzymała doniesienia, że Polacy wymuszali haracz w wysokości 150 tys. lirów (około 100 dolarów) jednorazowo od sprzedawców polskich gazet na placu Garibaldiego i od przewoźników na trasie Polska - Włochy.","Wcześniej policja otrzymał doniesienia, że Polacy wymuszali haracz w wysokości 150 tys. lirów (około 100 dolarów) jednorazowo od sprzedawców polskich gazet na placu Garibaldiego i od przewoźników na trasie Polska - Włochy."
Armia izraelska odwołała ćwiczenia i manewry.,Armia izraelska odwołał ćwiczenia i manewry.
Państwowa Komisja Wyborcza skierowała już do Prokuratora Generalnego wnioski przeciwko 94 komitetom wyborczym.,Państwowa Komisja Wyborcza skierował już do Prokuratora Generalnego wnioski przeciwko 94 komitetom wyborczym.
W Teatrze Chaillot w Paryżu odbyła się w sobotni wieczór uroczystość rozdania nagród Akademii.,W Teatrze Chaillot w Paryżu odbył się w sobotni wieczór uroczystość rozdania nagród Akademii.
Według KAI zaskarżenie ustawy do sądu zapowiedziała już organizacja American Civil Liberties Union.,Według KAI zaskarżenie ustawy do sądu zapowiedział już organizacja American Civil Liberties Union.
Ambasada amerykańska w Moskwie kategorycznie odmówiła komentarzy do tej sprawy.,Ambasada amerykańska w Moskwie kategorycznie odmówił komentarzy do tej sprawy.
Po chwili sytuacja wróciła do normy.,Po chwili sytuacja wrócił do normy.
Duża liczba gości odwiedzających Sopot skłoniła przedstawicieli gminy do wszczęcia starań o przyznanie Sopotowi praw miejskich.,Duża liczba gości odwiedzających Sopot skłonił przedstawicieli gminy do wszczęcia starań o przyznanie Sopotowi praw miejskich.
"- W naszym hipermarkecie funkcjonuje jeden bankomat PKO BP - poinformowała ""Głos"" Anita Gdula, asystentka dyrektora z Auchan Gdańsk.","- W naszym hipermarkecie funkcjonuje jeden bankomat PKO BP - poinformował ""Głos"" Anita Gdula, asystentka dyrektora z Auchan Gdańsk."
Noga dziecka utkwiła pomiędzy drzwiami a ścianą szybu.,Noga dziecka utkwił pomiędzy drzwiami a ścianą szybu.
Internetowego pirata złapała łódzka policja.,Internetowego pirata złapał łódzka policja.
Współpraca obu firm rozpoczęła się 10 marca zeszłego roku.,Współpraca obu firm rozpoczął się 10 marca zeszłego roku.
W zeszłym roku najwięcej aut najwyższej klasy - F - sprzedała w Polsce Honda.,W zeszłym roku najwięcej aut najwyższej klasy - F - sprzedał w Polsce Honda.
"Kobieta w szoku wróciła do domu, umyła się i poszła do pracy.","Kobieta w szoku wrócił do domu, umyła się i poszła do pracy."
Dziewczynka nie zgodziła się i zaczęła płakać.,Dziewczynka nie zgodził się i zaczęła płakać.
Jej reakcja nie zmieniła żądań nastolatek.,Jej reakcja nie zmienił żądań nastolatek.
Jedna z nich uderzyła ją w twarz.,Jedna z nich uderzył ją w twarz.
"Wtedy dziewczynka zdjęła spodnie i kurtkę, a także buty.","Wtedy dziewczynka zdjął spodnie i kurtkę, a także buty."
Do Gdyni dotarła wczoraj oczekiwana od kilku dni amerykańska koszykarka Edna Campbell.,Do Gdyni dotarł wczoraj oczekiwana od kilku dni amerykańska koszykarka Edna Campbell.
"A dopiero co wróciłam od fotografa, gdzie robiono mi zdjęcia do licencji.","A dopiero co wrócił m od fotografa, gdzie robiono mi zdjęcia do licencji."
"Największy niepokój u mieszkańców Głównego Miasta wzbudziła wypowiedź prezydenta Adamowicza, iż ten rejon Gdańska stanie się w przyszłości najdroższą dzielnicą.","Największy niepokój u mieszkańców Głównego Miasta wzbudził wypowiedź prezydenta Adamowicza, iż ten rejon Gdańska stanie się w przyszłości najdroższą dzielnicą."
"Podczas postępowania karnego kobieta stwierdziła, że nie wiedziała, iż fatalnego dnia urodziła dziecko.","Podczas postępowania karnego kobieta stwierdził, że nie wiedziała, iż fatalnego dnia urodziła dziecko."
"Uwierzyła dopiero, gdy pokazano jej noworodka w szpitalu.","Uwierzył dopiero, gdy pokazano jej noworodka w szpitalu."
Większość ugrupowań postanowiła wyciszyć swe kampanijne działania.,Większość ugrupowań postanowił wyciszyć swe kampanijne działania.
"Wczoraj na ten cel 1,5 mln zł obiecała przekazać Gliwicka Spółdzielnia Węglowa, 3 mln zł Wojewódzki Fundusz Ochrony Środowiska i Gospodarki Wodnej w Katowicach.","Wczoraj na ten cel 1,5 mln zł obiecał przekazać Gliwicka Spółdzielnia Węglowa, 3 mln zł Wojewódzki Fundusz Ochrony Środowiska i Gospodarki Wodnej w Katowicach."
Polsko-bułgarski gang zajmujący się handlem kobietami i sutenerstwem rozbiła w Grójcu mazowiecka policja.,Polsko-bułgarski gang zajmujący się handlem kobietami i sutenerstwem rozbił w Grójcu mazowiecka policja.
"- Ofiarami gangu były Polki i cudzoziemki, które były uprowadzane, ukrywane, maltretowane i zmuszane do prostytucji - powiedziała wczoraj Agnieszka Gołąbek z biura prasowego Komendy Wojewódzkiej Policji w Radomiu.","- Ofiarami gangu były Polki i cudzoziemki, które były uprowadzane, ukrywane, maltretowane i zmuszane do prostytucji - powiedział wczoraj Agnieszka Gołąbek z biura prasowego Komendy Wojewódzkiej Policji w Radomiu."
"Technologię fosforanowania powierzchni blachy, czyli przygotowania jej do położenia lakieru, przygotowała dla Daewoo-FSO firma Henkel.","Technologię fosforanowania powierzchni blachy, czyli przygotowania jej do położenia lakieru, przygotował dla Daewoo-FSO firma Henkel."
"W piątek otrzymała w nagrodę kuchenkę mikrofalową, ufundowaną przez Makro.","W piątek otrzymał w nagrodę kuchenkę mikrofalową, ufundowaną przez Makro."
Po nagrodę przyszła z synem.,Po nagrodę przyszedł z synem.
"- Bardzo się cieszę, przyda się w kuchni - przyznała pani Grażyna.","- Bardzo się cieszę, przyda się w kuchni - przyznał pani Grażyna."
"W klasyfikacji zespołowej ekipa ""TŚl."" zajęła zaszczytne trzecie miejsce.","W klasyfikacji zespołowej ekipa ""TŚl."" zajął zaszczytne trzecie miejsce."
Łódź stanęła w płomieniach nagle.,Łódź stanął w płomieniach nagle.
Wezwana na pomoc ekipa strażaków-ratowników odnalazła w łodzi zwęglone zwłoki dziecka.,Wezwana na pomoc ekipa strażaków-ratowników odnalazł w łodzi zwęglone zwłoki dziecka.
Partia Konserwatywna zawiesiła Spencera w obowiązkach posła.,Partia Konserwatywna zawiesił Spencera w obowiązkach posła.
"19 dziennikarzy, o 7 mniej niż w 1997 roku, zginęło w roku 1998 podczas pełnienia obowiązków służbowych - podała w czwartek organizacja ""Reporterzy bez Granic"".","19 dziennikarzy, o 7 mniej niż w 1997 roku, zginęło w roku 1998 podczas pełnienia obowiązków służbowych - podał w czwartek organizacja ""Reporterzy bez Granic""."
14 członków lewackiego ugrupowania terrorystycznego zginęło w strzelaninie z policją - podała w czwartek indyjska agencja prasowa.,14 członków lewackiego ugrupowania terrorystycznego zginęło w strzelaninie z policją - podał w czwartek indyjska agencja prasowa.
Nad ranem z soboty na niedzielę z pędzącego pociągu wyskoczyła 17-letnia dziewczyna.,Nad ranem z soboty na niedzielę z pędzącego pociągu wyskoczył 17-letnia dziewczyna.
Trafiła wprost na słup trakcji elektrycznej.,Trafił wprost na słup trakcji elektrycznej.
Zginęła na miejscu.,Zginął na miejscu.
"Ochrona zatrzymała młodych ludzi, którzy zostali odwiezieni do śródmiejskiej komendy.","Ochrona zatrzymał młodych ludzi, którzy zostali odwiezieni do śródmiejskiej komendy."
Najbardziej gwałtownie grypa zaatakowała na północy kraju.,Najbardziej gwałtownie grypa zaatakował na północy kraju.
Polska perkusistka Marta Klimasara zdobyła I nagrodę na 50. Międzynarodowym Konkursie ARD w Monachium.,Polska perkusistka Marta Klimasara zdobył I nagrodę na 50. Międzynarodowym Konkursie ARD w Monachium.
"Poza pierwszą nagrodą przyznaną przez jury, Marta Klimasara otrzymała także nagrodę publiczności.","Poza pierwszą nagrodą przyznaną przez jury, Marta Klimasara otrzymał także nagrodę publiczności."
"W miniony czwartek w referendum ratyfikacyjnym Irlandia odrzuciła ten Traktat, otwierający drogę do rozszerzenia Unii.","W miniony czwartek w referendum ratyfikacyjnym Irlandia odrzucił ten Traktat, otwierający drogę do rozszerzenia Unii."
Grupa powstała we wczesnych latach 80.,Grupa powstał we wczesnych latach 80.
"15-letnia polska uczennica Anna W. ze Słupska zginęła w Adrszparskim Kamiennym Mieście - rezerwacie przyrody we wschodnich Czechach niedaleko Cieplic nad Metują, gdy na grupę polskich kolonistów spadł potężny konar drzewa.","15-letnia polska uczennica Anna W. ze Słupska zginął w Adrszparskim Kamiennym Mieście - rezerwacie przyrody we wschodnich Czechach niedaleko Cieplic nad Metują, gdy na grupę polskich kolonistów spadł potężny konar drzewa."
"Rada uznała również, że konieczne jest, by wszyscy kandydaci mieli zagwarantowane równe szanse, by jednakowo pokazywano ich działania, przybliżano ich programy wyborcze, które powinny być ""poddawane profesjonalnemu omówieniu i rzetelnej analizie"".","Rada uznał również, że konieczne jest, by wszyscy kandydaci mieli zagwarantowane równe szanse, by jednakowo pokazywano ich działania, przybliżano ich programy wyborcze, które powinny być ""poddawane profesjonalnemu omówieniu i rzetelnej analizie""."
"Katastrofa kolejki spowodowana przez nieuwagę amerykańskich pilotów, stała się powodem napięcia w stosunkach amerykańsko-włoskich.","Katastrofa kolejki spowodowana przez nieuwagę amerykańskich pilotów, stał się powodem napięcia w stosunkach amerykańsko-włoskich."
"Siedem twardych dysków komputerowych zawierających nielegalne oprogramowanie do składu komputerowego i kilkanaście ""pirackich"" kopii programów wykorzystywanych do produkcji gazet zabezpieczyła samodzielna sekcja ds. przestępczości gospodarczej Komendy Powiatowej Policji w Zgorzelcu (Dolnośląskie).","Siedem twardych dysków komputerowych zawierających nielegalne oprogramowanie do składu komputerowego i kilkanaście ""pirackich"" kopii programów wykorzystywanych do produkcji gazet zabezpieczył samodzielna sekcja ds. przestępczości gospodarczej Komendy Powiatowej Policji w Zgorzelcu (Dolnośląskie)."
"W zeszłym tygodniu na drogach wydarzyło się 960 wypadków, w których zginęło 95 osób, a 1168 zostało rannych - podała w poniedziałek Komenda Główna Policji.","W zeszłym tygodniu na drogach wydarzyło się 960 wypadków, w których zginęło 95 osób, a 1168 zostało rannych - podał w poniedziałek Komenda Główna Policji."
Zmieniła się cyrkulacja powietrza.,Zmienił się cyrkulacja powietrza.
Dziewczynka spacerująca w sobotę po lesie natrafiła na torbę plastikową z dziwną zawartością.,Dziewczynka spacerująca w sobotę po lesie natrafił na torbę plastikową z dziwną zawartością.
"Konkurs ogłosiła centrala ""Ruchu"" w Warszawie w połowie października ubiegłego roku.","Konkurs ogłosił centrala ""Ruchu"" w Warszawie w połowie października ubiegłego roku."
"Oskarżona, podając się za inną osobę, podjęła z cudzego konta 3 tys. dolarów USA na szkodę białostockiego oddziału Banku PKO S.A.","Oskarżona, podając się za inną osobę, podjął z cudzego konta 3 tys. dolarów USA na szkodę białostockiego oddziału Banku PKO S.A."
"Kilka miesięcy później, na podstawie podrobionego zaświadczenia, zawarła umowę sprzedaży ratalnej, na podstawie której otrzymała telewizor.","Kilka miesięcy później, na podstawie podrobionego zaświadczenia, zawarł umowę sprzedaży ratalnej, na podstawie której otrzymała telewizor."
Przywłaszczyła sobie rzeczy o łącznej wartości ponad 4 tys. złotych.,Przywłaszczył sobie rzeczy o łącznej wartości ponad 4 tys. złotych.
"Cała siedmioosobowa załoga ""Kani"" ocalała, ale trzech najciężej rannych doznało urazów kręgosłupa.","Cała siedmioosobowa załoga ""Kani"" ocalał, ale trzech najciężej rannych doznało urazów kręgosłupa."
Trzy niecodzienne wypadki wyłudzenia pieniędzy odnotowała białostocka policja.,Trzy niecodzienne wypadki wyłudzenia pieniędzy odnotował białostocka policja.
"Na konferencji prasowej w szpitalu, gdzie Havel leży na intensywnej terapii, wystąpiła małżonka prezydenta - Dagmar.","Na konferencji prasowej w szpitalu, gdzie Havel leży na intensywnej terapii, wystąpił małżonka prezydenta - Dagmar."
Teraz jednak swoje zapowiedzi przekuła w czyn - i pozew trafił już do londyńskiego sądu.,Teraz jednak swoje zapowiedzi przekuł w czyn - i pozew trafił już do londyńskiego sądu.
"W niedzielę minęła 60. rocznica dnia, w którym najwyższe władze ZSRR podjęły decyzję o wymordowaniu polskich jeńców, trzymanych w obozach w Kozielsku, Starobielsku i Ostaszkowie.","W niedzielę minął 60. rocznica dnia, w którym najwyższe władze ZSRR podjęły decyzję o wymordowaniu polskich jeńców, trzymanych w obozach w Kozielsku, Starobielsku i Ostaszkowie."
W rezultacie większość ambasadorów - w tym i przedstawiciel Polski - wróciła do swoich krajów.,W rezultacie większość ambasadorów - w tym i przedstawiciel Polski - wrócił do swoich krajów.
"Aby mieć z czego żyć, zatrudniła się w firmie swoich przyjaciół.","Aby mieć z czego żyć, zatrudnił się w firmie swoich przyjaciół."
"Niestety, jej pensja okazała się za mała w stosunku do trybu życia, jakie prowadziła córka słynnego aktora.","Niestety, jej pensja okazał się za mała w stosunku do trybu życia, jakie prowadziła córka słynnego aktora."
W niedzielę łódzka policja po pościgu i blokadzie drogi zatrzymała szefa Biura Bezpieczeństwa Narodowego Marka Siwca za przekroczenie prędkości.,W niedzielę łódzka policja po pościgu i blokadzie drogi zatrzymał szefa Biura Bezpieczeństwa Narodowego Marka Siwca za przekroczenie prędkości.
"Najlepsza okazała się Agnieszka Witamborska (Wodzisław Śląski), która w finale pokonała 3:1 Agatę Lindę (Sulejówek).","Najlepsza okazał się Agnieszka Witamborska (Wodzisław Śląski), która w finale pokonała 3:1 Agatę Lindę (Sulejówek)."
"Trzecie miejsce zajęła Małgorzata Borkowska (Konstancin), a czwarte Violetta Skowron (Sieradz).","Trzecie miejsce zajął Małgorzata Borkowska (Konstancin), a czwarte Violetta Skowron (Sieradz)."
"Kiedy był w pokoju, przebudziła się Regina S., właścicielka mieszkania.","Kiedy był w pokoju, przebudził się Regina S., właścicielka mieszkania."
"Zawołała: - Kazik, to ty?!","Zawołał: - Kazik, to ty?!"
Ułanów nie powstrzymała nawet wichura i są już na półmetku.,Ułanów nie powstrzymał nawet wichura i są już na półmetku.
"Espinoza zdobyła sławę, gdy została zaproszona do popularnego programu telewizyjnego.","Espinoza zdobył sławę, gdy została zaproszona do popularnego programu telewizyjnego."
"W Dziecięcym Szpitalu Klinicznym Collegium Medicum Uniwersytetu Jagiellońskiego w sobotę zmarła 5-letnia Ania L. z Rzepiennika koło Gorlic, która jest pierwszą w tym roku w naszym regionie ofiarą trującego grzyba, muchomora sromotnikowego.","W Dziecięcym Szpitalu Klinicznym Collegium Medicum Uniwersytetu Jagiellońskiego w sobotę zmarł 5-letnia Ania L. z Rzepiennika koło Gorlic, która jest pierwszą w tym roku w naszym regionie ofiarą trującego grzyba, muchomora sromotnikowego."
Ania trafiła na salę intensywnej terapii Oddziału Leczenia Stanów Nagłych Instytutu Pediatrii kilka dni temu ze szpitala w Dębicy.,Ania trafił na salę intensywnej terapii Oddziału Leczenia Stanów Nagłych Instytutu Pediatrii kilka dni temu ze szpitala w Dębicy.
Ostatnio dostała nagrodę za wzorowe pełnienie służby - zatrzymała i doprowadziła do komisariatu swego 14-letniego syna.,Ostatnio dostała nagrodę za wzorowe pełnienie służby - zatrzymał i doprowadziła do komisariatu swego 14-letniego syna.
"Afgańska agencja AIP podała, że charyzmatyczny przywódca afgańskiej opozycji Ahmed Sah Masud zmarł wczoraj w następstwie ran odniesionych w niedzielnym zamachu.","Afgańska agencja AIP podał, że charyzmatyczny przywódca afgańskiej opozycji Ahmed Sah Masud zmarł wczoraj w następstwie ran odniesionych w niedzielnym zamachu."
"Agencja poinformowała, że Masud zmarł w Afganistanie.","Agencja poinformował, że Masud zmarł w Afganistanie."
"W niedzielę zaniepokojona rodzina z Krakowa zawiadomiła TOPR, że cierpiąca na zaburzenia psychiczne ich krewna, prawdopodobnie poszła w góry z zamiarem popełnienia samobójstwa.","W niedzielę zaniepokojona rodzina z Krakowa zawiadomił TOPR, że cierpiąca na zaburzenia psychiczne ich krewna, prawdopodobnie poszła w góry z zamiarem popełnienia samobójstwa."
Policję zaalarmowała pracownica jednego z krakowskich szpitali.,Policję zaalarmował pracownica jednego z krakowskich szpitali.
"Kobieta, bez uprzedzenia, nie przyszła wczoraj do pracy, a w mieszkaniu świeciło się światło.","Kobieta, bez uprzedzenia, nie przyszedł wczoraj do pracy, a w mieszkaniu świeciło się światło."
"Kiedy dziecko nie wróciło do domu, rodzina samodzielnie rozpoczęła poszukiwania.","Kiedy dziecko nie wróciło do domu, rodzina samodzielnie rozpoczął poszukiwania."
W piątek odbyła się w szkole uroczystość wręczenia dyplomów kolejnemu rocznikowi absolwentów.,W piątek odbył się w szkole uroczystość wręczenia dyplomów kolejnemu rocznikowi absolwentów.
Od początku meczu na boisku rozpoczęła się walka o każdą piłkę.,Od początku meczu na boisku rozpoczął się walka o każdą piłkę.
Na stadionie WP w Warszawie w towarzyskim międzypaństwowym meczu piłkarskim Polska pokonała Słowenię 2:0 (1:0).,Na stadionie WP w Warszawie w towarzyskim międzypaństwowym meczu piłkarskim Polska pokonał Słowenię 2:0 (1:0).
"Policja po kilku godzinach odzyskała skradziony samochód, jeszcze przed oficjalnym zgłoszeniem przestępstwa.","Policja po kilku godzinach odzyskał skradziony samochód, jeszcze przed oficjalnym zgłoszeniem przestępstwa."
Jednak po dokładnych oględzinach straż pożarna odkryła ofiarę pożaru.,Jednak po dokładnych oględzinach straż pożarna odkrył ofiarę pożaru.
Prokuratura Rejonowa w Białogardzie zastosowała środek zapobiegawczy w postaci poręczenia majątkowego wobec szarżującej po ulicach Białogardu obywatelki Kanady.,Prokuratura Rejonowa w Białogardzie zastosował środek zapobiegawczy w postaci poręczenia majątkowego wobec szarżującej po ulicach Białogardu obywatelki Kanady.
Cudzoziemka spowodowała w sobotę groźny wypadek drogowy na ul. Szosa Połczyńska.,Cudzoziemka spowodował w sobotę groźny wypadek drogowy na ul. Szosa Połczyńska.
Jadąc fordem escortem nie ustąpiła pierwszeństwa karetce pogotowia.,Jadąc fordem escortem nie ustąpił pierwszeństwa karetce pogotowia.
"Spowodowała wypadek, w którym ucierpiał przewożony właśnie do szpitala chory.","Spowodował wypadek, w którym ucierpiał przewożony właśnie do szpitala chory."
Krowa posłużyła mu jako narzędzie terroru i szantażu.,Krowa posłużył mu jako narzędzie terroru i szantażu.
"Czujna policja uznała, że znajduje się w niej bomba i nie zastanawiając się długo, zamknęła ruch w centrum miasta East London, po czym zdetonowała podejrzany przedmiot.","Czujna policja uznał, że znajduje się w niej bomba i nie zastanawiając się długo, zamknęła ruch w centrum miasta East London, po czym zdetonowała podejrzany przedmiot."
"Walizeczkę podarowała adwokatowi żona z okazji urodzin, zaś w środku znajdowała się amunicja do osobistej broni adwokata, specjalisty w dziedzinie ochrony praw człowieka.","Walizeczkę podarował adwokatowi żona z okazji urodzin, zaś w środku znajdowała się amunicja do osobistej broni adwokata, specjalisty w dziedzinie ochrony praw człowieka."
"Komenda Główna Państwowej Straży Pożarnej podała, że podczas długiego weekendu (od Wielkiej Soboty do 3 maja) wybuchło w kraju 1065 pożarów lasów.","Komenda Główna Państwowej Straży Pożarnej podał, że podczas długiego weekendu (od Wielkiej Soboty do 3 maja) wybuchło w kraju 1065 pożarów lasów."
Ponad 2 kg suszonych grzybów uzbierała już w tym roku Krystyna Włodarczyk z Łodzi.,Ponad 2 kg suszonych grzybów uzbierał już w tym roku Krystyna Włodarczyk z Łodzi.
"Piosenka polskich pielgrzymów, która tak bardzo spodobała się papieżowi podczas niedzielnej modlitwy Anioł Pański w Castel Gandolfo, powróciła podczas audiencji generalnej wczoraj na Placu Świętego Piotra.","Piosenka polskich pielgrzymów, która tak bardzo spodobała się papieżowi podczas niedzielnej modlitwy Anioł Pański w Castel Gandolfo, powrócił podczas audiencji generalnej wczoraj na Placu Świętego Piotra."
Nie ustąpiła pierwszeństwa i zderzyła się wpierw z fiatem a później z luksusowym fordem scorpio prowadzonym przez prezydenta.,Nie ustąpił pierwszeństwa i zderzyła się wpierw z fiatem a później z luksusowym fordem scorpio prowadzonym przez prezydenta.
Dostała 500-złotowy mandat.,Dostał 500-złotowy mandat.
Do tak drastycznej decyzji szefostwo holdingu zmusiła sytuacja ekonomiczna.,Do tak drastycznej decyzji szefostwo holdingu zmusił sytuacja ekonomiczna.
"- Gmina błyskawicznie się rozrasta, powstają nowe osiedla, więc staramy się szybko realizować wnioski mieszkańców - poinformowała Teresa Dera, sekretarz gminy.","- Gmina błyskawicznie się rozrasta, powstają nowe osiedla, więc staramy się szybko realizować wnioski mieszkańców - poinformował Teresa Dera, sekretarz gminy."
Woda zniszczyła konstrukcję nasypu na długości ok. 30 m.,Woda zniszczył konstrukcję nasypu na długości ok. 30 m.
Do walki z żywiołem natychmiast przystąpiła ekipa Zarządu Dróg Powiatowych Starostwa Powiatowego w Kamieniu Pomorskim i w środę wieczorem sytuacja została opanowana.,Do walki z żywiołem natychmiast przystąpił ekipa Zarządu Dróg Powiatowych Starostwa Powiatowego w Kamieniu Pomorskim i w środę wieczorem sytuacja została opanowana.
Poprzedziła go jednak półtoragodzinna przerwa.,Poprzedził go jednak półtoragodzinna przerwa.
Angelina oczywiście wyraziła chęć ponownego zagrania Lary Croft.,Angelina oczywiście wyraził chęć ponownego zagrania Lary Croft.
Ceremonia odbyła się zgodnie z planem mimo porannego zamachu bombowego u wjazdu do tunelu oraz protestów okolicznych mieszkańców.,Ceremonia odbył się zgodnie z planem mimo porannego zamachu bombowego u wjazdu do tunelu oraz protestów okolicznych mieszkańców.
Kolejna dokonała kradzieży w sklepie.,Kolejna dokonał kradzieży w sklepie.
Straż Rybacka 28 czerwca przeprowadziła działania przeciwko kłusownikom na rzece Parsęcie.,Straż Rybacka 28 czerwca przeprowadził działania przeciwko kłusownikom na rzece Parsęcie.
"Prawdziwym szlagierem okazała się w sobotę loteria fantowa, w której wygrywał każdy los.","Prawdziwym szlagierem okazał się w sobotę loteria fantowa, w której wygrywał każdy los."
Wczoraj w Kołobrzegu odbyła się ostatnia zbiórka i uroczyste pożegnanie sztandaru 8. Kołobrzeskiej Brygady Zmechanizowanej.,Wczoraj w Kołobrzegu odbył się ostatnia zbiórka i uroczyste pożegnanie sztandaru 8. Kołobrzeskiej Brygady Zmechanizowanej.
Tęsknota za dawnym zawodem kolejny raz zaprowadziła za kratki byłego kierowcę autobusowego z francuskiego miasta La Rochelle.,Tęsknota za dawnym zawodem kolejny raz zaprowadził za kratki byłego kierowcę autobusowego z francuskiego miasta La Rochelle.
Taki wniosek złożyła Komisja Rewizyjna.,Taki wniosek złożył Komisja Rewizyjna.
Klinika Onkologii i Hematologii Dziecięcej AM unowocześniła i powiększyła swój Dziecięcy Oddział Przeszczepiania Szpiku Kostnego i Terapii Genowej.,Klinika Onkologii i Hematologii Dziecięcej AM unowocześnił i powiększyła swój Dziecięcy Oddział Przeszczepiania Szpiku Kostnego i Terapii Genowej.
Nawet nie najlepsza pogoda nie odstraszyła miłośników lotnictwa.,Nawet nie najlepsza pogoda nie odstraszył miłośników lotnictwa.
"W nocy nad Bielskiem Podlaskim przeszła burza, która uszkodziła głównie drzewa i sieci energetyczne.","W nocy nad Bielskiem Podlaskim przeszedł burza, która uszkodziła głównie drzewa i sieci energetyczne."
"Pięcioletnia dziewczynka, porwana wczoraj przez 65-letniego mężczyznę w Chorzowie na Śląsku, odzyskała wieczorem przytomność.","Pięcioletnia dziewczynka, porwana wczoraj przez 65-letniego mężczyznę w Chorzowie na Śląsku, odzyskał wieczorem przytomność."
"Do Wydziału Gospodarczego Komendy Miejskiej w Szczecinie dotarła informacja o tym, że pracownica jednego z hipermarketów wyłudzała pieniądze od prowadzącego w nim bistro handlowca.","Do Wydziału Gospodarczego Komendy Miejskiej w Szczecinie dotarł informacja o tym, że pracownica jednego z hipermarketów wyłudzała pieniądze od prowadzącego w nim bistro handlowca."
Na miejscu specjalna ekipa zbadała pozostałości po eksplozji.,Na miejscu specjalna ekipa zbadał pozostałości po eksplozji.
"Budowa jednego z najbardziej znanych na świecie budynków rozpoczęła się w październiku 1792 roku, a decyzję w tej sprawie podjął George Washington, który sam wybrał miejsce ""prezydenckiego domu"", lecz nie zdążył w nim zamieszkać.","Budowa jednego z najbardziej znanych na świecie budynków rozpoczął się w październiku 1792 roku, a decyzję w tej sprawie podjął George Washington, który sam wybrał miejsce ""prezydenckiego domu"", lecz nie zdążył w nim zamieszkać."
Kontrolę prywatyzacji jednoosobowych spółek Agencji WRSP Izba przeprowadziła na zlecenie sejmowej Komisji Rolnictwa i Rozwoju Wsi.,Kontrolę prywatyzacji jednoosobowych spółek Agencji WRSP Izba przeprowadził na zlecenie sejmowej Komisji Rolnictwa i Rozwoju Wsi.
Na szczęście na drodze pojawiła się astra.,Na szczęście na drodze pojawił się astra.
"Przed domem Bulatovicia wyłączyła silnik i wysiadła, nie pytając mnie o zdanie.","Przed domem Bulatovicia wyłączył silnik i wysiadła, nie pytając mnie o zdanie."
Została z tłuczkiem – kością chuja i japońską skorupą.,Został z tłuczkiem – kością chuja i japońską skorupą.
"Tyle się naczytała o przypadkowych spotkaniach, które w naturalny sposób rodzą bliskość.","Tyle się naczytał o przypadkowych spotkaniach, które w naturalny sposób rodzą bliskość."
A jeśli i ona nie znalazłaby w tym nic komicznego?,A jeśli i ona nie znalazł by w tym nic komicznego?
Z nerwów zaczęła mi się psuć cera.,Z nerwów zaczął mi się psuć cera.
"Kupiłam nowy krem Estée Lauder na mleku i jeszcze jeden, potwornie drogi, z placenty.","Kupił m nowy krem Estée Lauder na mleku i jeszcze jeden, potwornie drogi, z placenty."
"Wcześniej nie zauważyłam, że z tego palanta wycieka palantyna.","Wcześniej nie zauważył m , że z tego palanta wycieka palantyna."
Znalazła się samarytanka z mężem i trojgiem dzieci.,Znalazł się samarytanka z mężem i trojgiem dzieci.
"Gdybym ją znała, podsunęłabym jej złośliwie najnowszy numer “Jag är gravid” (miesięcznik “Jestem w ciąży”), rozdział “Sex”.","Gdyby m ją znała, podsunął by m jej złośliwie najnowszy numer “Jag är gravid” (miesięcznik “Jestem w ciąży”), rozdział “Sex”."
Zdjęłam już z siebie wszystko.,Zdjął m już z siebie wszystko.
Najchętniej odpięłabym też brzuch.,Najchętniej odpiął by m też brzuch.
Wyciągnęła się płasko i wygodnie przy Piotrze.,Wyciągnął się płasko i wygodnie przy Piotrze.
Co pomyślała Danka?,Co pomyślał Danka?
Ulica zaludniła się natychmiast.,Ulica zaludnił się natychmiast.
"Uciekła od tych poszukiwań, od siebie samej, uznawanej wówczas za piękność, ubranej z ekstrawagancją podkreślającą smukłą sylwetkę i kobiece kształty.","Uciekł od tych poszukiwań, od siebie samej, uznawanej wówczas za piękność, ubranej z ekstrawagancją podkreślającą smukłą sylwetkę i kobiece kształty."
Przegrałam po raz kolejny.,Przegrał m po raz kolejny.
"Na pytanie, co się stało, zaciągnęła mnie po żołniersku do pustego o tej porze biura i wyjaśniła:","Na pytanie, co się stało, zaciągnął mnie po żołniersku do pustego o tej porze biura i wyjaśniła:"
I nagle zrozumiałam!,I nagle zrozumiał m !
"Zobaczyłam dwóch identycznych Kaczorków, jak ciągną do ołtarza dwie różne kobiety.","Zobaczył m dwóch identycznych Kaczorków, jak ciągną do ołtarza dwie różne kobiety."
"Wprowadziła go do pokoju ""bazaltowego"", przekręciła kontakt.","Wprowadził go do pokoju ""bazaltowego"", przekręciła kontakt."
"Decyzja Pomianowicza z pozoru niczego nie zmieniła, ale w gruncie rzeczy zmieniła bardzo wiele.","Decyzja Pomianowicza z pozoru niczego nie zmienił, ale w gruncie rzeczy zmieniła bardzo wiele."
"Po chwili zagrzmiała gitara basowa, rozdarł się puzon, beztrosko zadźwięczał keyboard, po czym na podest wypadła ważąca sto trzy kilo Laura Wasąg i ryknęła basem w mikrofon:","Po chwili zagrzmiał gitara basowa, rozdarł się puzon, beztrosko zadźwięczał keyboard, po czym na podest wypadła ważąca sto trzy kilo Laura Wasąg i ryknęła basem w mikrofon:"
Moja stacja odbiorcza przestała go dyktować.,Moja stacja odbiorcza przestał go dyktować.
"Reszta nocy upłynęła przy ognisku, gasnącym z wolna, w miarę jak gasła ta melancholijna melodia o końcu świata.","Reszta nocy upłynął przy ognisku, gasnącym z wolna, w miarę jak gasła ta melancholijna melodia o końcu świata."
Saszce rzeczywiście odeszła chętka do dalszej rozmowy.,Saszce rzeczywiście odszedł chętka do dalszej rozmowy.
"Gdy zajęliśmy miejsca przy stoliku w oczekiwaniu na gong zapraszający do stołu w jadalni, do salonu wtoczyła się ministrowa z małżonkiem, za nimi wszedł dyrektor bardzo ważnego departamentu, a po chwili, nieoczekiwanie, w drzwiach stanął Naczelny.","Gdy zajęli śmy miejsca przy stoliku w oczekiwaniu na gong zapraszający do stołu w jadalni, do salonu wtoczył się ministrowa z małżonkiem, za nimi wszedł dyrektor bardzo ważnego departamentu, a po chwili, nieoczekiwanie, w drzwiach stanął Naczelny."
Na skrzyżowaniu Lidka zatrzymała się nagle.,Na skrzyżowaniu Lidka zatrzymał się nagle.
"Wystarczy, powiedziała sucho.","Wystarczy, powiedział sucho."
"Gdyby powiedziała co innego... ale powiedziała tylko to, więc zatrzymałem się posłusznie i tylko patrzyłem, jak odchodzą.","Gdyby powiedziała co innego... ale powiedział tylko to, więc zatrzymał em się posłusznie i tylko patrzył em , jak odchodzą."
Ajataka wzruszyła ramionami i pociągnęła mnie do windy.,Ajataka wzruszył ramionami i pociągnęła mnie do windy.
"Gdyby naprawdę spieszył się do pracy, pewnie by go zirytowała.","Gdyby naprawdę spieszył się do pracy, pewnie by go zirytował."
7. Ta kobieta jednego dnia straciła męża i dowiedziała się o śmiertelnej chorobie swej córki.,7. Ta kobieta jednego dnia stracił męża i dowiedziała się o śmiertelnej chorobie swej córki.
Tamta urodziła dziecko z wielkim okiem pośrodku czoła.,Tamta urodził dziecko z wielkim okiem pośrodku czoła.
"Zamilkła i wyszła do kuchni, żeby przynieść dzbanek kawy grzejący się w ekspresie.","Zamilkł i wyszła do kuchni, żeby przynieść dzbanek kawy grzejący się w ekspresie."
Ale Hristina nie drgnęła.,Ale Hristina nie drgnął.
Nawet się nie obejrzała.,Nawet się nie obejrzał.
"Rzuciła się do ucieczki, płacząc i wzywając głośno swojego ciemnookiego Boga i wszystkich świętych ze złoconych ikon.","Rzucił się do ucieczki, płacząc i wzywając głośno swojego ciemnookiego Boga i wszystkich świętych ze złoconych ikon."
"Jedna przysiadła na stoliku i zapaliła papierosa, druga oparła się o ścianę i masowała sobie podbicie.","Jedna przysiadł na stoliku i zapaliła papierosa, druga oparła się o ścianę i masowała sobie podbicie."
Ostatnia dwójka gości poderwała się z krzeseł i śpiesznie wyszła.,Ostatnia dwójka gości poderwał się z krzeseł i śpiesznie wyszła.
"Nim jednak zrównał się z nimi, Delfina, ściszając głos, powiedziała Romanowi:","Nim jednak zrównał się z nimi, Delfina, ściszając głos, powiedział Romanowi:"
Wyminęła szerokim łukiem miejsce katastrofy.,Wyminął szerokim łukiem miejsce katastrofy.
"Ale w kilkanaście minut później ta sama dziewczyna cisnęła w Adriana żółtą puszką po piwie tatra i zmusiła krzykami, aby się wycofał ze swojego ulubionego pokoju.","Ale w kilkanaście minut później ta sama dziewczyna cisnął w Adriana żółtą puszką po piwie tatra i zmusiła krzykami, aby się wycofał ze swojego ulubionego pokoju."
A więc zauważyła.,A więc zauważył.
"Sprawdziła, że nikt nie patrzy w jej stronę i powolnym krokiem, z opuszczoną głową wyszła z jej cienia.","Sprawdził, że nikt nie patrzy w jej stronę i powolnym krokiem, z opuszczoną głową wyszła z jej cienia."
Przeszła parę kroków i stanęła pod murem.,Przeszedł parę kroków i stanęła pod murem.
"Postała tak chwilę, rzucając ostrożne spojrzenia na wszystkie strony, po czym, spocona z wrażenia, umknęła z powrotem do wieży.","Postał tak chwilę, rzucając ostrożne spojrzenia na wszystkie strony, po czym, spocona z wrażenia, umknęła z powrotem do wieży."
"Zmęczona, na moment zamknęła oczy.","Zmęczona, na moment zamknął oczy."
"Zaniepokojona, otworzyła oczy.","Zaniepokojona, otworzył oczy."
"Rozejrzała się wokół siebie, ale pokój był pusty.","Rozejrzał się wokół siebie, ale pokój był pusty."
Przerażona Margaret zaczęła krzyczeć.,Przerażona Margaret zaczął krzyczeć.
Vega stała się silniejsza niż była od dłuższego już czasu.,Vega stał się silniejsza niż była od dłuższego już czasu.
Karolina spuściła głowę.,Karolina spuścił głowę.
"Myśl o skonstruowaniu balonu przyszła jej do głowy niedługo po przyjeździe do Miasta, gdy zorientowała się, jak duże są możliwości techniczne w Miejscu.","Myśl o skonstruowaniu balonu przyszedł jej do głowy niedługo po przyjeździe do Miasta, gdy zorientowała się, jak duże są możliwości techniczne w Miejscu."
"Teraz zrozumiała, jak było naprawdę.","Teraz zrozumiał, jak było naprawdę."
"Opowiedziała wszystko mężowi stwierdzając, że zachowanie Karoliny jest skandaliczne, jej maniery: brak jakiejkolwiek powściągliwości czy wstydu - - wprost nie do przyjęcia, a prezentowana wizja Świata - - przerażająca i mało prawdopodobna.","Opowiedział wszystko mężowi stwierdzając, że zachowanie Karoliny jest skandaliczne, jej maniery: brak jakiejkolwiek powściągliwości czy wstydu - - wprost nie do przyjęcia, a prezentowana wizja Świata - - przerażająca i mało prawdopodobna."
Na zegarze kościelnym wybiła północ.,Na zegarze kościelnym wybił północ.
"Niespodziewana, nagła choroba zaściankowego Casanowy zmieniła sytuację.","Niespodziewana, nagła choroba zaściankowego Casanowy zmienił sytuację."
"Poczuła się potrzebna biedakowi, gdy z tyfoidalną gorączką, z ostrym zapaleniem dróg oddechowych bredził w malignie.","Poczuł się potrzebna biedakowi, gdy z tyfoidalną gorączką, z ostrym zapaleniem dróg oddechowych bredził w malignie."
"Więc i ""ja rzuciłam się w sztuki piękne, bo gdy dwoje ludzi chce razem pójść w życie, toć oboje winni dążyć do tego, aby duchowe swe nastroje zlać w jak najściślejszą jedność"".","Więc i ""ja rzucił m się w sztuki piękne, bo gdy dwoje ludzi chce razem pójść w życie, toć oboje winni dążyć do tego, aby duchowe swe nastroje zlać w jak najściślejszą jedność""."
"Z ociąganiem podążyła za nimi i panna Dulęba, przesyłając z daleka prelegentce uśmiech i pocałunek dłonią.","Z ociąganiem podążył za nimi i panna Dulęba, przesyłając z daleka prelegentce uśmiech i pocałunek dłonią."
"Gdy rozmowa zeszła na terrorystów, na tamte sprawy sprzed kilkunastu lat, Eliza Orzeszkowa ucieszyła się, że kandydat na męża Jadzi przytakiwał, że nie można akceptować w żadnym wypadku tej - pożal się, wielki Boże - filozofii terroryzmu stosującego gwałt.","Gdy rozmowa zeszła na terrorystów, na tamte sprawy sprzed kilkunastu lat, Eliza Orzeszkowa ucieszył się, że kandydat na męża Jadzi przytakiwał, że nie można akceptować w żadnym wypadku tej - pożal się, wielki Boże - filozofii terroryzmu stosującego gwałt."
"Toteż usłuchawszy go, rzuciła studia, uciekła od rodziców do profesorskiego domu, wkrótce wyszła za mąż za wykładowcę i urodziła dzieci.","Toteż usłuchawszy go, rzucił studia, uciekła od rodziców do profesorskiego domu, wkrótce wyszła za mąż za wykładowcę i urodziła dzieci."
W drzwiach ukazała się lisia twarz pana Hawełko.,W drzwiach ukazał się lisia twarz pana Hawełko.
Wzruszyła ramionami.,Wzruszył ramionami.
Z iego kontusza potem Marszałkowa sobie uszyła serdako-suknię.,Z iego kontusza potem Marszałkowa sobie uszył serdako-suknię.
A na portrecie służąca dawno wzięła i nożyczkami wydrapała oczy.,A na portrecie służąca dawno wziął i nożyczkami wydrapała oczy.
I tu widocznie zaszła ta zdrada.,I tu widocznie zaszedł ta zdrada.
Przedtem Wanda zdradziła z nim męża.,Przedtem Wanda zdradził z nim męża.
"Bo Marszałkowa wyjęła buczacz, ale źle go przechowywała.","Bo Marszałkowa wyjął buczacz, ale źle go przechowywała."
"Po kolacji większość zawodników udała się do siebie, mechanicy wrócili do stojących na parkingu samochodów, parę osób zdecydowało się na wspólną wyprawę do koktajl-baru.","Po kolacji większość zawodników udał się do siebie, mechanicy wrócili do stojących na parkingu samochodów, parę osób zdecydowało się na wspólną wyprawę do koktajl-baru."
Pokrzepiła mnie tym na duchu.,Pokrzepił mnie tym na duchu.
"- Uspokój się, Rex, do nogi pies! - zawołała Alina.","- Uspokój się, Rex, do nogi pies! - zawołał Alina."
"- Tak bardzo nie chcę, żebyś odszedł, i wiem, że musisz odejść - szepnęłam.","- Tak bardzo nie chcę, żeby ś odszedł, i wiem, że musisz odejść - szepnął m ."
- Tak bardzo cię kocham - powiedziałam.,- Tak bardzo cię kocham - powiedział m .
Przyjechała na wakacje.,Przyjechał na wakacje.
"- Zdawało ci się, Maćku - młoda matka odstawiła wysączoną do ostatniej kropli butelkę.","- Zdawało ci się, Maćku - młoda matka odstawił wysączoną do ostatniej kropli butelkę."
Geniusia przeżyła naprawdę ciężki szok.,Geniusia przeżył naprawdę ciężki szok.
"- Nie ma ich już, poszły panny! - zameldowała ochryple.","- Nie ma ich już, poszły panny! - zameldował ochryple."
- Ja wszystko słyszę... - odezwała się wreszcie.,- Ja wszystko słyszę... - odezwał się wreszcie.
Wiersz... zdumiała się.,Wiersz... zdumiał się.
"- Ona ci kazała to dać - odrzekła dziewczynka, stojąc obok pianina.","- Ona ci kazała to dać - odrzekł dziewczynka, stojąc obok pianina."
"- Nie, powiedziała, że mam zostać z tobą.","- Nie, powiedział, że mam zostać z tobą."
- Chłopiec - powiedziała głosem pełnym ulgi matka dziecka.,- Chłopiec - powiedział głosem pełnym ulgi matka dziecka.
Suzanne pokręciła przecząco głową.,Suzanne pokręcił przecząco głową.
Ja już też nie mam tej siły co kiedyś - westchnęła.,Ja już też nie mam tej siły co kiedyś - westchnął.
Minęła zakręt i skierowała się w stronę mostku.,Minął zakręt i skierowała się w stronę mostku.
"Słysząc kroki Suzanne, spojrzała w jej stronę i uśmiechnęła się.","Słysząc kroki Suzanne, spojrzał w jej stronę i uśmiechnęła się."
"- Twoja mama brała udział w wojnie z bolszewikami - powiedziała, starając się zachować spokój.","- Twoja mama brała udział w wojnie z bolszewikami - powiedział, starając się zachować spokój."
- Co potem?! - wybuchnęła.,- Co potem?! - wybuchnął.
- Przeszła na ich stronę.,- Przeszedł na ich stronę.
"- Jeżeli się chce z kimś być, to się z nim jest - rzekła z przekonaniem.","- Jeżeli się chce z kimś być, to się z nim jest - rzekł z przekonaniem."
- To ja - odrzekła zaintrygowana.,- To ja - odrzekł zaintrygowana.
"Ewelina ukryła twarz w dłoniach, ogarnęło ją uczucie takiej rozpaczy, że nie chciała, aby ten człowiek to oglądał.","Ewelina ukrył twarz w dłoniach, ogarnęło ją uczucie takiej rozpaczy, że nie chciała, aby ten człowiek to oglądał."
- Jest cytrynowa oranżada? - spytała Ewelina.,- Jest cytrynowa oranżada? - spytał Ewelina.
Tym razem kelnerka skinęła głową.,Tym razem kelnerka skinął głową.
- Śpię - odrzekła niepewnie.,- Śpię - odrzekł niepewnie.
"Zebrała dłonią mokrą bluzkę na piersiach, pochyliła głowę, ociekający wodą kosmyk włosów łaskotał jej długie czarne rzęsy.","Zebrał dłonią mokrą bluzkę na piersiach, pochyliła głowę, ociekający wodą kosmyk włosów łaskotał jej długie czarne rzęsy."
"- Co on tam z tobą robił? - spytała wreszcie Babka, nie mogąc poskromić ciekawości.","- Co on tam z tobą robił? - spytał wreszcie Babka, nie mogąc poskromić ciekawości."
Lecz spojrzawszy na Polka umilkła.,Lecz spojrzawszy na Polka umilkł.
"Yennefer gwałtownie rozpostarła ręce, wykrzyczała zaklęcie, wykonując dłońmi krótki, zawiły gest.","Yennefer gwałtownie rozpostarł ręce, wykrzyczała zaklęcie, wykonując dłońmi krótki, zawiły gest."
"Balia zapieniła się od wody, falującej niespokojnie, uderzającej o brzegi, pryskającej na podłogę.","Balia zapienił się od wody, falującej niespokojnie, uderzającej o brzegi, pryskającej na podłogę."
"Czarodziejka usiadła, wracając do przerwanej czynności.","Czarodziejka usiadł, wracając do przerwanej czynności."
- Ostro szarpnęła pierzyną.,- Ostro szarpnął pierzyną.
"Spojrzała na niego kątem oka i wiedźmin zrozumiał nagle, że się pomylił.","Spojrzał na niego kątem oka i wiedźmin zrozumiał nagle, że się pomylił."
- Dlaczego? - powtórzyła.,- Dlaczego? - powtórzył.
"- Belleteyn! - krzyknęła prosto w ucho Geralta młoda, niewysoka dziewczyna.","- Belleteyn! - krzyknął prosto w ucho Geralta młoda, niewysoka dziewczyna."
"Ciągnąc go za rękaw, zmusiła do obrócenia się wśród otaczającego ich korowodu.","Ciągnąc go za rękaw, zmusił do obrócenia się wśród otaczającego ich korowodu."
"Zapląsała obok, furkocąc spódnicą i powiewając włosami pełnymi kwiatów.","Zapląsał obok, furkocąc spódnicą i powiewając włosami pełnymi kwiatów."
"Braenn zbliżyła się powoli, z napiętym łukiem, kopnęła wijący się wśród traw, przebierający odnóżami tułów, splunęła na niego.","Braenn zbliżył się powoli, z napiętym łukiem, kopnęła wijący się wśród traw, przebierający odnóżami tułów, splunęła na niego."
- Uratowałaś mi życie.,- Uratował ś mi życie.
- Przepraszam cię - powiedziała Monika i zdusiła papierosa.,- Przepraszam cię - powiedział Monika i zdusiła papierosa.
- Pan do kogo? - zapytała mego gościa gospodyni.,- Pan do kogo? - zapytał mego gościa gospodyni.
Ludka potrząsnęła głową.,Ludka potrząsnął głową.
Pani Bentley okazała się bardzo miłą i gościnną kobietą.,Pani Bentley okazał się bardzo miłą i gościnną kobietą.
"Skinęła głową, przyciągnęła Istvana ku sobie, całowała w policzek.","Skinął głową, przyciągnęła Istvana ku sobie, całowała w policzek."
"- Mam - odpowiedziała z radosną gotowością, która aż go dławiła.","- Mam - odpowiedział z radosną gotowością, która aż go dławiła."
A jeżeli teraz z równą łatwością pozbyła się i jego?,A jeżeli teraz z równą łatwością pozbył się i jego?
Starła tablicę?,Starł tablicę?
"Zrzuciła sukienkę, przyklękła i rwała blask, ochlapywała się migotami, ciało jej szczupłe nabierało lśnienia późnego złota, łagodnie osunęła się z głębokim westchnieniem układając się na piaszczystym dnie płytkiej rzeczki.","Zrzucił sukienkę, przyklękła i rwała blask, ochlapywała się migotami, ciało jej szczupłe nabierało lśnienia późnego złota, łagodnie osunęła się z głębokim westchnieniem układając się na piaszczystym dnie płytkiej rzeczki."
Woda dokoła niej poróżowiała od zmytego kurzu.,Woda dokoła niej poróżowiał od zmytego kurzu.
- Dlaczego tak? - spytała cierpliwie.,- Dlaczego tak? - spytał cierpliwie.
A myśl ukryła się w tłumie.,A myśl ukrył się w tłumie.
"Przystanęła z rozterką i nie wiedziała, co powiedzieć.","Przystanął z rozterką i nie wiedziała, co powiedzieć."
"Potem pewnie usnęła, bo kiedy obudziła się ponownie, Emilka koczergą rozbijała żarzące się głownie w piecu.","Potem pewnie usnął, bo kiedy obudziła się ponownie, Emilka koczergą rozbijała żarzące się głownie w piecu."
"- To ty, Emilio? - spytała.","- To ty, Emilio? - spytał."
"- Tak to ja, na pewno ja - zaśmiała się kobieta.","- Tak to ja, na pewno ja - zaśmiał się kobieta."
Zawahała się na moment.,Zawahał się na moment.
"Jakież to wszystko męczące, pomyślała.","Jakież to wszystko męczące, pomyślał."
Panna Helena ocknęła się z zamyślenia.,Panna Helena ocknął się z zamyślenia.
- Dosyć się napatrzyłam.,- Dosyć się napatrzył m .
"Wróciła i przez pół roku przy łóżku ojca siedziała, a potem, gdy zmarł, do szkoły tej paskudnej nie odjechała i, nie czekając końca żałoby, za młodego organistę, Bogusza, wyszła, choć matka dla syna inną partię, Annę od młynarza, bogacza na Kaleń i okolicę, zamówioną miała.","Wrócił i przez pół roku przy łóżku ojca siedziała, a potem, gdy zmarł, do szkoły tej paskudnej nie odjechała i, nie czekając końca żałoby, za młodego organistę, Bogusza, wyszła, choć matka dla syna inną partię, Annę od młynarza, bogacza na Kaleń i okolicę, zamówioną miała."
"- Boże, co teraz będzie! - westchnęła Karolcia.","- Boże, co teraz będzie! - westchnął Karolcia."
"- Czekaj, czekaj - powiedziała do tatusia - chcę ci jeszcze coś pokazać!","- Czekaj, czekaj - powiedział do tatusia - chcę ci jeszcze coś pokazać!"
- To dobrze - ucieszyła się ciotka.,- To dobrze - ucieszył się ciotka.
Karolcia zaczerwieniła się i nic nie odpowiedziała.,Karolcia zaczerwienił się i nic nie odpowiedziała.
"- Prawda - szepnęła Karolcia - ale dlaczego ja widzę ciebie, a ty widzisz mnie?","- Prawda - szepnął Karolcia - ale dlaczego ja widzę ciebie, a ty widzisz mnie?"
- Prawda - ucieszyła się Karolcia.,- Prawda - ucieszył się Karolcia.
"Dla zachęty wspomniałabym, że dostanie czekoladę.","Dla zachęty wspomniał by m , że dostanie czekoladę."
"- Pytam, czy mógłbyś mnie pokochać - powtórzyła, jej ciemne oczy patrzyły na mnie ciepło i zarazem z powagą.","- Pytam, czy mógł by ś mnie pokochać - powtórzył, jej ciemne oczy patrzyły na mnie ciepło i zarazem z powagą."
"- Bo kocha mnie twój ojciec - odparła poważnie, bez uśmiechu.","- Bo kocha mnie twój ojciec - odparł poważnie, bez uśmiechu."
"Przełknęła ostatni kęs pomidora, zagryzła chlebem i wierzchem dłoni wytarła usta.","Przełknął ostatni kęs pomidora, zagryzła chlebem i wierzchem dłoni wytarła usta."
- Czy mógłbyś wreszcie coś powiedzieć? - spytała.,- Czy mógł by ś wreszcie coś powiedzieć? - spytał.
- Miałam być o piętnastej - odrzekłam strapiona.,- Miała m być o piętnastej - odrzekł m strapiona.
"Dostrzegłam, że patrzą na mnie ze współczuciem.","Dostrzegł m , że patrzą na mnie ze współczuciem."
Nie poruszyłam się.,Nie poruszył m się.
- Mój Piotr jak się u was sprawuje? - spytała lekko.,- Mój Piotr jak się u was sprawuje? - spytał lekko.
- Ma już czterdzieści - rzekłam tonem uczennicy.,- Ma już czterdzieści - rzekł m tonem uczennicy.
- Plus cztery - uzupełniła.,- Plus cztery - uzupełnił.
- Tata nie jest taki - odrzekłam.,- Tata nie jest taki - odrzekł m .
"Otworzyłam, nie sprawdzając.","Otworzył m , nie sprawdzając."
- Zabiję się - wyszeptała.,- Zabiję się - wyszeptał.
Pan Bóg ci zakaże - odrzekłam zgryźliwie.,Pan Bóg ci zakaże - odrzekł m zgryźliwie.
Nie odezwała się.,Nie odezwał się.
"Z pełną świadomością poinformowałam Agnieszkę o tym, co zaszło wczoraj w moim domu, w ten sposób odcięłam możliwość pogadania o Darku i Zbyszku, jeżeli ci dwaj tak się nazywali, o sukcesie, o wściekłości Beaty i o tym najważniejszym, że to my, my dwie, Magda i Agnieszka, byłyśmy zwyciężczyniami tego osobliwego konkursu.","Z pełną świadomością poinformował m Agnieszkę o tym, co zaszło wczoraj w moim domu, w ten sposób odcięła m możliwość pogadania o Darku i Zbyszku, jeżeli ci dwaj tak się nazywali, o sukcesie, o wściekłości Beaty i o tym najważniejszym, że to my, my dwie, Magda i Agnieszka, były śmy zwyciężczyniami tego osobliwego konkursu."
"U samego już progu nocy mignęła mi mgliście wielka, leśna polana z pasącym się spokojnie stadem saren.","U samego już progu nocy mignął mi mgliście wielka, leśna polana z pasącym się spokojnie stadem saren."
"Zapytała mimochodem: - Ci państwo zapewne na długo, gdyż przywieźli dużo rzeczy.","Zapytał mimochodem: - Ci państwo zapewne na długo, gdyż przywieźli dużo rzeczy."
- Przemili goście - podjęła gospodyni.,- Przemili goście - podjął gospodyni.
"Oszacowała go szybkim, przelotnym draśnięciem oka, wydęła lekko wargi i rzuciła z przekąsem: - O tym wie nawet niemowlę w żłobku.","Oszacował go szybkim, przelotnym draśnięciem oka, wydęła lekko wargi i rzuciła z przekąsem: - O tym wie nawet niemowlę w żłobku."
- Szanowna księżniczka już dawno ze żłobka wyszła.,- Szanowna księżniczka już dawno ze żłobka wyszedł.
Zatrzepotała gęstymi rzęsami.,Zatrzepotał gęstymi rzęsami.
"- Przeszłam do szóstej klasy, jeżeli na tym komu zależy.","- Przeszedł m do szóstej klasy, jeżeli na tym komu zależy."
- Nie - szepnęła.,- Nie - szepnął.
Ale Ika potrząsnęła przecząco głową.,Ale Ika potrząsnął przecząco głową.
- Jak pilnie śpią - rozczuliła się Meda.,- Jak pilnie śpią - rozczulił się Meda.
- Właśnie - powiedziała Ika.,- Właśnie - powiedział Ika.
"Po jego słowach poznała, że mimo wszystko nie ma teraz czasu na żarty.","Po jego słowach poznał, że mimo wszystko nie ma teraz czasu na żarty."
- No to... zamieniam się - mruknęła.,- No to... zamieniam się - mruknął.
- A... w słuch! - powiedziała.,- A... w słuch! - powiedział.
"To jest pomysł! - pochwaliła Karolcia i dodała uprzejmie: - Proszę, może ty narysujesz?","To jest pomysł! - pochwalił Karolcia i dodała uprzejmie: - Proszę, może ty narysujesz?"
- Przecież dałam ci chusteczkę - przypomniała Karolcia.,- Przecież dała m ci chusteczkę - przypomniał Karolcia.
- Nie wpadłabym - odparła uprzejmie.,- Nie wpadła by m - odparł uprzejmie.
Dziewczyna wysupłała zza dekoltu banknoty dziesięciomarkowe.,Dziewczyna wysupłał zza dekoltu banknoty dziesięciomarkowe.
- Nie trzeba mi więcej - schowała zwitek do kieszonki.,- Nie trzeba mi więcej - schował zwitek do kieszonki.
"Brzęcząc pustymi kuflami, weszła do środka.","Brzęcząc pustymi kuflami, wszedł do środka."
"- Dowiedziałam się, że pan spotyka się od pewnego czasu z Renią.","- Dowiedział m się, że pan spotyka się od pewnego czasu z Renią."
- Zmarszczka przecięła czoło Tygellina.,- Zmarszczka przeciął czoło Tygellina.
"Jakaś kobieta zawołała: - Teraz widać, że to nieprawda, co mówili o tobie...","Jakaś kobieta zawołał: - Teraz widać, że to nieprawda, co mówili o tobie..."
Za linią lasu błysnęła w słońcu blacha na wieży kościoła.,Za linią lasu błysnął w słońcu blacha na wieży kościoła.
Bo ta kobieta na pewno to przed nim ukryła.,Bo ta kobieta na pewno to przed nim ukrył.
Spojrzała nań ze zdumieniem.,Spojrzał na ń ze zdumieniem.
"Zaczerwieniła się, wzgardliwie odymając usta.","Zaczerwienił się, wzgardliwie odymając usta."
- Za nic nie poszłabym.,- Za nic nie poszedł by m .
- Przecież chory jesteś! - oburzyła się Sara.,- Przecież chory jesteś! - oburzył się Sara.
- To pewnie Obed - domyśliła się Idith.,- To pewnie Obed - domyślił się Idith.
"Resa pośpieszyła do Ab-Rama, czekającego niecierpliwie w swoim namiocie.","Resa pośpieszył do Ab-Rama, czekającego niecierpliwie w swoim namiocie."
Simona ją przyjęła groźna: Gdzie pani znikła?,Simona ją przyjął groźna: Gdzie pani znikła?
- Ach! - zawołała U la z niezwykłą u niej gwałtownością.,- Ach! - zawołał U la z niezwykłą u niej gwałtownością.
Pestka nie przejęła się tym okrzykiem.,Pestka nie przejął się tym okrzykiem.
Ewa upiła łyk kawy i wypuściła kolejny obłok dymu.,Ewa upił łyk kawy i wypuściła kolejny obłok dymu.
Zośka lekko się zmieszała.,Zośka lekko się zmieszał.
Nie odsunęła głowy.,Nie odsunął głowy.
Marzena zaczęła wreszcie opowiadać.,Marzena zaczął wreszcie opowiadać.
"- No, co tam znowu? - zapytała trochę niecierpliwie, jakby już rozmowa stała się przydługa.","- No, co tam znowu? - zapytał trochę niecierpliwie, jakby już rozmowa stała się przydługa."
- A właśnie że wie - uśmiechnęła się przekornie i znacząco spojrzała na matkę.,- A właśnie że wie - uśmiechnął się przekornie i znacząco spojrzała na matkę.
Zamyśliła się i jakby psotny uśmieszek rozognił jej oczy.,Zamyślił się i jakby psotny uśmieszek rozognił jej oczy.
"- A czy mogę wziąć ją do mojego pokoju, wujo? - spytała błagalnym tonem.","- A czy mogę wziąć ją do mojego pokoju, wujo? - spytał błagalnym tonem."
- Józwa to... no Józwa...- roześmiała się bezradna.,- Józwa to... no Józwa...- roześmiał się bezradna.
- Zbita z tropu uśmiechnęła się niepewnie.,- Zbita z tropu uśmiechnął się niepewnie.
"Pewnego razu, gdy Izydor przyszedł na pocztę z plikiem listów, urzędniczka w błyszczącym fartuchu przysunęła nagle twarz do okienka i powiedziała: - Naczelnik jest bardzo z ciebie zadowolony.","Pewnego razu, gdy Izydor przyszedł na pocztę z plikiem listów, urzędniczka w błyszczącym fartuchu przysunął nagle twarz do okienka i powiedziała: - Naczelnik jest bardzo z ciebie zadowolony."
"- Zmężniałeś - powiedziała Genowefa, nie odwracając się.","- Zmężniał eś - powiedział Genowefa, nie odwracając się."
W zarządzie nekropolii gruba zakonnica niechętnie wyciągnęła stare księgi.,W zarządzie nekropolii gruba zakonnica niechętnie wyciągnął stare księgi.
- Zakonnica zamknęła księgę i przestała się interesować Jakubem.,- Zakonnica zamknął księgę i przestała się interesować Jakubem.
"Omotana strachem, prowadząc w myślach nie kończący się dialog z Antonim o bezsensie swojej misji, nie spostrzegła nawet, jaką ulicą idzie.","Omotana strachem, prowadząc w myślach nie kończący się dialog z Antonim o bezsensie swojej misji, nie spostrzegł nawet, jaką ulicą idzie."
Nagle stanęła przygwożdżona do ziemi.,Nagle stanął przygwożdżona do ziemi.
"- Łapią? - spytała Alina chłopca, który przed chwilą minął Niemców i szedł spokojnie dalej.","- Łapią? - spytał Alina chłopca, który przed chwilą minął Niemców i szedł spokojnie dalej."
- Teraz ty powiedz - poprosiła Szprycha.,- Teraz ty powiedz - poprosił Szprycha.
- Nie boi się pani? - spytała Blokowa.,- Nie boi się pani? - spytał Blokowa.
- Już! - powiedziała Nadia.,- Już! - powiedział Nadia.
Podała mi lusterko.,Podał mi lusterko.
"W końcu jednak znalazła dla Ewy coś, co ją usatysfakcjonowało: krem ze szparagów i brokuły z opiekanymi kartoflami.","W końcu jednak znalazł dla Ewy coś, co ją usatysfakcjonowało: krem ze szparagów i brokuły z opiekanymi kartoflami."
Dla siebie zamówiła eskalopki cielęce.,Dla siebie zamówił eskalopki cielęce.
"Pożałowałam, że mimo namów Ewy, mojej córki, nie sprawiłam sobie niczego nowego na ten wyjazd.","Pożałował m , że mimo namów Ewy, mojej córki, nie sprawiła m sobie niczego nowego na ten wyjazd."
Noc zamazała fantastyczne kolory i wszystkie klomby wyglądały teraz jednakowo.,Noc zamazał fantastyczne kolory i wszystkie klomby wyglądały teraz jednakowo.
- Czy go nie obudzimy? - zapytała Weronika.,- Czy go nie obudzimy? - zapytał Weronika.
- Jakie to szczęście? - wzruszyła ramionami.,- Jakie to szczęście? - wzruszył ramionami.
Głowa zastanowiła się chwilę.,Głowa zastanowił się chwilę.
"- Myślę, że nigdy się nie rozstaniemy - powiedziała przechylając kokieteryjnie głowę.","- Myślę, że nigdy się nie rozstaniemy - powiedział przechylając kokieteryjnie głowę."
- Wróciłeś? - powiedziała niemal szeptem.,- Wrócił eś ? - powiedział niemal szeptem.
Pozwoliła mi się objąć i z westchnieniem przytuliła głowę do mojej piersi.,Pozwolił mi się objąć i z westchnieniem przytuliła głowę do mojej piersi.
"Kiedy kelner podał zamówione przez Gordona szparagi, Izolda zawołała z rozbrajającym zdziwieniem: - Co to?","Kiedy kelner podał zamówione przez Gordona szparagi, Izolda zawołał z rozbrajającym zdziwieniem: - Co to?"
Rozejrzała się po kabinie.,Rozejrzał się po kabinie.
"Położyła na nim torebkę, odetchnęła głęboko i przymknęła oczy.","Położył na nim torebkę, odetchnęła głęboko i przymknęła oczy."
Milczącemu urodziła się córka.,Milczącemu urodził się córka.
- Teraz zaszła w niej niepojęta zmiana.,- Teraz zaszedł w niej niepojęta zmiana.
- Co wy wszyscy ode mnie chcecie - powiedziała tylko ciotka Chawa.,- Co wy wszyscy ode mnie chcecie - powiedział tylko ciotka Chawa.
Wczoraj znalazła dwa zdechłe szczury.,Wczoraj znalazł dwa zdechłe szczury.
- Co ci znów ukradła?,- Co ci znów ukradł?
Zatarta w pamięci twarz wynurzyła się z cienia i wuj Jehuda staje nad nimi - z ramieniem wysuniętym miękko do przodu.,Zatarta w pamięci twarz wynurzył się z cienia i wuj Jehuda staje nad nimi - z ramieniem wysuniętym miękko do przodu.
- A jednak poszła z nimi za mur.,- A jednak poszedł z nimi za mur.
"Stara Zełda szurając bamboszami wyszła z jakiegoś ciemnego zakamarka piwnic, popatrzeć i ucałować strzęp urwany z gazety, zapisany ludzkim pismem.","Stara Zełda szurając bamboszami wyszedł z jakiegoś ciemnego zakamarka piwnic, popatrzeć i ucałować strzęp urwany z gazety, zapisany ludzkim pismem."
Rozpłakała się na ten widok.,Rozpłakał się na ten widok.
Rzuciła mi miażdżące spojrzenie.,Rzucił mi miażdżące spojrzenie.
"Po kilku kilometrach, za zakrętem drogi, uwidoczniła się przed nami zielona, zwarta kępa drzew.","Po kilku kilometrach, za zakrętem drogi, uwidocznił się przed nami zielona, zwarta kępa drzew."
"- Pański samochód, który pływa po wodzie jak najlepsza motorówka, też należy do muzealnego wyposażenia? - spytała z ironią.","- Pański samochód, który pływa po wodzie jak najlepsza motorówka, też należy do muzealnego wyposażenia? - spytał z ironią."
Spojrzała na mnie nie rozumiejąc.,Spojrzał na mnie nie rozumiejąc.
Po chwili wybuchnęła szczerym śmiechem.,Po chwili wybuchnął szczerym śmiechem.
"- Szybko się zadomowiłaś w tym buduarze, Teresko.","- Szybko się zadomowił ś w tym buduarze, Teresko."
"Pocałowała mnie w czoło i wyszła, zanim zdążyłem coś powiedzieć.","Pocałował mnie w czoło i wyszła, zanim zdążył em coś powiedzieć."
- Ja w ogóle mam duszę pielęgniarki - powiedziała Tereska.,- Ja w ogóle mam duszę pielęgniarki - powiedział Tereska.
- Tereska nie zasługuje na żadne prezenty - oświadczyła nauczycielka.,- Tereska nie zasługuje na żadne prezenty - oświadczył nauczycielka.
"Tereska mrugnęła do mnie porozumiewawczo i opuściła głowę, jak każda strofowana uczennica.","Tereska mrugnął do mnie porozumiewawczo i opuściła głowę, jak każda strofowana uczennica."
- Nie będzie się pan wstydził Alicji - oświadczyła z dumą.,- Nie będzie się pan wstydził Alicji - oświadczył z dumą.
"I położyła rękę na mej ręce, którą to rękę ja położyłem na balustradzie.","I położył rękę na mej ręce, którą to rękę ja położył em na balustradzie."
"Jako osoba wrażliwa, wyczuła prawdopodobnie we mnie napięcie i tym dotykiem chciała mnie uspokoić, ale wywołała bolesny dreszcz.","Jako osoba wrażliwa, wyczuł prawdopodobnie we mnie napięcie i tym dotykiem chciała mnie uspokoić, ale wywołała bolesny dreszcz."
"- Jesteś zmęczony, tatusiu - powiedziała Tereska.","- Jesteś zmęczony, tatusiu - powiedział Tereska."
- A ja zbieram na posag - powiedziała Basia.,- A ja zbieram na posag - powiedział Basia.
"Zocha osunęła się na kanapę, głową na wznak.","Zocha osunął się na kanapę, głową na wznak."
"Kamykówna wyjęła z torby czerwony proporzec, Władek nadział go na laskę i podniósł wysoko nad głową.","Kamykówna wyjął z torby czerwony proporzec, Władek nadział go na laskę i podniósł wysoko nad głową."
"Mała poskarżyła się, że koza się jej nie słucha.","Mała poskarżył się, że koza się jej nie słucha."
- Została z mężem.,- Został z mężem.
Przy stoliku zaległa cisza.,Przy stoliku zaległ cisza.
"Reidernowa skrzywiła się, kiedy zapytała ją, czy we dworze znajduje się coś w rodzaju podręcznej apteczki.","Reidernowa skrzywił się, kiedy zapytała ją, czy we dworze znajduje się coś w rodzaju podręcznej apteczki."
Kłopotom zaradziła Gawlikowa.,Kłopotom zaradził Gawlikowa.
Wyciągnęła z przepastnej kieszeni fartucha kluczyk i zaprowadziła Martę do kredensu.,Wyciągnęła z przepastnej kieszeni fartucha kluczyk i zaprowadził Martę do kredensu.
"- Od czasu, gdy pani Reidernowa objęła rządy, nikt tutaj nie zajrzy - zganiła porządki Gawlikowa.","- Od czasu, gdy pani Reidernowa objęła rządy, nikt tutaj nie zajrzy - zganił porządki Gawlikowa."
- Musi ci być bardzo ciężko - powiedziała Marta i położyła rękę na ramieniu Marysi.,- Musi ci być bardzo ciężko - powiedział Marta i położyła rękę na ramieniu Marysi.
"Dziewczyna przerwała ścieranie kurzy, popatrzyła na rozmówczynię ciemnymi, prześlicznymi oczami, które przypominały dwa kasztany w otoczce pierzastych rzęs.","Dziewczyna przerwał ścieranie kurzy, popatrzyła na rozmówczynię ciemnymi, prześlicznymi oczami, które przypominały dwa kasztany w otoczce pierzastych rzęs."
"Gdybym urodziła te wszystkie bachory, to chyba zapełniłabym pół ""Adrii"".","Gdyby m urodziła te wszystkie bachory, to chyba zapełnił by m pół ""Adrii""."
"W południe bezwietrznego listopadowego dnia podjechała taksówką na ulicę Topiel, gdzie mieszkała stara akuszerka, masowo produkująca aniołki.","W południe bezwietrznego listopadowego dnia podjechał taksówką na ulicę Topiel, gdzie mieszkała stara akuszerka, masowo produkująca aniołki."
"Dotknęła cię ta ironia, niemal obraziła, chociaż Zygmunt wypowiedział te słowa spokojnym, pozornie obojętnym tonem.","Dotknął cię ta ironia, niemal obraziła, chociaż Zygmunt wypowiedział te słowa spokojnym, pozornie obojętnym tonem."
Zmarszczyła brwi.,Zmarszczył brwi.
Ogarnęła ją niepewność i rozgoryczenie.,Ogarnął ją niepewność i rozgoryczenie.
Nagle zatęskniła za Witkiem.,Nagle zatęsknił za Witkiem.
"Trochę mi lepiej, gdy wiem, że to nie tylko z mojej winy wyprawa musiała zawrócić z drogi - wtrąciła Sally.","Trochę mi lepiej, gdy wiem, że to nie tylko z mojej winy wyprawa musiała zawrócić z drogi - wtrącił Sally."
"- Czy pan naprawdę sądzi, że Tommy jest zakochany? - filuternie podchwyciła Sally.","- Czy pan naprawdę sądzi, że Tommy jest zakochany? - filuternie podchwycił Sally."
- Dobrze... - szepnęła Sally.,- Dobrze... - szepnął Sally.
"- Jakżeż mi przykro - rozczuliłaby się, bo któż by się nie rozczulił.","- Jakżeż mi przykro - rozczulił by się, bo któż by się nie rozczulił."
"I pobiegła do pokoju, gdzie ta czapka wisiała na gwoździu nad łóżkiem, a wróciwszy z nią, otworzyła drzwiczki do paleniska i zaczęła tę czapkę wpychać w ogień.","I pobiegł do pokoju, gdzie ta czapka wisiała na gwoździu nad łóżkiem, a wróciwszy z nią, otworzyła drzwiczki do paleniska i zaczęła tę czapkę wpychać w ogień."
"- O, tu ci specjalnie ten chwast zostawiłam i ominąłeś.","- O, tu ci specjalnie ten chwast zostawił m i ominął eś ."
"Znów się pochyliła, głośnymi kląsknięciami obmacując ścieżkę.","Znów się pochylił, głośnymi kląsknięciami obmacując ścieżkę."
"- Przypierając czapkę drzwiczkami, matka aż się poderwała z kucek.","- Przypierając czapkę drzwiczkami, matka aż się poderwał z kucek."
- Wolę cię mieć żywego niż oficera - wybuchnęła matka.,- Wolę cię mieć żywego niż oficera - wybuchnął matka.
"Postawiła więc dwie szklanki, jedną przed nim, drugą przede mną.","Postawił więc dwie szklanki, jedną przed nim, drugą przede mną."
- Tata siądzie - rzuciła Sulka.,- Tata siądzie - rzucił Sulka.
Jedna z moich kobiet kupiła samouczek dla sprzątających.,Jedna z moich kobiet kupił samouczek dla sprzątających.
To trochę spisałam i wkuwam.,To trochę spisał m i wkuwam.
- Ale od tych dyskusji z panem... noga mnie rozbolała... i pójdę się położyć.,- Ale od tych dyskusji z panem... noga mnie rozbolał... i pójdę się położyć.
"Halina Ferens przeszła do sypialni, lecz po chwili, już bez futra, stanęła we drzwiach.","Halina Ferens przeszedł do sypialni, lecz po chwili, już bez futra, stanęła we drzwiach."
"I Wasicińska, wytarłszy ręce o zapaskę, ukroiła pajdę gęstego chleba, wyszła za księdzem do sieni, spojrzała: - Całkiem wróbelek - zaśmiała się.","I Wasicińska, wytarłszy ręce o zapaskę, ukroił pajdę gęstego chleba, wyszła za księdzem do sieni, spojrzała: - Całkiem wróbelek - zaśmiała się."
Zaległa pełna niepewności cisza.,Zaległ pełna niepewności cisza.
Jego młodość przemówiła do mnie.,Jego młodość przemówił do mnie.
"Nie minęła godzina, kiedy pilot znowu do kabiny wsiada.","Nie minął godzina, kiedy pilot znowu do kabiny wsiada."
"Odwróciła się od drzwi i dodała z uśmiechem, który był wart co najmniej tyle, ile każda z dotychczasowych propozycji.","Odwrócił się od drzwi i dodała z uśmiechem, który był wart co najmniej tyle, ile każda z dotychczasowych propozycji."
"Opowieść o uciśnionym Wasylku widać ich poruszyła, poczuli się współwinni.","Opowieść o uciśnionym Wasylku widać ich poruszył, poczuli się współwinni."
"Matka nie powiedziała, że ojciec kłamie, ani też, że mija się z prawdą.","Matka nie powiedział, że ojciec kłamie, ani też, że mija się z prawdą."
"Zadała kłam jego wypowiedzi, pokazując trzy duże domy i jedną małą chałupkę, powstałą z jednego, przeżartego nędzą i złem domu Schönmythów.","Zadał kłam jego wypowiedzi, pokazując trzy duże domy i jedną małą chałupkę, powstałą z jednego, przeżartego nędzą i złem domu Schönmythów."
Wykorkowała jakieś dwa lata temu.,Wykorkował jakieś dwa lata temu.
- Nie ma Bućka - odpowiedziała.,- Nie ma Bućka - odpowiedział.
- Nie męcz matki - powiedziała gospodyni.,- Nie męcz matki - powiedział gospodyni.
Co zrobiła?,Co zrobił?
"Potem opłukała naczynia i ustawiła na drucianej kratce, by obeschły.","Potem opłukał naczynia i ustawiła na drucianej kratce, by obeschły."
"""No, to..."" - powiedziała, wycierając ręce.","""No, to..."" - powiedział, wycierając ręce."
"""Zaczekaj - Mama nie ruszyła się z miejsca.","""Zaczekaj - Mama nie ruszył się z miejsca."
"Hanka zawiesiła ręcznik na haczyku: ""A bo to mało miejsca...""","Hanka zawiesił ręcznik na haczyku: ""A bo to mało miejsca..."""
Ale Hanka tylko się odwróciła.,Ale Hanka tylko się odwrócił.
Wzruszyła ramionami.,Wzruszył ramionami.
- Tylko na filiżankę kawy - wyjaśniła kapitanowa.,- Tylko na filiżankę kawy - wyjaśnił kapitanowa.
Zastygłam z lekko przechylonym dzbankiem.,Zastygł m z lekko przechylonym dzbankiem.
- Uratowałaś je?,- Uratował ś je?
Zapłaciłam ci za listy.,Zapłacił m ci za listy.
- Przybliżyłam się do niego.,- Przybliżył m się do niego.
- Trochę za późno obudziła się w pani czujność.,- Trochę za późno obudził się w pani czujność.
- W panu też - odcięła się.,- W panu też - odciął się.
"W RBG telefon odebrała jakaś nowa panienka, która długo nie mogła pojąć, z kim ma mnie połączyć.","W RBG telefon odebrał jakaś nowa panienka, która długo nie mogła pojąć, z kim ma mnie połączyć."
- I zamyśliła się.,- I zamyślił się.
"Przyszła przypomnieć o obiedzie i uprzedzić, że wróci później ze zbiórki.","Przyszedł przypomnieć o obiedzie i uprzedzić, że wróci później ze zbiórki."
Odezwała się daleka burza.,Odezwał się daleka burza.
Zaczęła na to kręcić głową.,Zaczął na to kręcić głową.
"Czy chcę ich oboje z Cezarem obrazić, zapytała.","Czy chcę ich oboje z Cezarem obrazić, zapytał."
- I twarz jego przybrała wyraz skupionej udręki.,- I twarz jego przybrał wyraz skupionej udręki.
Wzbudzająca współczucie wyrazem straszliwego smutku twarz zakołysała się na wychudłym ciele.,Wzbudzająca współczucie wyrazem straszliwego smutku twarz zakołysał się na wychudłym ciele.
"- Ani rozpustnicy, ani cudzołożnicy, ani rozwiąźli, ani mężczyźni współżyjący z mężczyznami nie wejdą do królestwa Bożego - zabeczała ponura twarz.","- Ani rozpustnicy, ani cudzołożnicy, ani rozwiąźli, ani mężczyźni współżyjący z mężczyznami nie wejdą do królestwa Bożego - zabeczał ponura twarz."
- Aurea prima sata est - wyskandowała pani Freda.,- Aurea prima sata est - wyskandował pani Freda.
- Wrócić? - uśmiechnęła się.,- Wrócić? - uśmiechnął się.
"Gdy wróciła, usiadła obok niego na tapczanie.","Gdy wróciła, usiadł obok niego na tapczanie."
Zaczęła opowiadać o Marii.,Zaczął opowiadać o Marii.
- Wzięłam ją ze szpitala tydzień temu...,- Wziął m ją ze szpitala tydzień temu...
"- Tak - skinęła głową policjantka, całkowicie zepchnięta do defensywy i zmuszona do krótkich odpowiedzi.","- Tak - skinął głową policjantka, całkowicie zepchnięta do defensywy i zmuszona do krótkich odpowiedzi."
Nasi lekarze nie potrafią jednoznacznie wypowiedzieć się na temat rasy przybysza - potwierdziła.,Nasi lekarze nie potrafią jednoznacznie wypowiedzieć się na temat rasy przybysza - potwierdził.
- Tak - powtórzyła.,- Tak - powtórzył.
- Wejdź - powiedziała cicho i położyła palec na ustach.,- Wejdź - powiedział cicho i położyła palec na ustach.
Profesor zamilkła i popatrzyła na B.,Profesor zamilkł i popatrzyła na B.
- Alicja zarumieniła się lekko.,- Alicja zarumienił się lekko.
- Pani jest bratanicą zmarłego? - Usłyszała nagle Alicja.,- Pani jest bratanicą zmarłego? - Usłyszał nagle Alicja.
- Przyjechała pani z Warszawy?,- Przyjechał pani z Warszawy?
- Tak - odparła.,- Tak - odparł.
- Naturalnie! - potwierdziła z entuzjazmem jego żona.,- Naturalnie! - potwierdził z entuzjazmem jego żona.
Co to za frajda umierać we własnym łóżku? - Zwróciła się do Alicji.,Co to za frajda umierać we własnym łóżku? - Zwrócił się do Alicji.
"- Nie zastanawiałam się nad tym - odparła Alicja, nieco zbulwersowana pytaniem.","- Nie zastanawiała m się nad tym - odparł Alicja, nieco zbulwersowana pytaniem."
"Znów się zawahała, ale nie miała przecież nic do ukrycia.","Znów się zawahał, ale nie miała przecież nic do ukrycia."
- Kto to jest Teodor? - spytała zdziwiona Alicja.,- Kto to jest Teodor? - spytał zdziwiona Alicja.
- Co robisz w Egipcie? - spytała Alicja.,- Co robisz w Egipcie? - spytał Alicja.
"Nagle skojarzyła sobie, że kiedy po otwarciu się trumny zobaczyła zwłoki Teodora, były dziwne, jakby zamiast twarzy miały pomalowaną maskę.","Nagle skojarzył sobie, że kiedy po otwarciu się trumny zobaczyła zwłoki Teodora, były dziwne, jakby zamiast twarzy miały pomalowaną maskę."
Alicja przestała się wahać.,Alicja przestał się wahać.
"Podbiegłszy do klosza, zdjęła przylegającą ciasno metalową pokrywę, po czym zamknęła oczy i wsunęła rękę do środka.","Podbiegłszy do klosza, zdjął przylegającą ciasno metalową pokrywę, po czym zamknęła oczy i wsunęła rękę do środka."
"Kiedy poczuła pod palcami włosy, wpiła się w nie mocno i szarpnęła.","Kiedy poczuła pod palcami włosy, wpił się w nie mocno i szarpnęła."
"- Żegnaj, Alicjo! - usłyszała, a potem już tylko dobiegały ją chrzęsty i świsty, jakby ktoś dmuchał z bliska do mikrofonu.","- Żegnaj, Alicjo! - usłyszał, a potem już tylko dobiegały ją chrzęsty i świsty, jakby ktoś dmuchał z bliska do mikrofonu."
Dominika zauważyła chłopców i przyglądała się im prowokująco.,Dominika zauważył chłopców i przyglądała się im prowokująco.
"Baśka, nie patrząc na mnie, zgasiła światło, podeszła do mojego łóżka, pogładziła mnie po czole i powiedziała po matczynemu: - Śpij, kochanie, dobranoc.","Baśka, nie patrząc na mnie, zgasił światło, podeszła do mojego łóżka, pogładziła mnie po czole i powiedziała po matczynemu: - Śpij, kochanie, dobranoc."
- Kto to jest Achacy? - odważyłam się spytać.,- Kto to jest Achacy? - odważył m się spytać.
Położyła dłoń na ręce Nelina i dopiero wtedy powiedziała: - Najpierw wychowywał mnie Nelin.,Położył dłoń na ręce Nelina i dopiero wtedy powiedziała: - Najpierw wychowywał mnie Nelin.
Pani Rylicka odchyliła się do tyłu.,Pani Rylicka odchylił się do tyłu.
"- Masz rację, Janino - odezwała się wreszcie zmęczonym głosem.","- Masz rację, Janino - odezwał się wreszcie zmęczonym głosem."
- Nic ci się nie stało? - spytała jasnym głosem.,- Nic ci się nie stało? - spytał jasnym głosem.
- Pokręciłam głową i spojrzałam na nią z prawdziwym zachwytem.,- Pokręcił m głową i spojrzała m na nią z prawdziwym zachwytem.
- Jeszcze nie wiem - odparłam zgodnie z prawdą.,- Jeszcze nie wiem - odparł m zgodnie z prawdą.
- Ja przecież tego nie powtórzyłam Pollerowi! - krzyknęła Liza.,- Ja przecież tego nie powtórzyła m Pollerowi! - krzyknął Liza.
- Nie miał - powiedziała Helena.,- Nie miał - powiedział Helena.
- Dobrze na ciebie działam? - roześmiała się.,- Dobrze na ciebie działa m ? - roześmiał się.
"- Widzę, że bardziej cię obchodzi to robactwo niż moje życie. - Helena przestała już być słaba i bezbronna, teraz wykorzystywała swoją przewagę.","- Widzę, że bardziej cię obchodzi to robactwo niż moje życie. - Helena przestał już być słaba i bezbronna, teraz wykorzystywała swoją przewagę."
"- Dostałam twój list, przyjedź, jeśli chcesz...","- Dostał m twój list, przyjedź, jeśli chcesz..."
"W pokoju Joanna odnalazła wypchanego watą kotka, którego uszyła na pracach ręcznych.","W pokoju Joanna odnalazł wypchanego watą kotka, którego uszyła na pracach ręcznych."
Rozpruła go zębami.,Rozpruł go zębami.
"Z bólem brzucha, z gardłem obolałym od krzyku i z odzyskanym kawałkiem waty w spodniach wkroczyła na drogę przemiany w kobietę.","Z bólem brzucha, z gardłem obolałym od krzyku i z odzyskanym kawałkiem waty w spodniach wkroczył na drogę przemiany w kobietę."
"- Mówili, że dopiero na wieczór... - Tola ugryzła się w język.","- Mówili, że dopiero na wieczór... - Tola ugryzł się w język."
"- Musisz go im wydać, prawda? - zapytała po długiej chwili.","- Musisz go im wydać, prawda? - zapytał po długiej chwili."
- To co zrobisz? - zaniepokoiła się.,- To co zrobisz? - zaniepokoił się.
- O czym myślisz? - zainteresowała się.,- O czym myślisz? - zainteresował się.
"- Mam syna, nazywa się Erich - oświadczyła uroczyście.","- Mam syna, nazywa się Erich - oświadczył uroczyście."
"- Nie uciekniesz? - szepnęła, kiedy wzięliśmy przerwę na oddech.","- Nie uciekniesz? - szepnął, kiedy wzięli śmy przerwę na oddech."
Dopiero po paru minutach powiedziałam cichym głosem.,Dopiero po paru minutach powiedział m cichym głosem.
Dopiłam kawę.,Dopił m kawę.
Wylizałam łyżeczkę po lodach.,Wylizał m łyżeczkę po lodach.
- Ja go naprawdę nie kocham - zapewniłam.,- Ja go naprawdę nie kocham - zapewnił m .
- Wszystko jedno - zdecydowała nagle.,- Wszystko jedno - zdecydował nagle.
Spojrzałam jej w oczy.,Spojrzał m jej w oczy.
Uśmiechnęła się przez łzy.,Uśmiechnął się przez łzy.
Bo i ona nas wszystkich właśnie tak usidliła.,Bo i ona nas wszystkich właśnie tak usidlił.
"Yennefer opuściła głowę, spojrzała między swoje uda, nad którymi przemykały złote rybki.","Yennefer opuścił głowę, spojrzała między swoje uda, nad którymi przemykały złote rybki."
"- Każ potem zmienić wodę w sadzawce, Enid - zamamrotała.","- Każ potem zmienić wodę w sadzawce, Enid - zamamrotał."
- Właśnie wysikałam się do niej.,- Właśnie wysikał m się do niej.
- Drobiazg - uśmiechnęła się Francesca.,- Drobiazg - uśmiechnął się Francesca.
"Milva, która wyszła wkrótce po nim, chrząknęła niepewnie.","Milva, która wyszła wkrótce po nim, chrząknął niepewnie."
- Czemu z powrotem zwłóczysz? - spytała.,- Czemu z powrotem zwłóczysz? - spytał.
- Ja jestem śmiercią - podjęła dziwnie brzmiącym głosem.,- Ja jestem śmiercią - podjął dziwnie brzmiącym głosem.
- Jego nawet nie trzeba by było ciąć - szepnęła Yennefer.,- Jego nawet nie trzeba by było ciąć - szepnął Yennefer.
"Yennefer, czy ty się aby nie nawróciłaś?","Yennefer, czy ty się aby nie nawrócił ś ?"
Zagryzła wargi.,Zagryzł wargi.
"Zmieniła taktykę: odstąpiła, wskazała wiecznopisem dioramę.","Zmienił taktykę: odstąpiła, wskazała wiecznopisem dioramę."
"- Przejrzałam oba filmy, ten twój i ten Malika.","- Przejrzał m oba filmy, ten twój i ten Malika."
Wrzuciłam do komputera na symulację nakładających się prawdopodobnych radiacji.,Wrzucił m do komputera na symulację nakładających się prawdopodobnych radiacji.
"- Podeszła, postukała w dioramę.","- Podszedł, postukała w dioramę."
"- Kto cię ściga? - krzyknęła, wprawnie opanowując tańczącego konia.","- Kto cię ściga? - krzyknął, wprawnie opanowując tańczącego konia."
Od razu tak pomyślałam.,Od razu tak pomyślał m .
- Wolę być Nikolettą - przerwała natychmiast.,- Wolę być Nikolettą - przerwał natychmiast.
"- Dokąd to Bóg prowadzi, Szarleju? - odezwała się wreszcie niewiasta.","- Dokąd to Bóg prowadzi, Szarleju? - odezwał się wreszcie niewiasta."
Krew spryskała bok mierzynka.,Krew spryskał bok mierzynka.
"Tak mało nas już zostało, powiedziała dziewczyna, tak mało.","Tak mało nas już zostało, powiedział dziewczyna, tak mało."
Już na schodach usłyszała dźwięki dobiegające z komnaty dziadka.,Już na schodach usłyszał dźwięki dobiegające z komnaty dziadka.
- Nie rozumiesz? - nacisnęła.,- Nie rozumiesz? - nacisnął.
Ale ona tylko skinęła na okrwawionego fenomulata.,Ale ona tylko skinął na okrwawionego fenomulata.
Żachnęła się.,Żachnął się.
Pokiwała na Hunta palcem niczym na rozpuszczonego wnuka.,Pokiwał na Hunta palcem niczym na rozpuszczonego wnuka.
"- Ja wiem, ja wiem - pokiwała palcem Marina.","- Ja wiem, ja wiem - pokiwał palcem Marina."
"Jego karogga zagłębiła się w płomienie, sięgnęła czegoś twardego.","Jego karogga zagłębił się w płomienie, sięgnęła czegoś twardego."
"Ognista łapa przejechała po głowie Liścia, ledwie zdołał jej umknąć.","Ognista łapa przejechał po głowie Liścia, ledwie zdołał jej umknąć."
"Kobieta otworzyła drzwi, wpuściła do środka czarnowłosego mężczyznę.","Kobieta otworzył drzwi, wpuściła do środka czarnowłosego mężczyznę."
"Zachichotała, gdy ten przycisnął ją do ściany, sięgając rękami pod spódnicę.","Zachichotał, gdy ten przycisnął ją do ściany, sięgając rękami pod spódnicę."
"Matka Mirka, Janeczka - najbardziej porywcza z sióstr - zapytała odruchowo: - Dlaczego my?","Matka Mirka, Janeczka - najbardziej porywcza z sióstr - zapytał odruchowo: - Dlaczego my?"
- No to co? - zainteresowała się ciotka Jadwiga - Żydzi mają pieniądze.,- No to co? - zainteresował się ciotka Jadwiga - Żydzi mają pieniądze.
"- Leżeć spokojnie - warknęła pielęgniarka, stojąca koło łóżka.","- Leżeć spokojnie - warknął pielęgniarka, stojąca koło łóżka."
Starsza pielęgniarka wyszła.,Starsza pielęgniarka wyszedł.
"Wyszła przez jaskinię i przysłoniwszy oczy, wpatrzyła się w mrok, w którym siedzieliśmy przy ognisku.","Wyszedł przez jaskinię i przysłoniwszy oczy, wpatrzyła się w mrok, w którym siedzieli śmy przy ognisku."
"Nawet na mnie nie popatrzyła, rzuciła torebkę w kuchni i zamknęła się w łazience.","Nawet na mnie nie popatrzył, rzuciła torebkę w kuchni i zamknęła się w łazience."
Otworzyła oczy i uśmiechnęła się.,Otworzył oczy i uśmiechnęła się.
- Tak - szepnęła - ale jestem zmęczona.,- Tak - szepnął - ale jestem zmęczona.
"Zapytana o Jurka, który mieszkał z matką, flecistką z Orkiestry Radiowej, najpierw rozejrzała się po klatce schodowej, a stwierdziwszy, że nikogo nie ma - bez słowa wciągnęła Krzyśka do swojego mieszkania.","Zapytana o Jurka, który mieszkał z matką, flecistką z Orkiestry Radiowej, najpierw rozejrzał się po klatce schodowej, a stwierdziwszy, że nikogo nie ma - bez słowa wciągnęła Krzyśka do swojego mieszkania."
"- Sapnęła, ale pod warstwą chłodu zamajaczyła iskierka rozbawienia.","- Sapnął, ale pod warstwą chłodu zamajaczyła iskierka rozbawienia."
"Iskierka zgasła, ustępując miejsca podejrzliwości.","Iskierka zgasł, ustępując miejsca podejrzliwości."
Właśnie wyskoczyła.,Właśnie wyskoczył.
- Co ja? - zapytała spokojnie.,- Co ja? - zapytał spokojnie.
Cała armia wyszła wtedy na ulice.,Cała armia wyszedł wtedy na ulice.
- Nie jestem żadna królewna - burknęła.,- Nie jestem żadna królewna - burknął.
"- Chyba nie zdążyła odmrozić nóg, ale w tych bamboszach nie można jej trzymać.","- Chyba nie zdążył odmrozić nóg, ale w tych bamboszach nie można jej trzymać."
- Nie jestem... - Zmieniła taktykę.,- Nie jestem... - Zmienił taktykę.
- Nie chcę o tym mówić - powiedziała trochę płaczliwie.,- Nie chcę o tym mówić - powiedział trochę płaczliwie.
- Wojna się skończyła - mruknęła dziewczyna.,- Wojna się skończyła - mruknął dziewczyna.
Zawahała się.,Zawahał się.
- I jego kobietą - powtórzyła spokojnie.,- I jego kobietą - powtórzył spokojnie.
- Dopiero teraz uśmiechnęła się blado.,- Dopiero teraz uśmiechnął się blado.
Mariola odstawiła torebkę na malutki stołeczek.,Mariola odstawił torebkę na malutki stołeczek.
Uśmiechnęła się do Hehego.,Uśmiechnął się do Hehego.
Przed oczami stanęła mu Angella.,Przed oczami stanął mu Angella.
"Uśmiechnęła się do niego zwyczajnie i w tym momencie się stropił, bo był pewien, że zauważyła, z jaką ciekawością przypatrywał się podkoszulkowi.","Uśmiechnął się do niego zwyczajnie i w tym momencie się stropił, bo był pewien, że zauważyła, z jaką ciekawością przypatrywał się podkoszulkowi."
- Zrobiła ręką gest zapraszający do środka.,- Zrobił ręką gest zapraszający do środka.
"""Twój Popęd"" - powtórzyła po polsku.","""Twój Popęd"" - powtórzył po polsku."
"Daj spokój, facet, jak tylko wyzdrowiałam, wróciłam tutaj.","Daj spokój, facet, jak tylko wyzdrowiała m , wrócił m tutaj."
"Dziś zaczęłam kolejne opowiadanie i znowu nie wiem, gdzie mnie poniesie, ale stało się to pod wpływem Kloci.","Dziś zaczął m kolejne opowiadanie i znowu nie wiem, gdzie mnie poniesie, ale stało się to pod wpływem Kloci."
"Nie pomyślałam o tym, jaka jest samotna i jak bardzo musi jej to czasem doskwierać.","Nie pomyślał m o tym, jaka jest samotna i jak bardzo musi jej to czasem doskwierać."
"- Blondynka popatrzyła na tancerzy, którzy przy bufecie głośno rozmawiali z właścicielem knajpy.","- Blondynka popatrzył na tancerzy, którzy przy bufecie głośno rozmawiali z właścicielem knajpy."
- Zwariowałaś?,- Zwariował ś ?
Kupiłam pistolet na gaz.,Kupił m pistolet na gaz.
"Najwyraźniej dotknięta niewielkim wrażeniem, jakie wywarła na radcy jej informacja, popłynęła w stronę foyer, wypuszczając dym jak parowiec, natomiast sam Żorżyk, oskarżony przez Mocka o picie wódki w szkole powszechnej, spojrzał pogardliwie na jego zaproszenie.","Najwyraźniej dotknięta niewielkim wrażeniem, jakie wywarła na radcy jej informacja, popłynął w stronę foyer, wypuszczając dym jak parowiec, natomiast sam Żorżyk, oskarżony przez Mocka o picie wódki w szkole powszechnej, spojrzał pogardliwie na jego zaproszenie."
- To już powiedziałaś.,- To już powiedział ś .
"Trawka spuściła głowę, przesunęła palcem po krawędzi teczki.","Trawka spuścił głowę, przesunęła palcem po krawędzi teczki."
"Nagle roześmiała się sztucznie i pozornie niezbita z tropu, wyrzuciła wesoło: - Nie pamiętam!","Nagle roześmiała się sztucznie i pozornie niezbita z tropu, wyrzucił wesoło: - Nie pamiętam!"
"A przecież kiedy strzeliła do kierowcy forda, poczuła aż bolesną przyjemność, zimne gniotące mrowienie w podbrzuszu.","A przecież kiedy strzeliła do kierowcy forda, poczuł aż bolesną przyjemność, zimne gniotące mrowienie w podbrzuszu."
- A to larwa! - syknęła Krystyna.,- A to larwa! - syknął Krystyna.
"- Będziesz tańczył tylko ze mną i nikomu mnie nie sprzedasz? - upewniła się, wstając.","- Będziesz tańczył tylko ze mną i nikomu mnie nie sprzedasz? - upewnił się, wstając."
"Zawahała się, chwyciła plik, położyła na stoliku i podniosła słuchawkę.","Zawahał się, chwyciła plik, położyła na stoliku i podniosła słuchawkę."
"- Przynieść konsolę? - zapytała z pokoju niewidoczna Krystyna, ale odkrzyknął, że nie trzeba.","- Przynieść konsolę? - zapytał z pokoju niewidoczna Krystyna, ale odkrzyknął, że nie trzeba."
- Zadzwoniłam i pokojówka mi przyniosła.,- Zadzwonił m i pokojówka mi przyniosła.
Znów poczuła bolesny skurcz gardła i łzy zbierające się pod powiekami.,Znów poczuł bolesny skurcz gardła i łzy zbierające się pod powiekami.
Jeszcze bardziej przyśpieszyła kroku.,Jeszcze bardziej przyśpieszył kroku.
- Przyszła rano.,- Przyszedł rano.
"Powiedziała, że zwrócą mi cały towar, zapłacę dziesięć tysięcy, żebym miał nauczkę, wyraziła się - że oni lubią regularnych płatników.","Powiedział, że zwrócą mi cały towar, zapłacę dziesięć tysięcy, żeby m miał nauczkę, wyraziła się - że oni lubią regularnych płatników."
- Nie widziałam - stwierdziła.,- Nie widziała m - stwierdził.
Sala zabrzmiała oklaskami.,Sala zabrzmiał oklaskami.
Komisja sędziego Kramarza przystąpiła do pracy.,Komisja sędziego Kramarza przystąpił do pracy.
- To zdaje się ona. - Góralka pokazała wpis.,- To zdaje się ona. - Góralka pokazał wpis.
Zaraz potem spoważniała.,Zaraz potem spoważniał.
"W zamian za oczekiwanie podarowała mi żałosną, przepraszającą minkę.","W zamian za oczekiwanie podarował mi żałosną, przepraszającą minkę."
"- Tobie - powiedziała cichutko, po czym maska pękła, ukazując szelmowski uśmiech od ucha do ucha.","- Tobie - powiedział cichutko, po czym maska pękła, ukazując szelmowski uśmiech od ucha do ucha."
- Jest pan - mruknęła bez zapału.,- Jest pan - mruknął bez zapału.
Ale okłamałaś mnie.,Ale okłamał ś mnie.
- Uciekła spojrzeniem z mojej twarzy.,- Uciekł spojrzeniem z mojej twarzy.
- Wielogórska posłała mu blady i ciepły zarazem uśmiech.,- Wielogórska posłał mu blady i ciepły zarazem uśmiech.
"Wycyganiłaś pieniądze, a nie udało ci się wyprosić darmochy?","Wycyganił ś pieniądze, a nie udało ci się wyprosić darmochy?"
- Skończyły mi się argumenty - uśmiechnęła się niezbyt radośnie.,- Skończyły mi się argumenty - uśmiechnął się niezbyt radośnie.
- Lesik nie zabił Giełzy - kiwnęła głową na znak zgody.,- Lesik nie zabił Giełzy - kiwnął głową na znak zgody.
- Nie przytulisz się do forsy - westchnęła.,- Nie przytulisz się do forsy - westchnął.
Teraz ona pomilczała przez chwilę.,Teraz ona pomilczał przez chwilę.
- Jeszcze raz westchnęła.,- Jeszcze raz westchnął.
- Nie ja - popatrzyła mu w oczy.,- Nie ja - popatrzył mu w oczy.
"Wytrzymała, choć była przerażona tym, co sugerował.","Wytrzymał, choć była przerażona tym, co sugerował."
- Zmykajcie – szepnęła Selene do kotów.,- Zmykajcie – szepnął Selene do kotów.
"Dziewczyna odchyliła głowę do tyłu, odsłaniając piękną, pulsującą szyję.","Dziewczyna odchylił głowę do tyłu, odsłaniając piękną, pulsującą szyję."
- Pij – powiedziała spokojnie.,- Pij – powiedział spokojnie.
"Dam ukojenie – dodała, widząc jego wahanie.","Dam ukojenie – dodał, widząc jego wahanie."
Ta jednak zachowała powagę.,Ta jednak zachował powagę.
Wysunięta ręka Kołodzieja wyrwała go z zauroczenia.,Wysunięta ręka Kołodzieja wyrwał go z zauroczenia.
- Bardzo lubię - padła natychmiastowa odpowiedź.,- Bardzo lubię - padł natychmiastowa odpowiedź.
Obu nóg katapulta drakleńska mnie pozbawiła!,Obu nóg katapulta drakleńska mnie pozbawił!
"- Rzuciła mu uważne, trochę zmieszane, a trochę ostrzegawcze spojrzenie.","- Rzucił mu uważne, trochę zmieszane, a trochę ostrzegawcze spojrzenie."
Lenda złożyła powoli papier.,Lenda złożył powoli papier.
"- Masz rację - powiedziała, chowając list.","- Masz rację - powiedział, chowając list."
- Wygłupiłam się jak nigdy w życiu.,- Wygłupił m się jak nigdy w życiu.
Przewróciła plaster sarniny na drugą stronę.,Przewrócił plaster sarniny na drugą stronę.
"Pod wieczór - dodała, widząc jak dalece mało usatysfakcjonowała Debrena naga informacja o wtorku.","Pod wieczór - dodał, widząc jak dalece mało usatysfakcjonowała Debrena naga informacja o wtorku."
Rzuciła mu niemal wrogie spojrzenie.,Rzucił mu niemal wrogie spojrzenie.
"- Posrasz się, a nie poniesiesz - warknęła.","- Posrasz się, a nie poniesiesz - warknął."
"Ich znajomość, zaczęta w pośpiechu i sekrecie, nigdy nie zmieniła swojego charakteru.","Ich znajomość, zaczęta w pośpiechu i sekrecie, nigdy nie zmienił swojego charakteru."
"Poprosiła Boga, by wybaczył jej to kłamstwo, świadoma, że gdy minie rok i sześć tygodni żałoby, zaczną się najdziwniejsze lata jej życia.","Poprosił Boga, by wybaczył jej to kłamstwo, świadoma, że gdy minie rok i sześć tygodni żałoby, zaczną się najdziwniejsze lata jej życia."
"Już dla czystej frajdy, nadawszy głosowi ton należytej powagi, dodała: - Szukaj go w jakim kościele.","Już dla czystej frajdy, nadawszy głosowi ton należytej powagi, dodał: - Szukaj go w jakim kościele."
- I od tego dnia nie powiedziała nic więcej.,- I od tego dnia nie powiedział nic więcej.
A po ciszy dodała: - Jestem mu to winna.,A po ciszy dodał: - Jestem mu to winna.
Czarnooka roześmiała się nagle.,Czarnooka roześmiał się nagle.
- Postawię ci oczy w słup - odrzekła bez wahania.,- Postawię ci oczy w słup - odrzekł bez wahania.
Wtedy do salki weszła ona.,Wtedy do salki wszedł ona.
"Ciężarówka zakołysała się na przejeździe przez tory i podskakując na spoinach płyt, skręciła ku domkowi ogrodnika.","Ciężarówka zakołysał się na przejeździe przez tory i podskakując na spoinach płyt, skręciła ku domkowi ogrodnika."
"Rozległa się seria rozkazów, a po niej brzęk tłuczonych okien, trzask drewna.","Rozległ się seria rozkazów, a po niej brzęk tłuczonych okien, trzask drewna."
Bez ceregieli zostawiła go na korytarzu i odeszła z obojętną miną.,Bez ceregieli zostawił go na korytarzu i odeszła z obojętną miną.
Rozryczała się dopiero w pokoiku na górze.,Rozryczał się dopiero w pokoiku na górze.
"Ktoś rozumie? - jęknęła aptekarka, zmrużywszy z wysiłku oczy.","Ktoś rozumie? - jęknął aptekarka, zmrużywszy z wysiłku oczy."
- Psy łatwiej kochać - bąknęłam.,- Psy łatwiej kochać - bąknął m .
"- No właśnie, łatwiej! - zatriumfowała moja siostra, a Julek odciągnięty od gąsiorowego korka, wydarł się wniebogłosy.","- No właśnie, łatwiej! - zatriumfował moja siostra, a Julek odciągnięty od gąsiorowego korka, wydarł się wniebogłosy."
"- A gdzie tam łatwiej! - żachnęła się babcia, ustawiając grzybki między żurawiną a majonezem.","- A gdzie tam łatwiej! - żachnął się babcia, ustawiając grzybki między żurawiną a majonezem."
"- Całkiem, całkiem - powiedziałam.","- Całkiem, całkiem - powiedział m ."
Wzięłam się w garść.,Wziął m się w garść.
- Chyba tak - odparłam.,- Chyba tak - odparł m .
Karolina wysunęła z piekarnika blachę z pizzą i dotknęła jej czubkiem palca.,Karolina wysunął z piekarnika blachę z pizzą i dotknęła jej czubkiem palca.
- A ty jak się czujesz? - zapytałam skuloną Monikę.,- A ty jak się czujesz? - zapytał m skuloną Monikę.
Dokonała cudu bajkowej przemiany.,Dokonał cudu bajkowej przemiany.
"Patrząc na nią, uświadomiłam sobie, ile wysiłku mnie czeka - jak bardzo będę musiała się ograniczyć, pohamować i zdefasonować, jak bardzo pognębić, pozbawić i oduczyć, żeby znów wpasować się w świat biurowych klatek.","Patrząc na nią, uświadomił m sobie, ile wysiłku mnie czeka - jak bardzo będę musiała się ograniczyć, pohamować i zdefasonować, jak bardzo pognębić, pozbawić i oduczyć, żeby znów wpasować się w świat biurowych klatek."
"- Boże, jakie te chłopy są głupie! - pokiwała głową w szyderczym współczuciu.","- Boże, jakie te chłopy są głupie! - pokiwał głową w szyderczym współczuciu."
"Nagle w głębi zamajaczyła widmowa olbrzymia twarz, odwrócona oczami w dół, zawieszona w powietrzu.","Nagle w głębi zamajaczył widmowa olbrzymia twarz, odwrócona oczami w dół, zawieszona w powietrzu."
Butelka podjęła obroty wokół stołu.,Butelka podjął obroty wokół stołu.
"Tego samego dnia pewna lokatorka odleglejszych bloków susząc suszarką włosy swemu dziecku siedzącemu w wannie, w kąpieli, upuściła suszarkę do wody i uśmierciła siebie i dziecko.","Tego samego dnia pewna lokatorka odleglejszych bloków susząc suszarką włosy swemu dziecku siedzącemu w wannie, w kąpieli, upuścił suszarkę do wody i uśmierciła siebie i dziecko."
Na szczęście straż przybyła migiem i ugasiła nas.,Na szczęście straż przybył migiem i ugasiła nas.
"Ubrała się, zeszła do Ciotki, zaczęły grać.","Ubrał się, zeszła do Ciotki, zaczęły grać."
W stodole spostrzegła zarys postaci w nieheblowanych deskach.,W stodole spostrzegł zarys postaci w nieheblowanych deskach.
"W rankingu najbardziej cenionych amerykańskich muzeów placówka w Baltimore znalazła się na czwartym miejscu, zaraz za Frick Collection, a przed nowojorskim Muzeum Sztuki Współczesnej.","W rankingu najbardziej cenionych amerykańskich muzeów placówka w Baltimore znalazł się na czwartym miejscu, zaraz za Frick Collection, a przed nowojorskim Muzeum Sztuki Współczesnej."
"Prasa odnotowała, że pierwsza aukcja zakończyła się ogromnym sukcesem.","Prasa odnotował, że pierwsza aukcja zakończyła się ogromnym sukcesem."
"Przebrzmiała już wiadomość zaczęła powracać, jakbym cofał taśmę magnetofonową i wysłuchiwał fatalnego technicznie nagrania.","Przebrzmiała już wiadomość zaczął powracać, jakby m cofał taśmę magnetofonową i wysłuchiwał fatalnego technicznie nagrania."
"Zanim zdążyłem krzyknąć: - Runę! - już pojawiła się na ekranie telewizora mapka z naniesionymi na nią strzałkami kierunku wiatru, obłoczkami zachmurzenia oraz liczbami określającymi wysokość jesiennych temperatur.","Zanim zdążył em krzyknąć: - Runę! - już pojawił się na ekranie telewizora mapka z naniesionymi na nią strzałkami kierunku wiatru, obłoczkami zachmurzenia oraz liczbami określającymi wysokość jesiennych temperatur."
W Chadaju odezwała się podlaska dusza.,W Chadaju odezwał się podlaska dusza.
"Zapanowała cisza, przede wszystkim ze zdumienia, że sędzia mógł znać imię skromnej krawcowej Sary Grünspan mieszkającej na Legionów przy Cmentarnej.","Zapanował cisza, przede wszystkim ze zdumienia, że sędzia mógł znać imię skromnej krawcowej Sary Grünspan mieszkającej na Legionów przy Cmentarnej."
"Już nie patrząc na niego, sięgnęła do gumy majtek.","Już nie patrząc na niego, sięgnął do gumy majtek."
Regina nie uznała tego za eleganckie ani tym bardziej śmieszne.,Regina nie uznał tego za eleganckie ani tym bardziej śmieszne.
"Poczuła, że ktoś ją głaszcze po ręce, i zobaczyła Marka, który być może chciał w ten sposób dodać jej otuchy.","Poczuł, że ktoś ją głaszcze po ręce, i zobaczyła Marka, który być może chciał w ten sposób dodać jej otuchy."
"Nie nakrzyczała więc na niego, że się oddalił bez pozwolenia.","Nie nakrzyczał więc na niego, że się oddalił bez pozwolenia."
"Uznała to za niedopuszczalne i była ciekawa, czy sędzia to widzi.","Uznał to za niedopuszczalne i była ciekawa, czy sędzia to widzi."
"Poszukała wzrokiem i z ulgą dostrzegła doktora Zachariasza, który miał nawet na szyi stetoskop.","Poszukał wzrokiem i z ulgą dostrzegła doktora Zachariasza, który miał nawet na szyi stetoskop."
"Ten wiersz Dominika przykleiła sobie nad biurkiem, a Jadzia dziwiła się.","Ten wiersz Dominika przykleił sobie nad biurkiem, a Jadzia dziwiła się."
"Po jego śmierci Jadzia uznała, że nie ma co, w łapę i tak nie da, a bez tego prędzej człowiek strzeli w kalendarz, niż dostanie numer; zresztą do kogo, pytała retorycznie, miałaby dzwonić i na jakie telefony czekać, skoro skończyła na tym bocianim gnieździe samotna i opuszczona.","Po jego śmierci Jadzia uznał, że nie ma co, w łapę i tak nie da, a bez tego prędzej człowiek strzeli w kalendarz, niż dostanie numer; zresztą do kogo, pytała retorycznie, miała by dzwonić i na jakie telefony czekać, skoro skończyła na tym bocianim gnieździe samotna i opuszczona."
"Jadzia nadęła się i była poznawaniu przeciwna, z uporem powtarzając od ubiegłego lata, że jej ojciec bohater poległ na wojnie, kwiatami jabłoni obsypany.","Jadzia nadął się i była poznawaniu przeciwna, z uporem powtarzając od ubiegłego lata, że jej ojciec bohater poległ na wojnie, kwiatami jabłoni obsypany."
"Po raz pierwszy z taką mocą uświadomiła sobie, że uczestniczy w wydarzeniach, które ją przerastają.","Po raz pierwszy z taką mocą uświadomił sobie, że uczestniczy w wydarzeniach, które ją przerastają."
Wkroczyła do sali niczym filmowy komisarz podczas nalotu na podejrzaną spelunę.,Wkroczył do sali niczym filmowy komisarz podczas nalotu na podejrzaną spelunę.
"Zgłosiłam na policję, w prokuraturze, w Agencji Bezpieczeństwa czy jak tam się teraz nazywa ten UOP, w redakcji gazety.","Zgłosił m na policję, w prokuraturze, w Agencji Bezpieczeństwa czy jak tam się teraz nazywa ten UOP, w redakcji gazety."
"Z Halles dojechałam do Gare du Nord, stamtąd przez Barbes i Pigalle do Blanche.","Z Halles dojechał m do Gare du Nord, stamtąd przez Barbes i Pigalle do Blanche."
Usiadłam obok.,Usiadł m obok.
"Nawet krew na tę chwilę się zatrzymała, czekając na informację, czy warto płynąć dalej.","Nawet krew na tę chwilę się zatrzymał, czekając na informację, czy warto płynąć dalej."
"Nigdy nie znalazłam w sobie dość odwagi, żeby mu dowieść, że oboje nie żyjemy.","Nigdy nie znalazł m w sobie dość odwagi, żeby mu dowieść, że oboje nie żyjemy."
"Na spotkanie z Jeffreyem przyszła spóźniona, umówili się w kawiarni nieopodal opery.","Na spotkanie z Jeffreyem przyszedł spóźniona, umówili się w kawiarni nieopodal opery."
"Idąc pomiędzy stolikami w jego stronę, doznała uczucia, iż jest to ktoś obcy.","Idąc pomiędzy stolikami w jego stronę, doznał uczucia, iż jest to ktoś obcy."
"Najpierw opuściła go jedna matka, potem druga.","Najpierw opuścił go jedna matka, potem druga."
"Wtedy zsunęła się z pomostu do wody, która sięgnęła jej po szyję.","Wtedy zsunął się z pomostu do wody, która sięgnęła jej po szyję."
"Gdyby było odrobinę głębiej, zanurzyłaby się z głową.","Gdyby było odrobinę głębiej, zanurzył by się z głową."
"Uchwyciła się burty i przyholowała łódź z powrotem, przywiązując do pala.","Uchwycił się burty i przyholowała łódź z powrotem, przywiązując do pala."
Wkrótce sprawa się wyjaśniła.,Wkrótce sprawa się wyjaśnił.
"Sekretarka wprowadziła go do gabinetu, przepraszając jednocześnie w imieniu szefa, który utknął w korku.","Sekretarka wprowadził go do gabinetu, przepraszając jednocześnie w imieniu szefa, który utknął w korku."
Dała mu do przejrzenia prasę.,Dał mu do przejrzenia prasę.
"Na ganek wyszła starsza pani, ubrana w niemodną sukienkę z koronkowym kołnierzykiem i mankietami.","Na ganek wyszedł starsza pani, ubrana w niemodną sukienkę z koronkowym kołnierzykiem i mankietami."
W pokoju na górce położyła chłopca w swoim łóżku i zeszła na dół.,W pokoju na górce położył chłopca w swoim łóżku i zeszła na dół.
"W trakcie rozmowy Elizabeth ze zdumieniem zdała sobie sprawę z dwóch rzeczy: że francuszczyzna jej rozmówczyni jest nienaganna i że, mimo wyglądu żebraczki, stara kobieta jest osobą wysoce inteligentną.","W trakcie rozmowy Elizabeth ze zdumieniem zdał sobie sprawę z dwóch rzeczy: że francuszczyzna jej rozmówczyni jest nienaganna i że, mimo wyglądu żebraczki, stara kobieta jest osobą wysoce inteligentną."
"Powiedziała Elizabeth, iż jest Polką, a to miasto kiedyś należało do Polski.","Powiedział Elizabeth, iż jest Polką, a to miasto kiedyś należało do Polski."
"Rozpoznała strażnika, który przyniósł jej obiad.","Rozpoznał strażnika, który przyniósł jej obiad."
Odpowiedziała uśmiechem.,Odpowiedział uśmiechem.
"Elizabeth uśmiechnęła się do kobiet, a one uśmiechnęły się do niej.","Elizabeth uśmiechnął się do kobiet, a one uśmiechnęły się do niej."
Następnego dnia Elizabeth podjechała taksówką pod szkołę Aleka.,Następnego dnia Elizabeth podjechał taksówką pod szkołę Aleka.
W pewnej chwili podeszła do niej dziewczynka z cienkimi warkoczykami.,W pewnej chwili podszedł do niej dziewczynka z cienkimi warkoczykami.
"Niestety, z tego, co mówiła, Elizabeth nie zrozumiała ani słowa.","Niestety, z tego, co mówiła, Elizabeth nie zrozumiał ani słowa."
"Obejrzała się na taksówkarza, ale z nim też przecież ledwo mogła się porozumieć.","Obejrzał się na taksówkarza, ale z nim też przecież ledwo mogła się porozumieć."
"Zdesperowana wyjęła ""rozmówki"".","Zdesperowana wyjął ""rozmówki""."
"Irina podała dwa paszporty, ""pogranicznik"", jak go nazywały Rosjanki, zerknął do środka, potem oddał dokumenty bez słowa.","Irina podał dwa paszporty, ""pogranicznik"", jak go nazywały Rosjanki, zerknął do środka, potem oddał dokumenty bez słowa."
Wypiła tylko kawę.,Wypił tylko kawę.
Więc tutaj można się nawet śmiać - pomyślała.,Więc tutaj można się nawet śmiać - pomyślał.
"Powstrzymała się od kolejnego pytania, choć wiele ją to kosztowało.","Powstrzymał się od kolejnego pytania, choć wiele ją to kosztowało."
"Prawie znalazła na to odpowiedź, bo kiedy ich spojrzenia się spotkały, w oczach Andrew odnalazła niezwykłe ciepło, nikt do tej pory tak na nią nie patrzył.","Prawie znalazł na to odpowiedź, bo kiedy ich spojrzenia się spotkały, w oczach Andrew odnalazła niezwykłe ciepło, nikt do tej pory tak na nią nie patrzył."
"W tym momencie zrozumiałam, że ona się myli.","W tym momencie zrozumiał m , że ona się myli."
"I chociaż wtedy byłam zupełnym dzieckiem, przysięgłam sobie, że nie będę o niej myślała.","I chociaż wtedy była m zupełnym dzieckiem, przysiągł m sobie, że nie będę o niej myślała."
"Mam czekać tak długo - potem pomyślałam: - Czy ty wiesz, czym jest rozpacz?","Mam czekać tak długo - potem pomyślał m : - Czy ty wiesz, czym jest rozpacz?"
"Ta kobieta przystanęła na chodniku, a potem cała zwróciła się w moją stronę.","Ta kobieta przystanął na chodniku, a potem cała zwróciła się w moją stronę."
"Prawie się nie zmieniła, miała dość ostry makijaż.","Prawie się nie zmienił, miała dość ostry makijaż."
"Stałyśmy tak o kilka kroków od siebie, w końcu ja podeszłam.","Stały śmy tak o kilka kroków od siebie, w końcu ja podszedł m ."
"Już dawno zrobiłam sobie krzywdę - pomyślałam, ale bez emocji.","Już dawno zrobiła m sobie krzywdę - pomyślał m , ale bez emocji."
"Nie poczułam ukłucia, to było coś takiego, jakby ktoś wysypał mi na plecy tysiące maleńkich mrówek, takich mrówek faraona, które swoim zwyczajem wędrowały jedna za drugą.","Nie poczuł m ukłucia, to było coś takiego, jakby ktoś wysypał mi na plecy tysiące maleńkich mrówek, takich mrówek faraona, które swoim zwyczajem wędrowały jedna za drugą."
"Mrówki biegną gęsiego - pomyślałam z odrobiną czegoś, co mogło być poczuciem humoru, ale zaraz pojawiła się ta czarna melancholia.","Mrówki biegną gęsiego - pomyślał m z odrobiną czegoś, co mogło być poczuciem humoru, ale zaraz pojawiła się ta czarna melancholia."
"Wtedy chyba zrozumiałam, że kocham tego człowieka, że kochałam go od dawna, a raczej, że kochałam Was obu.","Wtedy chyba zrozumiał m , że kocham tego człowieka, że kochała m go od dawna, a raczej, że kochała m Was obu."
Zakorzeniłam się w swojej miłości i w swoim strachu.,Zakorzenił m się w swojej miłości i w swoim strachu.
"Nagle uświadomiłam sobie, jak bardzo się ostatnio postarzał.","Nagle uświadomił m sobie, jak bardzo się ostatnio postarzał."
Nagle na jego twarzy zobaczyłam krople krwi.,Nagle na jego twarzy zobaczył m krople krwi.
W tym momencie przyłapałam Twoje uważne spojrzenie.,W tym momencie przyłapał m Twoje uważne spojrzenie.
Mniej więcej po trzech miesiącach zdecydowałam się na rozmowę.,Mniej więcej po trzech miesiącach zdecydował m się na rozmowę.
"Wybrałam moment, kiedy nie był zajęty i miał dobry humor.","Wybrał m moment, kiedy nie był zajęty i miał dobry humor."
"Potem podałam mu papiery do podpisu, ale nie odchodziłam.","Potem podał m mu papiery do podpisu, ale nie odchodziła m ."
Ujęła mnie pod rękę.,Ujął mnie pod rękę.
Przytuliłam go.,Przytulił m go.
Dziś w kościele Św. Krzyża odbyła się ceremonja ślubna hr. Jerzego Skarbka z panną Stefanją Goldfeder.,Dziś w kościele Św. Krzyża odbył się ceremonja ślubna hr. Jerzego Skarbka z panną Stefanją Goldfeder.
"Krewna Krystyny, która wciąż stała obok mnie, zajrzała mi przez ramię.","Krewna Krystyny, która wciąż stała obok mnie, zajrzał mi przez ramię."
"Krystyna jakby odżyła po tym nużącym i beznadziejnie wlokącym się czasie spędzonym za ladą u Harrodsa; nie potrzebowała już namawiać podstarzałych Angielek do kupna nowego biustonosza czy majtek, co przekładało się na wysokość jej pensji, nie musiała też grzebać się w czyichś brudach, dosłownie, przewlekając hotelową pościel.","Krystyna jakby odżył po tym nużącym i beznadziejnie wlokącym się czasie spędzonym za ladą u Harrodsa; nie potrzebowała już namawiać podstarzałych Angielek do kupna nowego biustonosza czy majtek, co przekładało się na wysokość jej pensji, nie musiała też grzebać się w czyichś brudach, dosłownie, przewlekając hotelową pościel."
Postanowiłam zacząć od kobiety.,Postanowił m zacząć od kobiety.
"Starsza pani przyjęła mnie w dziwnym stroju i w jeszcze dziwniejszym uczesaniu: góra ufryzowanych loczków przykryta czymś, co miało udawać mantylkę, a przypominało robioną na szydełku serwetkę, której róg zachodził aż na czoło.","Starsza pani przyjął mnie w dziwnym stroju i w jeszcze dziwniejszym uczesaniu: góra ufryzowanych loczków przykryta czymś, co miało udawać mantylkę, a przypominało robioną na szydełku serwetkę, której róg zachodził aż na czoło."
"Znalazłam tam również ten artykuł o klubach i o roku 1952 jako ""roku zgubionym""...","Znalazł m tam również ten artykuł o klubach i o roku 1952 jako ""roku zgubionym""..."
"Krystyna w swoich dziennikach opisała jedno jedyne polowanie, może dlatego, że nie mogła się pogodzić z zabijaniem zwierząt, a to było bezkrwawe: pogoń za lisem, czyli za jeźdźcem z lisią kitą przypiętą do ramienia, którą należało mu odebrać.","Krystyna w swoich dziennikach opisał jedno jedyne polowanie, może dlatego, że nie mogła się pogodzić z zabijaniem zwierząt, a to było bezkrwawe: pogoń za lisem, czyli za jeźdźcem z lisią kitą przypiętą do ramienia, którą należało mu odebrać."
Kilka lat temu wymieniła adapter na kompakt wysokiej klasy.,Kilka lat temu wymienił adapter na kompakt wysokiej klasy.
"Przyjrzała mu się uważnie, jakby widziała go po raz pierwszy.","Przyjrzał mu się uważnie, jakby widziała go po raz pierwszy."
"Droga moja, podróż do krainy Twojej młodości wzruszyła mnie, pozwoliła też lepiej Cię zrozumieć, nie odmówiłem sobie spaceru brzegiem morza, bo chciałem poczuć, niejako w Twoim zastępstwie, słony wiatr na twarzy.","Droga moja, podróż do krainy Twojej młodości wzruszył mnie, pozwoliła też lepiej Cię zrozumieć, nie odmówił em sobie spaceru brzegiem morza, bo chciał em poczuć, niejako w Twoim zastępstwie, słony wiatr na twarzy."
"Eliza skończyła tam medycynę, potem pracowała w jednym ze szpitali, aż do swojego wyjazdu...","Eliza skończył tam medycynę, potem pracowała w jednym ze szpitali, aż do swojego wyjazdu..."
"Z twarzą zalaną łzami przystawiła dziecko do piersi, nie wiedząc, czy nie jest za późno, czy jeszcze żyje.","Z twarzą zalaną łzami przystawił dziecko do piersi, nie wiedząc, czy nie jest za późno, czy jeszcze żyje."
Przypomniała sobie niedawną rozmowę na ten temat z Kirchhoffem i zrobiło jej się przykro.,Przypomniał sobie niedawną rozmowę na ten temat z Kirchhoffem i zrobiło jej się przykro.
Po raz kolejny przeszłość rzuciła cień na jej życie.,Po raz kolejny przeszłość rzucił cień na jej życie.
"Słynna matka Teresa odeszła, a los jej podopiecznych niewiele się zmienił, jak byli chorzy i nieszczęśliwi, tak nimi pozostali.","Słynna matka Teresa odszedł, a los jej podopiecznych niewiele się zmienił, jak byli chorzy i nieszczęśliwi, tak nimi pozostali."
"Jego uwagę przykuła anachroniczność tego ogłoszenia, nikt już takich zwrotów jak ""kandydat płci męskiej"" albo ""towarzysz do rozmów i lektur"" nie używał.","Jego uwagę przykuł anachroniczność tego ogłoszenia, nikt już takich zwrotów jak ""kandydat płci męskiej"" albo ""towarzysz do rozmów i lektur"" nie używał."
"Eliza zobaczyła przez okno swojego pokoju nieco staroświecki samochód Kirchhoffa i pomyślała, że jego klienci muszą mu wybaczać te dziwactwa.","Eliza zobaczył przez okno swojego pokoju nieco staroświecki samochód Kirchhoffa i pomyślała, że jego klienci muszą mu wybaczać te dziwactwa."
"Nieoczekiwanie dla samej siebie nie wróciła po zajęciach do domu, ale pojechała do Hamptons.","Nieoczekiwanie dla samej siebie nie wrócił po zajęciach do domu, ale pojechała do Hamptons."
"Jej przyjaciółka Sharon po śmierci męża zrezygnowała z pracy i całe miesiące spędzała w letnim domu, z którego rozpościerał się przepiękny widok na ocean.","Jej przyjaciółka Sharon po śmierci męża zrezygnował z pracy i całe miesiące spędzała w letnim domu, z którego rozpościerał się przepiękny widok na ocean."
"""Boże, ile wspomnień"" - pomyślała.","""Boże, ile wspomnień"" - pomyślał."
Taksówka wjechała teraz w inną część miasta.,Taksówka wjechał teraz w inną część miasta.
"Na ganku pojawiła się właścicielka pensjonatu, pani Maria, z warkoczem ciasno oplecionym wokół głowy.","Na ganku pojawił się właścicielka pensjonatu, pani Maria, z warkoczem ciasno oplecionym wokół głowy."
"Elizabeth wysiadła, taksówkarz wystawił jej bagaże i odjechał.","Elizabeth wysiadł, taksówkarz wystawił jej bagaże i odjechał."
"Nie powiedziała mu, że leży w szpitalu.","Nie powiedział mu, że leży w szpitalu."
"Zatelefonowała do Alony i poprosiła, aby przyniosła do szpitala zieloną teczkę.","Zatelefonował do Alony i poprosiła, aby przyniosła do szpitala zieloną teczkę."
"""Jak prosto jest załatwiać interesy z dzieckiem - pomyślała z rozczuleniem - i jakie to jednocześnie zobowiązujące.","""Jak prosto jest załatwiać interesy z dzieckiem - pomyślał z rozczuleniem - i jakie to jednocześnie zobowiązujące."
"Elizabeth uzgodniła z wychowawcą chłopca, że następnego dnia z samego rana zabierze Aleka na wycieczkę i odwiezie go wieczorem.","Elizabeth uzgodnił z wychowawcą chłopca, że następnego dnia z samego rana zabierze Aleka na wycieczkę i odwiezie go wieczorem."
Przyszła do mnie chora na raka kobieta z bardzo dziwną sprawą.,Przyszedł do mnie chora na raka kobieta z bardzo dziwną sprawą.
"Po tej wiadomości Elizabeth dostała wysokiej gorączki, majaczyła.","Po tej wiadomości Elizabeth dostał wysokiej gorączki, majaczyła."
"Ja ją zabiłam!""","Ja ją zabił m !"""
"Usłyszała gdzieś, za co rodacy go lubią.","Usłyszał gdzieś, za co rodacy go lubią."
"Tamta zatrzymała się przy drzwiach i mimo że Elizabeth uczyniła gest, zapraszając ją dalej, tkwiła na swoim miejscu.","Tamta zatrzymał się przy drzwiach i mimo że Elizabeth uczyniła gest, zapraszając ją dalej, tkwiła na swoim miejscu."
"Podała jej tylko złożoną na pół, wyrwaną ze szkolnego zeszytu kartkę.","Podał jej tylko złożoną na pół, wyrwaną ze szkolnego zeszytu kartkę."
"Kiedy teraz do mnie przyszła, zaczęła mnie namawiać, abym się do nich przyłączył.","Kiedy teraz do mnie przyszła, zaczął mnie namawiać, aby m się do nich przyłączył."
"Powiedziała, że liczą na moje doświadczenie i znajomość świata.","Powiedział, że liczą na moje doświadczenie i znajomość świata."
Po jakimś czasie dojechała do rozwidlenia dróg i musiała dokonać wyboru.,Po jakimś czasie dojechał do rozwidlenia dróg i musiała dokonać wyboru.
"Po namyśle skręciła w prawo, bo tutaj koleiny były głębsze i szersze, co wskazywało, że ta droga była bardziej uczęszczana.","Po namyśle skręcił w prawo, bo tutaj koleiny były głębsze i szersze, co wskazywało, że ta droga była bardziej uczęszczana."
"Miesiąc temu myśl taka lub podobna doprowadziłaby go do furii, teraz sprawiała mu dziwną przyjemność.","Miesiąc temu myśl taka lub podobna doprowadził by go do furii, teraz sprawiała mu dziwną przyjemność."
Na śniadanie Handzia podała ziemniaki z zsiadłym mlekiem i postawiła przed Saszką i Wiktorem dwa kubki kwasu z dzieży chlebowej.,Na śniadanie Handzia podał ziemniaki z zsiadłym mlekiem i postawiła przed Saszką i Wiktorem dwa kubki kwasu z dzieży chlebowej.
Pogoda się poprawiła.,Pogoda się poprawił.
Po policzku potoczyła się łza.,Po policzku potoczył się łza.
"Uderzyła mnie ta pogoda w jej tonie, jakby nagle, przez ten czas, kiedy spałem, wyszła wreszcie z cienia, przezwyciężyła ból tamtego dnia, kiedy odszedł ojciec.","Uderzył mnie ta pogoda w jej tonie, jakby nagle, przez ten czas, kiedy spał em , wyszła wreszcie z cienia, przezwyciężyła ból tamtego dnia, kiedy odszedł ojciec."
A moja matka odparła: Andrzej?,A moja matka odparł: Andrzej?
Elwira uśmiechnęła się na wspomnienie czarnowłosego chłopaka w marynarskim kołnierzu.,Elwira uśmiechnął się na wspomnienie czarnowłosego chłopaka w marynarskim kołnierzu.
"Malwina spojrzała na niego z odrazą, Kulesza się zaczerwienił, ale Ewa, o dziwo, parsknęła śmiechem.","Malwina spojrzał na niego z odrazą, Kulesza się zaczerwienił, ale Ewa, o dziwo, parsknęła śmiechem."
"Malwa zdusiła niedopałek na talerzyku, objęła przyjaciółkę i wyprowadziła ją z kuchni, na odchodnym rzucając policjantowi pełne wyrzutu spojrzenie.","Malwa zdusił niedopałek na talerzyku, objęła przyjaciółkę i wyprowadziła ją z kuchni, na odchodnym rzucając policjantowi pełne wyrzutu spojrzenie."
Sprawna jak maszyna pamięć Gagosiana wyrzuciła momentalnie nazwisko artysty: Levinsson.,Sprawna jak maszyna pamięć Gagosiana wyrzucił momentalnie nazwisko artysty: Levinsson.
Ewa poczuła kłucie w boku i stanęła zdyszana.,Ewa poczuł kłucie w boku i stanęła zdyszana.
"W witrynie pełnej wazonów, szklanych rybek i innych wątpliwej urody cacek zobaczyła rozczochraną babę o dzikim wejrzeniu.","W witrynie pełnej wazonów, szklanych rybek i innych wątpliwej urody cacek zobaczył rozczochraną babę o dzikim wejrzeniu."
"""O rany"", machinalnie przygładziła włosy.","""O rany"", machinalnie przygładził włosy."
Odpowiedziała jej cisza.,Odpowiedział jej cisza.
Wstrząsana suchym szlochem rzuciła się na materac.,Wstrząsana suchym szlochem rzucił się na materac.
"Po chwili uspokoiła się na tyle, by utrzymać w rękach prawie już pustą butelkę.","Po chwili uspokoił się na tyle, by utrzymać w rękach prawie już pustą butelkę."
Upiła łyk i sięgnęła po torebkę z bułką.,Upił łyk i sięgnęła po torebkę z bułką.
Wcześniej nie zauważyła tego nadruku.,Wcześniej nie zauważył tego nadruku.
"Po raz kolejny przeczytała poprawiany w nieskończoność list, po namyśle wymazała ""Całuję"", dopisała ""straszną"" do ""świnią"" i wcisnęła send.","Po raz kolejny przeczytał poprawiany w nieskończoność list, po namyśle wymazała ""Całuję"", dopisała ""straszną"" do ""świnią"" i wcisnęła send."
Wyłączyła komputer i podeszła do lustra.,Wyłączył komputer i podeszła do lustra.
"Stwierdziła z zadowoleniem, że całość prezentuje się bardzo wiarygodnie, zwłaszcza w przyćmionym świetle.","Stwierdził z zadowoleniem, że całość prezentuje się bardzo wiarygodnie, zwłaszcza w przyćmionym świetle."
"Mijając miejsce, w którym zginął Młody, wzdrygnęła się i odwróciła wzrok.","Mijając miejsce, w którym zginął Młody, wzdrygnął się i odwróciła wzrok."
"Cóż - potem spróbowała trochę nadrobić stracony czas, i oto siedzi od paru godzin pod obrazem Przenajświętszej Panienki i kontempluje kredens na wysoki połysk, zdana na gościnność i pomoc autochtonów.","Cóż - potem spróbował trochę nadrobić stracony czas, i oto siedzi od paru godzin pod obrazem Przenajświętszej Panienki i kontempluje kredens na wysoki połysk, zdana na gościnność i pomoc autochtonów."
"Ta, dla przykładu, nie powstałaby, gdyby nie święta cierpliwość Piotra, fachowe rady mojej Mamy, krytyczny wkład Agnieszki Gozdek oraz doping Joasi Leszczyńskiej, Kasi Prażmowskiej, Marty, Krystyny i reszty moich przyjaciół, w tym kota Błażeja.","Ta, dla przykładu, nie powstał by , gdyby nie święta cierpliwość Piotra, fachowe rady mojej Mamy, krytyczny wkład Agnieszki Gozdek oraz doping Joasi Leszczyńskiej, Kasi Prażmowskiej, Marty, Krystyny i reszty moich przyjaciół, w tym kota Błażeja."
"Wtedy i Ewa zdrzemnęła się, przytulona do Joli.","Wtedy i Ewa zdrzemnął się, przytulona do Joli."
"Ocknęła się obolała, zmęczona, z niesmakiem w ustach i zerowym poczuciem miejsca i czasu.","Ocknął się obolała, zmęczona, z niesmakiem w ustach i zerowym poczuciem miejsca i czasu."
Publiczność oszalała z radości...,Publiczność oszalał z radości...
"– To jest m o j a córka, sukinsynu! – wrzasnęła.","– To jest m o j a córka, sukinsynu! – wrzasnął."
Serena zamruczała coś przez sen i rozłożyła się na mojej połowie.,Serena zamruczał coś przez sen i rozłożyła się na mojej połowie.
Marchewą wstrząsnęła taka sugestia.,Marchewą wstrząsnął taka sugestia.
– Recepcjonistka umilkła na moment.,– Recepcjonistka umilkł na moment.
Ruszyła na północ.,Ruszył na północ.
"Spojrzała w niebo, oceniając, kiedy znów zacznie padać.","Spojrzał w niebo, oceniając, kiedy znów zacznie padać."
"Obudziła się, spocona mimo zimna.","Obudził się, spocona mimo zimna."
"Usiadła, obejmując dłońmi ramiona.","Usiadł, obejmując dłońmi ramiona."
W słuchawce zaległa długa cisza.,W słuchawce zaległ długa cisza.
Zmarszczyła szerokie brwi; pytanie było nieoczekiwane.,Zmarszczył szerokie brwi; pytanie było nieoczekiwane.
Wzruszyła ramionami.,Wzruszył ramionami.
"– No… nie wiem, naprawdę – powiedziała.","– No… nie wiem, naprawdę – powiedział."
"Tak jak przewidywał, kilkanaście minut później ceremonia pogrzebowa krywów dobiegła końca.","Tak jak przewidywał, kilkanaście minut później ceremonia pogrzebowa krywów dobiegł końca."
Większość ludzi się rozeszła.,Większość ludzi się rozszedł.
Znowu poprawiłam torbę na ramieniu i westchnęłam.,Znowu poprawił m torbę na ramieniu i westchnęła m .
– Gówno – mruknęłam do Jenksa.,– Gówno – mruknął m do Jenksa.
"– Wiesz o tym? – zapytałam, wyrywając legitymację Peterowi i chowając ją w torbie.","– Wiesz o tym? – zapytał m , wyrywając legitymację Peterowi i chowając ją w torbie."
"Wiedźma odwróciła się ku niemu z mozołem, wkładając w ten drobny ruch wszystkie swoje siły.","Wiedźma odwrócił się ku niemu z mozołem, wkładając w ten drobny ruch wszystkie swoje siły."
A pomoc teraz bardzo by mi się przydała.,A pomoc teraz bardzo by mi się przydał.
– Przywołała na twarz wysilony uśmiech.,– Przywołał na twarz wysilony uśmiech.
– Chciałabym… – zaczęła.,– Chciała by m … – zaczął.
"– Chciałabym nigdy cię nie znaleźć! – wyrzuciła z siebie, po czym trzasnęła drzwiami.","– Chciała by m nigdy cię nie znaleźć! – wyrzucił z siebie, po czym trzasnęła drzwiami."
We własnym pokoju rzuciła się na łóżko i prędko zasnęła.,We własnym pokoju rzucił się na łóżko i prędko zasnęła.
"A poza tym to jakby Lukrecja Borgia zawarła małżeństwo z Henrykiem Sinobrodym, obie strony bardzo ryzykowały i faktycznie, przesądziły fatalnie przyszłość swych krajów.","A poza tym to jakby Lukrecja Borgia zawarł małżeństwo z Henrykiem Sinobrodym, obie strony bardzo ryzykowały i faktycznie, przesądziły fatalnie przyszłość swych krajów."
"Przecież Francja już raz pobiła Niemcy - i to wtedy, gdy były one większe i potężniejsze, a Francja mniejsza i słabsza.","Przecież Francja już raz pobił Niemcy - i to wtedy, gdy były one większe i potężniejsze, a Francja mniejsza i słabsza."
Tydzień później próba definitywnego pozyskania Polski przez Hitlera osiągnęła apogeum przy okazji tzw. kryzysu kłajpedzkiego.,Tydzień później próba definitywnego pozyskania Polski przez Hitlera osiągnął apogeum przy okazji tzw. kryzysu kłajpedzkiego.
"Odzyskała przytomność, w każdym razie w pewnym stopniu, bo nie była świadoma gdzie jest i co się stało.","Odzyskał przytomność, w każdym razie w pewnym stopniu, bo nie była świadoma gdzie jest i co się stało."
Ale postanowiła dotrzeć do siostry i rodziny w Podłozinach i jeszcze raz poprosić o pomoc.,Ale postanowił dotrzeć do siostry i rodziny w Podłozinach i jeszcze raz poprosić o pomoc.
"Odtworzyła się kasta zawodowych dowódców wojskowych, jakby dziedziczna, gdzie każde kolejne pokolenie było bardziej ograniczone, bardziej pyszałkowate i pewne swojej pozycji.","Odtworzył się kasta zawodowych dowódców wojskowych, jakby dziedziczna, gdzie każde kolejne pokolenie było bardziej ograniczone, bardziej pyszałkowate i pewne swojej pozycji."
Przeszła ona jego najśmielsze oczekiwania.,Przeszedł ona jego najśmielsze oczekiwania.
"Przez kilka następnych lat najsilniejsza armia świata po prostu przestała się liczyć, utraciła siłę bojową.","Przez kilka następnych lat najsilniejsza armia świata po prostu przestał się liczyć, utraciła siłę bojową."
To jedna z ochotniczych sióstr pomocniczych zastosowała ofiarnie własne metody leczenia.,To jedna z ochotniczych sióstr pomocniczych zastosował ofiarnie własne metody leczenia.
"Kiedy sprawa się wydała, wyleciała z hukiem ze szpitala.","Kiedy sprawa się wydała, wyleciał z hukiem ze szpitala."
Została w piosence.,Został w piosence.
"Ale tutaj w łóżku i towarzystwie chłopców, również rozebranych, przestała odczuwać skrępowanie.","Ale tutaj w łóżku i towarzystwie chłopców, również rozebranych, przestał odczuwać skrępowanie."
"W końcu z tych chaotycznych wyjaśnień, jakoś złożyła się logiczna całość: mieszka w Ostrowcu, u rodziny osoby, której szuka i koniecznie musi przekazać pilną wiadomość, osobiście.","W końcu z tych chaotycznych wyjaśnień, jakoś złożył się logiczna całość: mieszka w Ostrowcu, u rodziny osoby, której szuka i koniecznie musi przekazać pilną wiadomość, osobiście."
"Po pewnym czasie pojawiła się też mniejsza grupa, zmierzająca w odwrotną stronę.","Po pewnym czasie pojawił się też mniejsza grupa, zmierzająca w odwrotną stronę."
Francja nie zdołałaby zapłacić kontrybucji i odbudować kraju bez tej pomocy.,Francja nie zdołał by zapłacić kontrybucji i odbudować kraju bez tej pomocy.
"Zauważyła Angusa, podeszła się przywitać i zapytała co tu robi.","Zauważył Angusa, podeszła się przywitać i zapytała co tu robi."
"Matka zadziałała w najprostszy, bezpośredni sposób.","Matka zadziałał w najprostszy, bezpośredni sposób."
"Sama udała się do Arbeitsamtu zabierając wezwanie Angusa i porozmawiała z niemieckim szefem swoim doskonałym berlińskim akcentem, wyjmując w odpowiednim momencie kopertę wypchaną banknotami.","Sama udał się do Arbeitsamtu zabierając wezwanie Angusa i porozmawiała z niemieckim szefem swoim doskonałym berlińskim akcentem, wyjmując w odpowiednim momencie kopertę wypchaną banknotami."
Rybka powędrowała do akwarium ustawionego przez asystentkę na stoliku.,Rybka powędrował do akwarium ustawionego przez asystentkę na stoliku.
Nastrój jesiennej majówki zepsuła ta dziewczyna.,Nastrój jesiennej majówki zepsuł ta dziewczyna.
"Raz jeden znalazłam się w tamtym domu dzięki uporowi, czyli ""humorom"", jak on to określał.","Raz jeden znalazł m się w tamtym domu dzięki uporowi, czyli ""humorom"", jak on to określał."
Wzięła mnie na ręce i zaniosła na łóżko.,Wziął mnie na ręce i zaniosła na łóżko.
Zgasiła światło.,Zgasił światło.
Ta kobieta udzieliła mi kilku ważnych lekcji.,Ta kobieta udzielił mi kilku ważnych lekcji.
Zupełnie jakby pojawiła się znana gwiazda.,Zupełnie jakby pojawił się znana gwiazda.
"Kobieta przestudiowała ją, potem otworzyła drzwi.","Kobieta przestudiował ją, potem otworzyła drzwi."
"Ocknęłam się w jakimś pomieszczeniu, leżałam na kozetce.","Ocknął m się w jakimś pomieszczeniu, leżała m na kozetce."
"Do drugiej sali przybiegła pani Zosia okutana w zbyt dużą kufajkę, a za nią przyczłapał ogromny i brzuchaty pan Dąbrowski, dźwigając kosz pełen butelek rozmaitych kształtów.","Do drugiej sali przybiegł pani Zosia okutana w zbyt dużą kufajkę, a za nią przyczłapał ogromny i brzuchaty pan Dąbrowski, dźwigając kosz pełen butelek rozmaitych kształtów."
"Omijając tańczących na parkiecie, podeszła kelnerka Zosia i postawiła na stoliku pół litra wyborowej.","Omijając tańczących na parkiecie, podszedł kelnerka Zosia i postawiła na stoliku pół litra wyborowej."
"Pani Zosia wymieniła porozumiewawcze spojrzenia z panią Simonow, gdy podporucznik Kowalik stanął w drzwiach kancelarii.","Pani Zosia wymienił porozumiewawcze spojrzenia z panią Simonow, gdy podporucznik Kowalik stanął w drzwiach kancelarii."
"""Zmarł biedaczysko w szpitalu polowym, wczoraj był wesół i zdrów"" - zabrzmiała pieśń, gdy tylko Orszyc-Druszlewski dał znak.","""Zmarł biedaczysko w szpitalu polowym, wczoraj był wesół i zdrów"" - zabrzmiał pieśń, gdy tylko Orszyc-Druszlewski dał znak."
"Nie zrobiła mu z mózgu obolałej papki, chciało mu się żyć i wierzył, że innym też się dostatecznie mocno chce.","Nie zrobił mu z mózgu obolałej papki, chciało mu się żyć i wierzył, że innym też się dostatecznie mocno chce."
"- Chcesz powiedzieć, że możesz nie mieć okazji, by zameldować o wszystkim żandarmerii - podsumowała.","- Chcesz powiedzieć, że możesz nie mieć okazji, by zameldować o wszystkim żandarmerii - podsumował."
- U mnie chyba też - powiedziała cicho.,- U mnie chyba też - powiedział cicho.
- Już nie - zauważyła Kaśka z uśmiechem.,- Już nie - zauważył Kaśka z uśmiechem.
Na chwilę mignęła mi sylwetka dziewczyny z łopatą na ramieniu.,Na chwilę mignął mi sylwetka dziewczyny z łopatą na ramieniu.
- To tylko dwie ściany - zauważyła.,- To tylko dwie ściany - zauważył.
- Zacisnęła pięści pochlapane krwią.,- Zacisnął pięści pochlapane krwią.
Machnęła w stronę śmigłowca.,Machnął w stronę śmigłowca.
"- I to by było na tyle - stwierdziła bez żalu Marzena, wycierając jedną upapraną dłonią drugą, równie brudną.","- I to by było na tyle - stwierdził bez żalu Marzena, wycierając jedną upapraną dłonią drugą, równie brudną."
Ustrzegła się tego.,Ustrzegł się tego.
"Zrobiła krok do tyłu, potem drugi, trzeci.","Zrobił krok do tyłu, potem drugi, trzeci."
Marzena znikła za progiem.,Marzena znikł za progiem.
- Nie... - zaczęła Nadia.,- Nie... - zaczął Nadia.
"- Zamarła; w jej twarzy nadzieja walczyła z niedowierzaniem i gorzkim sceptycyzmem człowieka, który wie, że w życiu wszystko kosztuje.","- Zamarł; w jej twarzy nadzieja walczyła z niedowierzaniem i gorzkim sceptycyzmem człowieka, który wie, że w życiu wszystko kosztuje."
"Klasyczna teologia powiedziałaby, że nie potrafimy utworzyć sobie pojęcia Boga.","Klasyczna teologia powiedział by , że nie potrafimy utworzyć sobie pojęcia Boga."
Spojrzała zaskoczona.,Spojrzał zaskoczona.
Zaczerwieniła się.,Zaczerwienił się.
"– Spojrzała na mnie, a w jej oczach znów ujrzałem to, co tak wiele zamieszania robiło we mnie od momentu, gdy ją zobaczyłem.","– Spojrzał na mnie, a w jej oczach znów ujrzał em to, co tak wiele zamieszania robiło we mnie od momentu, gdy ją zobaczył em ."
"Nie powiedziała mi o tym, ale która z nich chce się do tego przyznać?","Nie powiedział mi o tym, ale która z nich chce się do tego przyznać?"
Dostała półroczny kontrakt w Ameryce Południowej.,Dostał półroczny kontrakt w Ameryce Południowej.
"Niestety, nie zostawiła adresu.","Niestety, nie zostawił adresu."
"– Nie martwcie się, kot jest u nas – powiedziała.","– Nie martwcie się, kot jest u nas – powiedział."
Po trzech dniach Śpiąca Królewna wróciła do Warszawy.,Po trzech dniach Śpiąca Królewna wrócił do Warszawy.
"Oznajmiła mi to przez telefon i nie mówiąc nic więcej, odłożyła słuchawkę.","Oznajmił mi to przez telefon i nie mówiąc nic więcej, odłożyła słuchawkę."
"– Dzień dobry, chciałabym mówić z Moniką... – powiedziała, pomijając zwroty w rodzaju: “Przepraszam, czy nie obudziłam pana?”, ponieważ było oczywiste, że wyrwała go z porannego snu.","– Dzień dobry, chciała by m mówić z Moniką... – powiedział, pomijając zwroty w rodzaju: “Przepraszam, czy nie obudziła m pana?”, ponieważ było oczywiste, że wyrwała go z porannego snu."
W słuchawce zaległa cisza.,W słuchawce zaległ cisza.
"– Jest doskonałe, zapewniam cię – oświadczyła.","– Jest doskonałe, zapewniam cię – oświadczył."
Jędrusia przysiadła na brzegu.,Jędrusia przysiadł na brzegu.
Wtedy też niespodziewanie pojawiła się Dorcia.,Wtedy też niespodziewanie pojawił się Dorcia.
"Stanęła w drzwiach mojego domu rodzinnego któregoś ranka, a za nią chowała się moja córka.","Stanął w drzwiach mojego domu rodzinnego któregoś ranka, a za nią chowała się moja córka."
"– Czy mogę? – zapytała matkę, która wpuściła ją bez słowa.","– Czy mogę? – zapytał matkę, która wpuściła ją bez słowa."
"Dopiero wtedy Dorcia zobaczyła, że od ostatniego widzenia bardzo się zmieniłem.","Dopiero wtedy Dorcia zobaczył, że od ostatniego widzenia bardzo się zmienił em ."
"Usiadła na fotelu, zakładając nogę na nogę, miała spódniczkę przed kolana.","Usiadł na fotelu, zakładając nogę na nogę, miała spódniczkę przed kolana."
Nie zauważyłaś?,Nie zauważył ś ?
"– Dwa razy w tygodniu, u nas w szkole – potwierdziła to, co usłyszałem od Dorci.","– Dwa razy w tygodniu, u nas w szkole – potwierdził to, co usłyszał em od Dorci."
"– Powierzam ci tylko sprawy najważniejsze, resztą zajmę się po powrocie – wyjaśniła.","– Powierzam ci tylko sprawy najważniejsze, resztą zajmę się po powrocie – wyjaśnił."
– Coś się stało? – spytała.,– Coś się stało? – spytał.
– Nie odbierałeś telefonu – powiedziała z wyrzutem.,– Nie odbierał eś telefonu – powiedział z wyrzutem.
"Gdy wznosili naczynia, orkiestra zagrała z werwą Yankie Doodle, a sala wstała, salutując w stronę Amerykanów.","Gdy wznosili naczynia, orkiestra zagrał z werwą Yankie Doodle, a sala wstała, salutując w stronę Amerykanów."
"Usiadła na fotelu drugiego, którego ciało Harold zaciągnął za fotele i starannie oparł o burtę obok ciała bombardiera.","Usiadł na fotelu drugiego, którego ciało Harold zaciągnął za fotele i starannie oparł o burtę obok ciała bombardiera."
Spojrzała na niego zachęcająco i ciekawie znad swojego pucharu.,Spojrzał na niego zachęcająco i ciekawie znad swojego pucharu.
"Kira ze skupieniem wykonała reiho, a potem pierwsze kata poziomu Hasegawa tak, że dech mu zaparło.","Kira ze skupieniem wykonał reiho, a potem pierwsze kata poziomu Hasegawa tak, że dech mu zaparło."
- Obrzuciła go karcącym spojrzeniem.,- Obrzucił go karcącym spojrzeniem.
Fala gorącej krwi uderzyła Toru do głowy.,Fala gorącej krwi uderzył Toru do głowy.
"Kira też zobaczyła to, co chciała.","Kira też zobaczył to, co chciała."
Podciągnęła ku brodzie także drugie kolano.,Podciągnął ku brodzie także drugie kolano.
"Widownia westchnęła ze współczuciem, a Iwana to uskrzydliło.","Widownia westchnął ze współczuciem, a Iwana to uskrzydliło."
"– Eunuchem? – zainteresowała się słabo, bo jej intelektualna wrażliwość rozpływała się w narkotycznym dotyku jego palców.","– Eunuchem? – zainteresował się słabo, bo jej intelektualna wrażliwość rozpływała się w narkotycznym dotyku jego palców."
"– No więc dobrze – dłoń Salomei ścisnęła palce obu stóp z niespodziewaną, sprężystą siłą.","– No więc dobrze – dłoń Salomei ścisnął palce obu stóp z niespodziewaną, sprężystą siłą."
Nawet porządnie nie poczułam.,Nawet porządnie nie poczuł m .
Przecież sama go sprowokowałam.,Przecież sama go sprowokował m .
"Zabrała butelkę przyjaciółce i pociągnęła łyk, od którego wszystko w przedziale pojaśniało, a obrazek zawieszony nad kozetką, przedstawiający jakiś smętny, brzozowy i rosyjski krajobraz, od razu poweselał.","Zabrał butelkę przyjaciółce i pociągnęła łyk, od którego wszystko w przedziale pojaśniało, a obrazek zawieszony nad kozetką, przedstawiający jakiś smętny, brzozowy i rosyjski krajobraz, od razu poweselał."
"– Na drugą nóżkę? – spytała Salomea, wyciągając rękę po alkohol.","– Na drugą nóżkę? – spytał Salomea, wyciągając rękę po alkohol."
"Poradziła sobie wreszcie i sięgnęła po krzesło, lokując się tuż przy piecu.","Poradził sobie wreszcie i sięgnęła po krzesło, lokując się tuż przy piecu."
"Odpowiedziała bez namysłu: – Jeśli to dla pana coś odkrywczego i przyda się panu do czegoś, będę szczęśliwa, że mogłam panu podsunąć tę myśl, a zaręczam, że to działa.","Odpowiedział bez namysłu: – Jeśli to dla pana coś odkrywczego i przyda się panu do czegoś, będę szczęśliwa, że mogła m panu podsunąć tę myśl, a zaręczam, że to działa."
"Dopiero po deserze (la meringue aux fraises de bois), przy cygarach i koniaku zaczęła się poważna rozmowa.","Dopiero po deserze (la meringue aux fraises de bois), przy cygarach i koniaku zaczął się poważna rozmowa."
– Tego socjologa? – zdziwiła się Omega.,– Tego socjologa? – zdziwił się Omega.
"Z... – spytała go Sandra Kwiczoł, zadzierając wysoko głowę.","Z... – spytał go Sandra Kwiczoł, zadzierając wysoko głowę."
"Kręci, nie kręci, nie wiem, jak mi to moja szwagierka powiedziała, ta, co pracuje w MRN-ie, no to ja jej powiedziałam, żeby nikomu więcej nie mówiła, i sama rozumiesz, że trzeba jej coś tam odpalić...","Kręci, nie kręci, nie wiem, jak mi to moja szwagierka powiedziała, ta, co pracuje w MRN-ie, no to ja jej powiedział m , żeby nikomu więcej nie mówiła, i sama rozumiesz, że trzeba jej coś tam odpalić..."
"Ale tak pomyślałam, że tamta obok to pewnie sprzed lat, prawda?","Ale tak pomyślał m , że tamta obok to pewnie sprzed lat, prawda?"
"– Masz przy sobie komórkę? – zapytała Felicyta-Katarzyna w okolicach Płońska; od jakichś dwustu kilometrów myślała o czymś usilnie, w milczeniu, świdrując swoim hipnotycznym wzrokiem największego komara przyklejonego do przedniej szyby; Tońcia drzemała spokojnie na tylnym siedzeniu, Maryla starała się skupić na drodze.","– Masz przy sobie komórkę? – zapytał Felicyta-Katarzyna w okolicach Płońska; od jakichś dwustu kilometrów myślała o czymś usilnie, w milczeniu, świdrując swoim hipnotycznym wzrokiem największego komara przyklejonego do przedniej szyby; Tońcia drzemała spokojnie na tylnym siedzeniu, Maryla starała się skupić na drodze."
"W tym samym czasie, kiedy dziadek Zygmunt głodował w Murnau, niezwyciężona armia radziecka wkroczyła na terytorium Polski i rozpoczęła wiekopomną ofensywę.","W tym samym czasie, kiedy dziadek Zygmunt głodował w Murnau, niezwyciężona armia radziecka wkroczył na terytorium Polski i rozpoczęła wiekopomną ofensywę."
"A potem całą siłą woli oderwała się od posągu i ruszyła dalej nawą, popatrując z perspektywy na białą piramidę, coraz ciemniejszą.","A potem całą siłą woli oderwał się od posągu i ruszyła dalej nawą, popatrując z perspektywy na białą piramidę, coraz ciemniejszą."
"Położyła się, podciągnęła koc pod brodę i sięgnęła pod poduszkę, gdzie trzymała sekretne lekarstwo na takie okazje, Muminki.","Położył się, podciągnęła koc pod brodę i sięgnęła pod poduszkę, gdzie trzymała sekretne lekarstwo na takie okazje, Muminki."
– Marta postanowiła położyć kres tej rozkosznej konwersacji.,– Marta postanowił położyć kres tej rozkosznej konwersacji.
– Martę znowu ogarnęła wściekłość.,– Martę znowu ogarnął wściekłość.
"– No dobrze – powiedziała mama – jak już będziesz w łóżku, przyjdę do ciebie i przynajmniej spróbuję.","– No dobrze – powiedział mama – jak już będziesz w łóżku, przyjdę do ciebie i przynajmniej spróbuję."
Dlaczego wymyśliła to nieślubne dziecko?,Dlaczego wymyślił to nieślubne dziecko?
"To wymyślone dziecko, tę fantazję, porzuciła, kiedy miało trzy miesiące.","To wymyślone dziecko, tę fantazję, porzucił, kiedy miało trzy miesiące."
"– Czy był jakiś powód, dla którego Caravaggio nie malował blondynów? – zapytałam.","– Czy był jakiś powód, dla którego Caravaggio nie malował blondynów? – zapytał m ."
"Odsunęła maskę i głos przymierzył się do twarzy; tej samej, zawrotnie czystej, słodkiej twarzy Madonny.","Odsunął maskę i głos przymierzył się do twarzy; tej samej, zawrotnie czystej, słodkiej twarzy Madonny."
– Czy nie widzieli państwo takiej... – zawahałam się.,– Czy nie widzieli państwo takiej... – zawahał m się.
"Spojrzałam na jej męża, ale oczy miał zasłonięte kapeluszem.","Spojrzał m na jej męża, ale oczy miał zasłonięte kapeluszem."
Zdzieliła mnie po głowie muzyka.,Zdzielił mnie po głowie muzyka.
Usłyszałam kilka taktów renesansowych.,Usłyszał m kilka taktów renesansowych.
"Zobaczyłam siebie przebraną za Wigilię: z siankiem w uszach i ustach, świecidełka we włosach, w ręku jodełki, a bombki na biodrach kręcących się w rytm kolęd.","Zobaczył m siebie przebraną za Wigilię: z siankiem w uszach i ustach, świecidełka we włosach, w ręku jodełki, a bombki na biodrach kręcących się w rytm kolęd."
Pierwsza przyszła do grobu Chrystusa i dlatego została patronką pielgrzymów do Ziemi Świętej.,Pierwsza przyszedł do grobu Chrystusa i dlatego została patronką pielgrzymów do Ziemi Świętej.
"W dzień, gdy próbował ją pocałować w usta, odsunęła się.","W dzień, gdy próbował ją pocałować w usta, odsunął się."
– Przepraszam... – powiedziała.,– Przepraszam... – powiedział.
Spojrzała na rysunek.,Spojrzał na rysunek.
"Potwierdziła, chociaż sam – co widziała po minie – był wystarczająco zadowolony ze swojego dzieła.","Potwierdził, chociaż sam – co widziała po minie – był wystarczająco zadowolony ze swojego dzieła."
– I co ty na to? – zapytała Joanna.,– I co ty na to? – zapytał Joanna.
Natalia potwierdziła.,Natalia potwierdził.
Zdziwiła się i nic nie odrzekła.,Zdziwił się i nic nie odrzekła.
– Opublikujmy mój pomysł: posypuję ziemniaki vegetą i smażę w głębokim tłuszczu – powiedziała Klaudia.,– Opublikujmy mój pomysł: posypuję ziemniaki vegetą i smażę w głębokim tłuszczu – powiedział Klaudia.
– Joanna z lekkim wyrzutem spojrzała na młodą koleżankę.,– Joanna z lekkim wyrzutem spojrzał na młodą koleżankę.
Dziewczyna podziękowała.,Dziewczyna podziękował.
"– Niech się pani nie przejmuje – powiedziała mama Janki, kończąc malować paznokcie klientki.","– Niech się pani nie przejmuje – powiedział mama Janki, kończąc malować paznokcie klientki."
"Na pewno tak będzie – dokończyła, bo wiedziała, że klientki trzeba pocieszać.","Na pewno tak będzie – dokończył, bo wiedziała, że klientki trzeba pocieszać."
– A wieżowiec telewizji nie jest wyższy? – zapytała Irena.,– A wieżowiec telewizji nie jest wyższy? – zapytał Irena.
"– Marto, dlaczego ukrywasz pomadkę? – zapytała psycholożka.","– Marto, dlaczego ukrywasz pomadkę? – zapytał psycholożka."
– Stara nie pozwala – odpowiedziała.,– Stara nie pozwala – odpowiedział.
Używajmy ładnych określeń – pouczyła pani magister.,Używajmy ładnych określeń – pouczył pani magister.
Ciotka usiadła w fotelu i wcale się nie odzywała.,Ciotka usiadł w fotelu i wcale się nie odzywała.
Musimy pogadać – powtórzyła.,Musimy pogadać – powtórzył.
– Polak – bez zdziwienia powiedziała młoda kobieta.,– Polak – bez zdziwienia powiedział młoda kobieta.
– Dobrze – powiedziała Jenny.,– Dobrze – powiedział Jenny.
W kilka dni po święcie armii do Marka zatelefonowała Beata: u koleżanki z żonatym narzeczonym coś się stało i tylko on mógł pomóc.,W kilka dni po święcie armii do Marka zatelefonował Beata: u koleżanki z żonatym narzeczonym coś się stało i tylko on mógł pomóc.
Beata zaprzeczyła.,Beata zaprzeczył.
– Odwieziemy moją córeczkę? – zapytała.,– Odwieziemy moją córeczkę? – zapytał.
"Jenny ubrała się w kremową sukienkę, włosy spięła w kok i zrobiła delikatny makijaż.","Jenny ubrał się w kremową sukienkę, włosy spięła w kok i zrobiła delikatny makijaż."
Na ramiona zarzuciła starą liliową chustę.,Na ramiona zarzucił starą liliową chustę.
– Dobrze? – zapytała Henryka.,– Dobrze? – zapytał Henryka.
Weźmy też psa – powiedziała.,Weźmy też psa – powiedział.
– Mnie żadna pomoc nie jest potrzebna – powiedziała obrażona.,– Mnie żadna pomoc nie jest potrzebna – powiedział obrażona.
"– Pani Vero, dopiero wróciła pani ze szpitala.","– Pani Vero, dopiero wrócił pani ze szpitala."
"– A pan co nic nie mówi? – rzuciła nagle Vera w jego stronę, dosyć opryskliwie.","– A pan co nic nie mówi? – rzucił nagle Vera w jego stronę, dosyć opryskliwie."
"Zresztą zobaczyła litery CR, takie same jak u nich, w domku dróżnika nad oknem i u matki na służbowym fartuchu.","Zresztą zobaczył litery CR, takie same jak u nich, w domku dróżnika nad oknem i u matki na służbowym fartuchu."
"Około dziesiątej usłyszała, że ktoś jest w świetlicy, narzuciła więc szlafrok i zbiegła na dół.","Około dziesiątej usłyszał, że ktoś jest w świetlicy, narzuciła więc szlafrok i zbiegła na dół."
Nie podzieliła się.,Nie podzielił się.
"Wyrwała się wreszcie z inteligenckiego, uniwersyteckiego getta.","Wyrwał się wreszcie z inteligenckiego, uniwersyteckiego getta."
"– A jakie są tu zwyczaje? – szefowa firmy PR zwróciła się teraz do Retmaniaka, który tym razem zupełnie nie wiedział, o czym mówią.","– A jakie są tu zwyczaje? – szefowa firmy PR zwrócił się teraz do Retmaniaka, który tym razem zupełnie nie wiedział, o czym mówią."
"– A to szkoda, bo ja mam jechać w okolice Nicei – powiedziała z udawanym zawodem.","– A to szkoda, bo ja mam jechać w okolice Nicei – powiedział z udawanym zawodem."
Wymusiłaś na mnie.,Wymusił ś na mnie.
Ta książka odmieniła życie Johna Smitha i jego żony.,Ta książka odmienił życie Johna Smitha i jego żony.
Ale nie poznałaś go na zdjęciu.,Ale nie poznał ś go na zdjęciu.
Czy doszła do Pana moja Scena Zazdrości?,Czy doszedł do Pana moja Scena Zazdrości?
Dlaczego dałam sobie wmówić ciemnotę i sobą poniewierać?,Dlaczego dał m sobie wmówić ciemnotę i sobą poniewierać?
"Odnotowałam ją, aby dać Panu pojęcie, że czasami trudno mi się wygłupiać.","Odnotował m ją, aby dać Panu pojęcie, że czasami trudno mi się wygłupiać."
"– Spojrzała pytająco na męża, ale zbył ją milczeniem.","– Spojrzał pytająco na męża, ale zbył ją milczeniem."
– Popatrz sobie teraz na tę swoją Dolinę Majtek – w głosie Rocha zadrgała kpina.,– Popatrz sobie teraz na tę swoją Dolinę Majtek – w głosie Rocha zadrgał kpina.
"Nie widzisz, jak wyglądam? – rzuciła wściekle zwojem pieniędzy, który trzymała w ręku, gumka pękła, szarobłękitne wizerunki młodej królowej rozsypały się po dywanie.","Nie widzisz, jak wyglądam? – rzucił wściekle zwojem pieniędzy, który trzymała w ręku, gumka pękła, szarobłękitne wizerunki młodej królowej rozsypały się po dywanie."
Hrabina odwróciła się od Mocka.,Hrabina odwrócił się od Mocka.
Łódź zakołysała się gwałtownie.,Łódź zakołysał się gwałtownie.
"– Dziękuję miłemu panu – powiedziała z silnym pomorskim akcentem i zaczęła wciągać bieliznę, a potem układać fałdy sukni.","– Dziękuję miłemu panu – powiedział z silnym pomorskim akcentem i zaczęła wciągać bieliznę, a potem układać fałdy sukni."
Ciemny korytarz rozświetliła żarówka.,Ciemny korytarz rozświetlił żarówka.
Zamknęła drzwi wejściowe i wróciła do salonu.,Zamknął drzwi wejściowe i wróciła do salonu.
– Czysta wariatka – ziewnęła Wiesioniowa.,– Czysta wariatka – ziewnął Wiesioniowa.
"– Nie wariatka, pani Zosiu, tylko chore, znerwicowane dziecko – zaprotestowała Becowa.","– Nie wariatka, pani Zosiu, tylko chore, znerwicowane dziecko – zaprotestował Becowa."
"– A ja, pani profesorko, mówię, że wariatka – ziewnęła jeszcze szerzej Wiesioniowa.","– A ja, pani profesorko, mówię, że wariatka – ziewnął jeszcze szerzej Wiesioniowa."
"– Wolisz rybę z warzywami czy gotowane udko? – zatroszczyła się Paulina, wyczulona na mężowski głód.","– Wolisz rybę z warzywami czy gotowane udko? – zatroszczył się Paulina, wyczulona na mężowski głód."
"Zaraz potem, bez żadnych ceregieli, skoczyła Filomena.","Zaraz potem, bez żadnych ceregieli, skoczył Filomena."
"Elegancko i lekko złapała się gałęzi, po czym Tom pomógł jej stanąć na półce.","Elegancko i lekko złapał się gałęzi, po czym Tom pomógł jej stanąć na półce."
"Teraz dostrzegła, że są poukładane piętrami.","Teraz dostrzegł, że są poukładane piętrami."
Wzdrygnęła się.,Wzdrygnął się.
"Wcisnęła „L"", potem „-"" i pociągnęła.","Wcisnął „L"", potem „-"" i pociągnęła."
Zagryzła wargę.,Zagryzł wargę.
– Nie pomyślałam o tym.,– Nie pomyślał m o tym.
"– Ale nie przypominam sobie, żeby były w protokole – wypaliła, patrząc mu w oczy.","– Ale nie przypominam sobie, żeby były w protokole – wypalił, patrząc mu w oczy."
"Przybyła z daleka, leży tu już długo i urodziła chore dziecko.","Przybył z daleka, leży tu już długo i urodziła chore dziecko."
– To chodźmy do pokoju – zdecydowała LaTonya.,– To chodźmy do pokoju – zdecydował LaTonya.
Rozległa się burza oklasków i okrzyki: Tony! Tony! Tony!,Rozległ się burza oklasków i okrzyki: Tony! Tony! Tony!
LaTonya oficjalnie powitała Tony'ego Kozlowskiego w gronie delegatów na konferencję paryską.,LaTonya oficjalnie powitał Tony'ego Kozlowskiego w gronie delegatów na konferencję paryską.
Nie zasłużyłaś na to.,Nie zasłużył ś na to.
"– Nie mów „kocham cię” – powiedziała, jak już doszła do siebie.","– Nie mów „kocham cię” – powiedział, jak już doszła do siebie."
"– Ewelinka, zamknęłaś się od środka?!","– Ewelinka, zamknął ś się od środka?!"
Zeszła z głównej alejki i skręciła w sieć bocznych dróżek.,Zszedł z głównej alejki i skręciła w sieć bocznych dróżek.
"Poszukała wzrokiem krzaku bzu, ale w miejscu, gdzie powinien rosnąć, stała piramida starych opon.","Poszukał wzrokiem krzaku bzu, ale w miejscu, gdzie powinien rosnąć, stała piramida starych opon."
Hanka spojrzała na górę śmieci widoczną zza kurtki Agnieszki.,Hanka spojrzał na górę śmieci widoczną zza kurtki Agnieszki.
Otworzyła usta.,Otworzył usta.
"Raz czy dwa zobaczyła Hankę i Agnieszkę wracające ze szkoły, ale zanim zdążyła pomachać z okna, poznikały w swoich klatkach.","Raz czy dwa zobaczył Hankę i Agnieszkę wracające ze szkoły, ale zanim zdążyła pomachać z okna, poznikały w swoich klatkach."
Przysiadła na brzegu łóżka.,Przysiadł na brzegu łóżka.
"Mania powiedziała, że Agnieszka była przy niej cały czas, ale niedawno poszła do domu.","Mania powiedział, że Agnieszka była przy niej cały czas, ale niedawno poszła do domu."
"W piątek wieczorem przebrała się w nocną koszulę, położyła w dużym pokoju i włączyła telewizor.","W piątek wieczorem przebrał się w nocną koszulę, położyła w dużym pokoju i włączyła telewizor."
Agnieszka popatrzyła przed siebie.,Agnieszka popatrzył przed siebie.
"Dopiero teraz zobaczyła, że nad podwójnym łóżkiem wisi niewielki obrazek w grubych ramach.","Dopiero teraz zobaczył, że nad podwójnym łóżkiem wisi niewielki obrazek w grubych ramach."
"Beata zdziwiła się, kiedy uprzytomniła sobie, jak często u nich bywa.","Beata zdziwił się, kiedy uprzytomniła sobie, jak często u nich bywa."
"Powiedziała nawet o tym ojcu, a on uśmiechnął się i powiedział: „To też jest twój dom!""","Powiedział nawet o tym ojcu, a on uśmiechnął się i powiedział: „To też jest twój dom!"""
"Mimo ciepłego dnia pani domu przyjęła ją otulona w brązowy blezer, spod ciemnej spódnicy wystawały chude łydki.","Mimo ciepłego dnia pani domu przyjął ją otulona w brązowy blezer, spod ciemnej spódnicy wystawały chude łydki."
Po paru minutach rozmowy zapytała: – Your accent.,Po paru minutach rozmowy zapytał: – Your accent.
"– Ach – straciła zainteresowanie pani domu, rodowita Angielka.","– Ach – stracił zainteresowanie pani domu, rodowita Angielka."
– Kate zachorowała – przypomniała Charlotta i na chwilę zrobiło się cicho.,– Kate zachorowała – przypomniał Charlotta i na chwilę zrobiło się cicho.
"– Dajcie spokój, to tylko rak piersi! – roześmiała się z wysiłkiem Bywalczyni-Kate.","– Dajcie spokój, to tylko rak piersi! – roześmiał się z wysiłkiem Bywalczyni-Kate."
"Let’s do something! – rzuciła Gun, dając jednocześnie znak Przystupie, by wycofała się spomiędzy pań.","Let’s do something! – rzucił Gun, dając jednocześnie znak Przystupie, by wycofała się spomiędzy pań."
Wysiadła na zakręcie przed Hagen.,Wysiadł na zakręcie przed Hagen.
Przeszła dołem koło stolarni i zadarła głowę – nad nią wznosiła się góra ognia.,Przeszedł dołem koło stolarni i zadarła głowę – nad nią wznosiła się góra ognia.
Przystupa otworzyła oczy.,Przystupa otworzył oczy.
– Wycelowała kluczami w koronkową bieliznę.,– Wycelował kluczami w koronkową bieliznę.
"Przystupa odstawiła szklankę po whisky i skuliła się w fotelu, pan Cox wyglądał, jakby się właśnie obudził.","Przystupa odstawił szklankę po whisky i skuliła się w fotelu, pan Cox wyglądał, jakby się właśnie obudził."
– Nigdy nie poszłam na całość.,– Nigdy nie poszedł m na całość.
– Zajrzała jej w oczy spłowiałym błękitem tęczówek.,– Zajrzał jej w oczy spłowiałym błękitem tęczówek.
"– Jesteś piękna – powiedziała starsza kobieta, oddychając ciężko.","– Jesteś piękna – powiedział starsza kobieta, oddychając ciężko."
"– Zamilkła, żeby nabrać powietrza, usta jej drżały.","– Zamilkł, żeby nabrać powietrza, usta jej drżały."
Z tęsknoty za pełnym związkiem z mężczyzną dałam się uwieść pozorom.,Z tęsknoty za pełnym związkiem z mężczyzną dał m się uwieść pozorom.
"Niby rozgrzeszyłam samą siebie z tego incydentu, niby go sobie wybaczyłam i zaakceptowałam, ale nie starczyło mi odwagi, żeby się do tego przyznać.","Niby rozgrzeszył m samą siebie z tego incydentu, niby go sobie wybaczyła m i zaakceptowała m , ale nie starczyło mi odwagi, żeby się do tego przyznać."
Wróciłam dziś do pracy z przyjemnością.,Wrócił m dziś do pracy z przyjemnością.
Z kilkunastu zeszytów powstała książka.,Z kilkunastu zeszytów powstał książka.
"Na wy sokich obcasach, żeby nikt nie żałował, że ją przeoczył, konsekwentnie, z twarzą suszonej śliwki, doszła do swojej trumny.","Na wy sokich obcasach, żeby nikt nie żałował, że ją przeoczył, konsekwentnie, z twarzą suszonej śliwki, doszedł do swojej trumny."
– A jeśli wyrządzają krzywdę tylko mnie? – spytała cicho.,– A jeśli wyrządzają krzywdę tylko mnie? – spytał cicho.
Przestraszona Zosia schowała się za wózek.,Przestraszona Zosia schował się za wózek.
Dziewczyna obracająca się kusząco na parkiecie wydała mu się wyjątkowo wyjątkowa.,Dziewczyna obracająca się kusząco na parkiecie wydał mu się wyjątkowo wyjątkowa.
"– Ale przecież powiedziałam: dzień dobry, w czym mogę pomóc.","– Ale przecież powiedział m : dzień dobry, w czym mogę pomóc."
Oddycha? – spytała Lisi Kołnierz.,Oddycha? – spytał Lisi Kołnierz.
"Ona przyjechała pobrać opłatę za mieszkanie, miała się spotkać z byłym mężem we Wrzeszczu.","Ona przyjechał pobrać opłatę za mieszkanie, miała się spotkać z byłym mężem we Wrzeszczu."
"Zabrała mnie ze sobą, była to dobra okazja, żeby zafundować sobie darmową terapię, pojechać szybko jej passatem do Gdańska.","Zabrał mnie ze sobą, była to dobra okazja, żeby zafundować sobie darmową terapię, pojechać szybko jej passatem do Gdańska."
"Afgańska wojna, która wybuchła wkrótce po rebelii w Mekce, okazała się niespodziewanie odsieczą zarówno dla rodziny Saudów, jak wszystkich reżimów w świecie islamu.","Afgańska wojna, która wybuchła wkrótce po rebelii w Mekce, okazał się niespodziewanie odsieczą zarówno dla rodziny Saudów, jak wszystkich reżimów w świecie islamu."
Przeszła tam procesja.,Przeszedł tam procesja.
Znalazłam z trudem jakieś zdjęcia.,Znalazł m z trudem jakieś zdjęcia.
"Wypchnęłam człowieka, jak sam się nazywał, za drzwi i przewróciłam się na łóżko ze zmęczenia.","Wypchnął m człowieka, jak sam się nazywał, za drzwi i przewróciła m się na łóżko ze zmęczenia."
"Rano dowiedziałam się, że w nocy woda zalała piwnice hotelowe i ten człowiek, rozebrany do bielizny, ratował, co się dało.","Rano dowiedział m się, że w nocy woda zalała piwnice hotelowe i ten człowiek, rozebrany do bielizny, ratował, co się dało."
"Majątek ten przekazała mu Tekla Chłapowska (ciocia Uja), wdowa po Zygmuncie, który był bratem matki Krzysztofa.","Majątek ten przekazał mu Tekla Chłapowska (ciocia Uja), wdowa po Zygmuncie, który był bratem matki Krzysztofa."
W roku 1912 Olga w związku z kolejną przygotowującą się pod jej nieobecność wystawą zasięgnęła rady Sainsèrea przy wyborze obrazów.,W roku 1912 Olga w związku z kolejną przygotowującą się pod jej nieobecność wystawą zasięgnął rady Sainsèrea przy wyborze obrazów.
"13 listopada 1938 podyktowała list do Edwarda Chmielarczyka: Obrazy moje przesłane na XXI-szą Biennale do Wenecji wrócą w najbliższym czasie do mnie, do Paryża.","13 listopada 1938 podyktował list do Edwarda Chmielarczyka: Obrazy moje przesłane na XXI-szą Biennale do Wenecji wrócą w najbliższym czasie do mnie, do Paryża."
Potem nadeszła kartka wysłana 7 marca z Messyny i adresowana jeszcze do Krakowa: Pozostawiłem w Messynie jacht arcyksiążęcy i oto spaceruję samotnie po tym starym klasztorze.,Potem nadszedł kartka wysłana 7 marca z Messyny i adresowana jeszcze do Krakowa: Pozostawił em w Messynie jacht arcyksiążęcy i oto spaceruję samotnie po tym starym klasztorze.
"Wystawa Mademoiselle przyciągnęła jednak prawdziwych znawców i sądząc z recenzji zamieszczonych w paryskiej prasie główną jej atrakcją był nie kto inny jak owa étrangère, galicienne, przybyła z nieznanego Wschodu, który tak naprawdę nikogo specjalnie nie interesował.","Wystawa Mademoiselle przyciągnął jednak prawdziwych znawców i sądząc z recenzji zamieszczonych w paryskiej prasie główną jej atrakcją był nie kto inny jak owa étrangère, galicienne, przybyła z nieznanego Wschodu, który tak naprawdę nikogo specjalnie nie interesował."
W momencie przeprowadzki na Montparnasse – rue Campagne-Première numer 17 na zawsze znikła z jej korespondencji.,W momencie przeprowadzki na Montparnasse – rue Campagne-Première numer 17 na zawsze znikł z jej korespondencji.
Agencja ta otrzymała ponadto prawo działania wespół z Havasem na terenie Ameryki Południowej.,Agencja ta otrzymał ponadto prawo działania wespół z Havasem na terenie Ameryki Południowej.
"Nieżyczliwa krytyka nazwała ich ironicznie impresjonistami od obrazu Moneta zatytułowanego ""Impresja – wschodzące słońce"".","Nieżyczliwa krytyka nazwał ich ironicznie impresjonistami od obrazu Moneta zatytułowanego ""Impresja – wschodzące słońce""."
Nazwa ta przyjęła się powszechnie i bardzo prędko straciła pierwotny odcień niechętny i żartobliwy.,Nazwa ta przyjął się powszechnie i bardzo prędko straciła pierwotny odcień niechętny i żartobliwy.
"Wyprawa, zmuszona do przyjęcia walki, rozbiła się na wiele części.","Wyprawa, zmuszona do przyjęcia walki, rozbił się na wiele części."
Tym samym przestała istnieć jako czynna jednostka uderzeniowa.,Tym samym przestał istnieć jako czynna jednostka uderzeniowa.
I wśród ogólnego podniecenia i radości wiadomość o zajęciu Szepetówki przez Niemców przeszła prawie że niepostrzeżenie.,I wśród ogólnego podniecenia i radości wiadomość o zajęciu Szepetówki przez Niemców przeszedł prawie że niepostrzeżenie.
"Dyskusja pozostała bezpłodna, gdyż attachés wojskowym trudno było znaleźć argumenty na to, iż żądania sowieckie mają wymiar strategiczny, a nie polityczny.","Dyskusja pozostał bezpłodna, gdyż attachés wojskowym trudno było znaleźć argumenty na to, iż żądania sowieckie mają wymiar strategiczny, a nie polityczny."
Delegacja polska stanowczo odrzuciła nową propozycję.,Delegacja polska stanowczo odrzucił nową propozycję.
"Delegacja litewska, chociaż początkowo wyraziła w zasadzie gotowość przyjęcia projektu, potem zaczęła się wycofywać, zgłaszając wciąż nowe poprawki.","Delegacja litewska, chociaż początkowo wyraziła w zasadzie gotowość przyjęcia projektu, potem zaczął się wycofywać, zgłaszając wciąż nowe poprawki."
Mediacja Ligi Narodów znalazła się w impasie.,Mediacja Ligi Narodów znalazł się w impasie.
"Powaga sytuacji zaowocowała 29 sierpnia kolejną naradą Mościckiego, Rydza i Becka na Zamku.","Powaga sytuacji zaowocował 29 sierpnia kolejną naradą Mościckiego, Rydza i Becka na Zamku."
"""Pustynia ceglano-kamienna'' stała się w następnych miesiącach bazą egzekucji na więźniach.","""Pustynia ceglano-kamienna'' stał się w następnych miesiącach bazą egzekucji na więźniach."
"Niestety, w końcu przestała przychodzić, bo dzieci (miała dwie córki i syna) położyły kres szmuglerskiej działalności matki.","Niestety, w końcu przestał przychodzić, bo dzieci (miała dwie córki i syna) położyły kres szmuglerskiej działalności matki."
"NSDAP stała się oficjalnie monopartią, rozpoczął się proces ""ujednolicania"" (Gleichschaltung), oznaczający, że partia narodowosocjalistyczna kieruje wszystkimi organizacjami, które spadają do roli jej przybudówek lub branżowych ekspozytur.","NSDAP stał się oficjalnie monopartią, rozpoczął się proces ""ujednolicania"" (Gleichschaltung), oznaczający, że partia narodowosocjalistyczna kieruje wszystkimi organizacjami, które spadają do roli jej przybudówek lub branżowych ekspozytur."
"Tunezja pozostała francuska, los Korsyki miał być rozstrzygnięty później, Włosi zyskali tylko niewielki skrawek terytorium francuskiego wokół Nicei jako obszar okupowany oraz strefę wolnocłową w porcie Dżibuti we francuskim Somali.","Tunezja pozostał francuska, los Korsyki miał być rozstrzygnięty później, Włosi zyskali tylko niewielki skrawek terytorium francuskiego wokół Nicei jako obszar okupowany oraz strefę wolnocłową w porcie Dżibuti we francuskim Somali."
Katakumbowa Cerkiew odegrała ważną rolę w zachowaniu wartości chrześcijańskich.,Katakumbowa Cerkiew odegrał ważną rolę w zachowaniu wartości chrześcijańskich.
"Otrzymała ona wówczas cztery statki: ""Kiliński"", ""Warta"", ""Bug"" i ""Wawel"" oraz motorówkę ""M5"" od Ministerstwa Robót Publicznych; motorówki ""M6"", ""M7"" i ""M12"" od dowództwa Okręgu Generalnego Warszawa, statek ""Różycki"" od Sekcji Eksploatacji Dróg Wodnych.","Otrzymał ona wówczas cztery statki: ""Kiliński"", ""Warta"", ""Bug"" i ""Wawel"" oraz motorówkę ""M5"" od Ministerstwa Robót Publicznych; motorówki ""M6"", ""M7"" i ""M12"" od dowództwa Okręgu Generalnego Warszawa, statek ""Różycki"" od Sekcji Eksploatacji Dróg Wodnych."
"Na pierwszym piętrze pijana dziewczyna, jaskrawo umalowana, w waciaku powiedziała do mnie: - u, malutki, lalunia, pójdziemy w gruzy?","Na pierwszym piętrze pijana dziewczyna, jaskrawo umalowana, w waciaku powiedział do mnie: - u, malutki, lalunia, pójdziemy w gruzy?"
Interpressowska organizacja okazała się dobrze pomyślana...,Interpressowska organizacja okazał się dobrze pomyślana...
Nie - nie żądza pchnęła mnie.,Nie - nie żądza pchnął mnie.
"Swoje wspomnienia, obejmujące dzieciństwo i młodość, jak również lata międzywojenne, a przede wszystkim lata okupacji w Warszawie, Sabina spisała bezpośrednio po wojnie, po polsku, w Szwecji, gdzie pracowała w polskiej placówce konsularnej.","Swoje wspomnienia, obejmujące dzieciństwo i młodość, jak również lata międzywojenne, a przede wszystkim lata okupacji w Warszawie, Sabina spisał bezpośrednio po wojnie, po polsku, w Szwecji, gdzie pracowała w polskiej placówce konsularnej."
"Nastąpiła całkowita dezorganizacja rynku pracy i cen towarów, uniemożliwiająca wszelkie sensowne działania gospodarcze.","Nastąpił całkowita dezorganizacja rynku pracy i cen towarów, uniemożliwiająca wszelkie sensowne działania gospodarcze."
"Klementyna z Tańskich Hoffmanowa dopiero z czasem opanowała język ojczysty, który w przeciwieństwie do francuskiego sprawiał jej duże kłopoty.","Klementyna z Tańskich Hoffmanowa dopiero z czasem opanował język ojczysty, który w przeciwieństwie do francuskiego sprawiał jej duże kłopoty."
"Pojawiła się wtedy zabudowa typowo miejska, znacznie wzrosła też liczba budynków reprezentacyjnych związanych z Kościołem i zarządem terytorialnym książąt dzielnicowych.","Pojawił się wtedy zabudowa typowo miejska, znacznie wzrosła też liczba budynków reprezentacyjnych związanych z Kościołem i zarządem terytorialnym książąt dzielnicowych."
"Walka o Zbaraż w 1649 roku, ta jedna z wielu XVII-wiecznych bitew, stała się niezwykle ważna dla historiografii polskiej i ukraińskiej.","Walka o Zbaraż w 1649 roku, ta jedna z wielu XVII-wiecznych bitew, stał się niezwykle ważna dla historiografii polskiej i ukraińskiej."
Tośka zdała arytmetykę.,Tośka zdał arytmetykę.
"Lorna także przyszła i odprowadziwszy ją do domu starałem się pocałować, ale się bestyjka tak broniła, że dałem spokój.","Lorna także przyszedł i odprowadziwszy ją do domu starał em się pocałować, ale się bestyjka tak broniła, że dał em spokój."
Ta skłonność do zbytecznego nadstawiania karku nie opuściła go i w późniejszych latach.,Ta skłonność do zbytecznego nadstawiania karku nie opuścił go i w późniejszych latach.
"Lwią część tych tytułów powołała do życia satyra doby oświecenia, lecz wymyśliła ją tak zręcznie i w zgodzie z potocznym obrazem czasów saskich, że ta znalazła wiarę w kolejnych pokoleniach przeciwników naiwnej dewocji.","Lwią część tych tytułów powołał do życia satyra doby oświecenia, lecz wymyśliła ją tak zręcznie i w zgodzie z potocznym obrazem czasów saskich, że ta znalazła wiarę w kolejnych pokoleniach przeciwników naiwnej dewocji."
Choinka bardzo szybko zadomowiła się we wszystkich dworach i tak jak dziś stanowiła dla dzieci największą atrakcję bożonarodzeniowych świąt.,Choinka bardzo szybko zadomowił się we wszystkich dworach i tak jak dziś stanowiła dla dzieci największą atrakcję bożonarodzeniowych świąt.
Wyprostowała plecy.,Wyprostował plecy.
Odwróciła się i zaczęła szybko iść w moją stronę.,Odwrócił się i zaczęła szybko iść w moją stronę.
"Gdy wróciliśmy, siadłam do komputera i przepisałam z głowy dokładnie to, co mówił.","Gdy wrócili śmy , siadł m do komputera i przepisała m z głowy dokładnie to, co mówił."
"Postanowiłam, że nie będę się zmuszała do pracy, ale wzięło mnie i poprawiłam całość.","Postanowił m , że nie będę się zmuszała do pracy, ale wzięło mnie i poprawiła m całość."
"Przysięgłam sobie już kiedyś, że nigdy nie będę pisała pod konkursy czy publiczkę, nawet felietony muszą mieć, co trzeba, z puentą włącznie.","Przysiągł m sobie już kiedyś, że nigdy nie będę pisała pod konkursy czy publiczkę, nawet felietony muszą mieć, co trzeba, z puentą włącznie."
"Moja wiara w Boga, w tę pierwszą przyczynę, nasiliła się gwałtownie.","Moja wiara w Boga, w tę pierwszą przyczynę, nasilił się gwałtownie."
"Przyszła Kryśka i zdziwiła się, że jestem taka blada.","Przyszedł Kryśka i zdziwiła się, że jestem taka blada."
Sprawdziłam.,Sprawdził m .
"Powiedziała: ""Leszku, wyjmij mi tego węża z cipki, tak bardzo mi przeszkadza"".","Powiedział: ""Leszku, wyjmij mi tego węża z cipki, tak bardzo mi przeszkadza""."
I z tym umarła.,I z tym umarł.
"Dostałam Tolkiena, trzy wielkie tomy.","Dostał m Tolkiena, trzy wielkie tomy."
"Odwiedziłam ją dwa razy, nieszczęsną, całkiem głuchą, okropnie postarzałą.","Odwiedził m ją dwa razy, nieszczęsną, całkiem głuchą, okropnie postarzałą."
Wczoraj rano wróciłam z Wrocławia.,Wczoraj rano wrócił m z Wrocławia.
"Wczoraj sprzedałam kryminały za sto dziewięćdziesiąt złotych, dziś za dwieście trzydzieści.","Wczoraj sprzedał m kryminały za sto dziewięćdziesiąt złotych, dziś za dwieście trzydzieści."
Opłaciłam telefon.,Opłacił m telefon.
"Zmieniłam pościel, napisałam list do Iłły, czytam P. Greena.","Zmienił m pościel, napisała m list do Iłły, czytam P. Greena."
"W 1886 roku z inicjatywą otwarcia takiego kantoru wystąpiła Otylia Megner - ""specjalistka w interesie swatowskim"", była bowiem przedtem współwłaścicielką podobnego kantoru w Berlinie; ponadto wydawała tam specjalny biuletyn zawierający oferty matrymonialne pt. ""General Anzeiger"".","W 1886 roku z inicjatywą otwarcia takiego kantoru wystąpił Otylia Megner - ""specjalistka w interesie swatowskim"", była bowiem przedtem współwłaścicielką podobnego kantoru w Berlinie; ponadto wydawała tam specjalny biuletyn zawierający oferty matrymonialne pt. ""General Anzeiger""."
"Moim zdaniem Nurowska, dobra przecież autorka, a w kilku przypadkach (w powieściach Po tamtej stronie śmierć czy Postscriptum) znakomita, pisząc i publikując w ostatnich latach najwyraźniej zbyt wiele, popełniła jakiś błąd...","Moim zdaniem Nurowska, dobra przecież autorka, a w kilku przypadkach (w powieściach Po tamtej stronie śmierć czy Postscriptum) znakomita, pisząc i publikując w ostatnich latach najwyraźniej zbyt wiele, popełnił jakiś błąd..."
Sprowadziła straż pożarną.,Sprowadził straż pożarną.
Małżonka krewnego przezornie schowała się do skrzyni i to ją uratowało.,Małżonka krewnego przezornie schował się do skrzyni i to ją uratowało.
Niestety nie dotrwała ona do naszych czasów i jej wygląd znany jest jedynie z dawnej ikonografii.,Niestety nie dotrwał ona do naszych czasów i jej wygląd znany jest jedynie z dawnej ikonografii.
"O wszystkim dowiedziałam się po wielu, wielu latach i zanotowałam to w poświęconej memu Ojcu książce Pan Puchatek, w której zresztą szerzej o wielu mych przed- i powojennych wspomnieniach piszę.","O wszystkim dowiedział m się po wielu, wielu latach i zanotowała m to w poświęconej memu Ojcu książce Pan Puchatek, w której zresztą szerzej o wielu mych przed- i powojennych wspomnieniach piszę."
W porządku - odparła babka.,W porządku - odparł babka.
"Nawet tytuł otrzymała nowy - ""Pianista"".","Nawet tytuł otrzymał nowy - ""Pianista""."
"W przedostatnim w 1999 roku numerze ""Polityki"", pod nową winietą Dwa Jerze..., ukazała się podwójna recenzja, Jerzego Waldorffa i Jerzego Kisielewskiego, poznańskiego koncertu Krystiana Zimermana.","W przedostatnim w 1999 roku numerze ""Polityki"", pod nową winietą Dwa Jerze..., ukazał się podwójna recenzja, Jerzego Waldorffa i Jerzego Kisielewskiego, poznańskiego koncertu Krystiana Zimermana."
"Ta żarliwa agitatorka, Roza Weneda dołów społecznych w zachodniej Polsce, ogłosiła na długo przed Wiosną Ludów taki oto program maksymalny: 1) wywłaszczyć szlachtę, 2) poskromić kler i ograniczyć jego wpływ na lud.","Ta żarliwa agitatorka, Roza Weneda dołów społecznych w zachodniej Polsce, ogłosił na długo przed Wiosną Ludów taki oto program maksymalny: 1) wywłaszczyć szlachtę, 2) poskromić kler i ograniczyć jego wpływ na lud."
"Metysi (nowa rasa Ameryki Łacińskiej) powstała po wymordowaniu Indian i innych miejscowych plemion, dokonanym przez Hiszpanów i Portugalczyków.","Metysi (nowa rasa Ameryki Łacińskiej) powstał po wymordowaniu Indian i innych miejscowych plemion, dokonanym przez Hiszpanów i Portugalczyków."
Po przewrocie władzę w Algierii objęła Rada Rewolucyjna.,Po przewrocie władzę w Algierii objął Rada Rewolucyjna.
"Kazali mu się natychmiast spakować do samochodu i stawić ze mną na punkcie ewakuacyjnym. - powiedziała macocha zupełnie bezbarwnym, apatycznym głosem.","Kazali mu się natychmiast spakować do samochodu i stawić ze mną na punkcie ewakuacyjnym. - powiedział macocha zupełnie bezbarwnym, apatycznym głosem."
— Los polskiego drobnicowca podzieliła niemal w identycznych okolicznościach mała jednostka z Danii m]s Svea Atlantic.,— Los polskiego drobnicowca podzielił niemal w identycznych okolicznościach mała jednostka z Danii m]s Svea Atlantic.
"Wczoraj bowiem 12 lutego około godziny 5.00 rano ośmioosobowa załoga Svea Atlantic nadała rozpaczliwy komunikat o zaatakowaniu statku przez niezidentyfikowaną łódź motorową, pełną uzbrojonych mężczyzn.","Wczoraj bowiem 12 lutego około godziny 5.00 rano ośmioosobowa załoga Svea Atlantic nadał rozpaczliwy komunikat o zaatakowaniu statku przez niezidentyfikowaną łódź motorową, pełną uzbrojonych mężczyzn."
"Wiadomość ta okazała się, niestety, przedwczesna.","Wiadomość ta okazał się, niestety, przedwczesna."
Radość rodzin porwanych znów ustąpiła niepokojowi i pesymizmowi.,Radość rodzin porwanych znów ustąpił niepokojowi i pesymizmowi.
- Rozprawa odbyła się w piątek.,- Rozprawa odbył się w piątek.
Basia nie dostała dziś nic na targu.,Basia nie dostał dziś nic na targu.
"Basia otworzyła jedno okno i powiedziała: ""Żydy i masony odleciały - możemy spać"".","Basia otworzył jedno okno i powiedziała: ""Żydy i masony odleciały - możemy spać""."
Nie ma rady - powiedziała Kazia.,Nie ma rady - powiedział Kazia.
Kazia spojrzała na mnie filuternie i roześmiała się.,Kazia spojrzał na mnie filuternie i roześmiała się.
- Masz zdolności aktorskie - powiedziała matka.,- Masz zdolności aktorskie - powiedział matka.
- A może potrafisz i mnie naśladować? - spytała zaczepnie Polina.,- A może potrafisz i mnie naśladować? - spytał zaczepnie Polina.
"- Tak, tak, pokaż Polinę! - zawołała Krysia.","- Tak, tak, pokaż Polinę! - zawołał Krysia."
Raisa wybiegła przed dom i stanęła obok ojca.,Raisa wybiegł przed dom i stanęła obok ojca.
W pewnej chwili zjawiła się na ulicy Kazia.,W pewnej chwili zjawił się na ulicy Kazia.
Rozejrzała się i szybko pobiegła w stronę przechodniej bramy.,Rozejrzał się i szybko pobiegła w stronę przechodniej bramy.
"Po miesiącu zdałam egzamin i przeniesiono mnie do drugiej klasy, do innej szkoły.","Po miesiącu zdał m egzamin i przeniesiono mnie do drugiej klasy, do innej szkoły."
Poszłam do drugiej.,Poszedł m do drugiej.
Poszłam zdawać na filozofię.,Poszedł m zdawać na filozofię.
"W kinie, na ostatnim filmie Allena, zasnęłam.","W kinie, na ostatnim filmie Allena, zasnął m ."
A potem przeczytałam (przeczytałyśmy obie) Romain Gary.,A potem przeczytał m (przeczytały śmy obie) Romain Gary.
"Pisząc ""Śmierć Robespierre'a"" uwierzyłam ludzkiej pamięci.","Pisząc ""Śmierć Robespierre'a"" uwierzył m ludzkiej pamięci."
Przejrzałam materiały.,Przejrzał m materiały.
"Spojrzałam na niego, jakby w ogrodzie Sobczyńskich wysiadł przed chwilą z talerza kosmitów.","Spojrzał m na niego, jakby w ogrodzie Sobczyńskich wysiadł przed chwilą z talerza kosmitów."
"Powiedziałam: ""I ty także?...""","Powiedział m : ""I ty także?..."""
"Chyba dopiero w Praniu oprzytomniałam na tyle, że zaczęliśmy rozmawiać o całym zdarzeniu.","Chyba dopiero w Praniu oprzytomniał m na tyle, że zaczęli śmy rozmawiać o całym zdarzeniu."
Minęła nas ze świeczką.,Minął nas ze świeczką.
"- Żeby cię, cholero, pierwsza bomba zabiła!","- Żeby cię, cholero, pierwsza bomba zabił!"
I Nanka natychmiast wyszła do Niemców.,I Nanka natychmiast wyszedł do Niemców.
Wieczorem przyjechała Grażyna Celińska z dziećmi i razem zjedliśmy kolację.,Wieczorem przyjechał Grażyna Celińska z dziećmi i razem zjedli śmy kolację.
- Czy to pan jesteś jubiler? - zagadnęła zainteresowana kupnem.,- Czy to pan jesteś jubiler? - zagadnął zainteresowana kupnem.
- On się pytał o jubilera - odparła niewiasta.,- On się pytał o jubilera - odparł niewiasta.
"Pani Gitla dopędziła oddalającego się jegomościa, złapała za rękaw i rzekła: - Panie, masz pan brylanty?","Pani Gitla dopędził oddalającego się jegomościa, złapała za rękaw i rzekła: - Panie, masz pan brylanty?"
Do końca nie wydała żadnego ze swych wspólników.,Do końca nie wydał żadnego ze swych wspólników.
"Tam bowiem milicja oddała strzały do tłumu demonstrantów, którzy podpalili gmach Komitetu Wojewódzkiego partii.","Tam bowiem milicja oddał strzały do tłumu demonstrantów, którzy podpalili gmach Komitetu Wojewódzkiego partii."
"Sala natychmiast podzieliła się na ""Piłsudczyków"" i ""endeków""; to, co dotychczas było prywatną sprawą każdego z nas, nagle stało się sprawą publiczną.","Sala natychmiast podzielił się na ""Piłsudczyków"" i ""endeków""; to, co dotychczas było prywatną sprawą każdego z nas, nagle stało się sprawą publiczną."
"Na następnym tomie swej prozy pt. ""To ty jesteś Daniel"" (2001) Hania mi napisała: ""Rysiu kochany, to pierwsza książka, której Irena nie przeczyta, ale pierwsza, w której jest.","Na następnym tomie swej prozy pt. ""To ty jesteś Daniel"" (2001) Hania mi napisał: ""Rysiu kochany, to pierwsza książka, której Irena nie przeczyta, ale pierwsza, w której jest."
Milicja po raz pierwszy po 1956 roku użyła armatek wodnych i gazów łzawiących.,Milicja po raz pierwszy po 1956 roku użył armatek wodnych i gazów łzawiących.
"Zachowała się jego piękna fotografia w powstańczym stroju, wykonana w jednym z krakowskich atelier, a także oryginalne dokumenty, powstańcza prasa i ulotki.","Zachował się jego piękna fotografia w powstańczym stroju, wykonana w jednym z krakowskich atelier, a także oryginalne dokumenty, powstańcza prasa i ulotki."
Formalnie komisja ukonstytuowała się w listopadzie w składzie: generałowie Haller i Modelski oraz ministrowie Stroński i Ładoś.,Formalnie komisja ukonstytuował się w listopadzie w składzie: generałowie Haller i Modelski oraz ministrowie Stroński i Ładoś.
"Jedyną pamiątką z powstania stała się dlań żelazna rura, którą dano mu miast protezy i którą musiał wlec za sobą.","Jedyną pamiątką z powstania stał się dla ń żelazna rura, którą dano mu miast protezy i którą musiał wlec za sobą."
"Przez lat czterdzieści nie przełknęła przy tym ani kawałeczka mięsa, ani też niczego, ""co mięśną tłustością okraszone było"" (tamże, s. 158).","Przez lat czterdzieści nie przełknął przy tym ani kawałeczka mięsa, ani też niczego, ""co mięśną tłustością okraszone było"" (tamże, s. 158)."
"Poza poruszeniem opinii łódzkiej, nie zrobiliśmy wiele"" - napisała Szczęsna Hanna Rzepecka.","Poza poruszeniem opinii łódzkiej, nie zrobili śmy wiele"" - napisał Szczęsna Hanna Rzepecka."
Redakcja któregoś z pism literackich poprosiła go o opowiadanie.,Redakcja któregoś z pism literackich poprosił go o opowiadanie.
Ale redakcja Młodzieńca odrzuciła.,Ale redakcja Młodzieńca odrzucił.
"""...miał poczucie, że bierze duży udział w polityce"" - napisała po latach żona.","""...miał poczucie, że bierze duży udział w polityce"" - napisał po latach żona."
"W 1896 roku rodzina, już bez najstarszego syna, rzeczywiście przeprowadziła się do Krakowa.","W 1896 roku rodzina, już bez najstarszego syna, rzeczywiście przeprowadził się do Krakowa."
Zapomniałam notesu ze wszystkimi telefonami i kartki z kolejnością.,Zapomniał m notesu ze wszystkimi telefonami i kartki z kolejnością.
Pożyczyła i zapomniała oddać.,Pożyczył i zapomniała oddać.
"PS Niedawno przypadkowo natknęłam się na zapis jakichś dawnych włoskich wakacji, które spędzaliśmy w gronie przyjaciół.","PS Niedawno przypadkowo natknął m się na zapis jakichś dawnych włoskich wakacji, które spędzali śmy w gronie przyjaciół."
Zobaczyłam fragment przedstawienia zrobionego wtedy przez nasze dzieci.,Zobaczył m fragment przedstawienia zrobionego wtedy przez nasze dzieci.
"Ze zdumieniem zauważyłam, że Marysia i syn Jurka Stuhra, Maciek, starają się podczas tych występów najbardziej ze wszystkich dzieci.","Ze zdumieniem zauważył m , że Marysia i syn Jurka Stuhra, Maciek, starają się podczas tych występów najbardziej ze wszystkich dzieci."
(Znalazłam.),(Znalazłm.)
"Wczoraj dostałam niespodziewanie kartę od ""Prokopa"", z pozdrowieniami od... Irenki.","Wczoraj dostał m niespodziewanie kartę od ""Prokopa"", z pozdrowieniami od... Irenki."
Zdecydowałam wyjazd do Sabinowa na dwa tygodnie.,Zdecydował m wyjazd do Sabinowa na dwa tygodnie.
Jadzia nie przyjechała.,Jadzia nie przyjechał.
Ale ja się w końcu zmęczyłam.,Ale ja się w końcu zmęczył m .
Wieczorem przyjechała Jadzia.,Wieczorem przyjechał Jadzia.
Dowiedziałam się jeszcze paru szczegółów o śmierci Jerzego Cz.,Dowiedział m się jeszcze paru szczegółów o śmierci Jerzego Cz.
"Po obiedzie przyszła p. D., przyjaciółka Maryni.","Po obiedzie przyszedł p. D., przyjaciółka Maryni."
Posadziłam nasturcje we wszystkich skrzynkach.,Posadził m nasturcje we wszystkich skrzynkach.
Wieczorem już po ósmej przyszła p. Nelly - ze swym pieskiem...,Wieczorem już po ósmej przyszedł p. Nelly - ze swym pieskiem...
"Z Mińska przyjechała siostra Julii, Marynia Dernałłowicz, która odwiozła ją do Helsingforsu.","Z Mińska przyjechał siostra Julii, Marynia Dernałłowicz, która odwiozła ją do Helsingforsu."
"Pozostała z moimi dziećmi do końca ich dzieciństwa, często zastępując im matkę.","Pozostał z moimi dziećmi do końca ich dzieciństwa, często zastępując im matkę."
"Wychowała Andrzeja, wychowała Krysię, i opuściła moje dzieci, dopiero gdy same stanęły na własnych nogach.","Wychował Andrzeja, wychowała Krysię, i opuściła moje dzieci, dopiero gdy same stanęły na własnych nogach."
"Kobieta wysiadła, ale nie wydała mi się już tak piękna jak zimą w saniach.","Kobieta wysiadł, ale nie wydała mi się już tak piękna jak zimą w saniach."
Tekst cenzura skonfiskowała i ukazał się dopiero w pośmiertnym wydaniu publicystyki Andrzejewskiego w książce.,Tekst cenzura skonfiskował i ukazał się dopiero w pośmiertnym wydaniu publicystyki Andrzejewskiego w książce.
"Książka ta, którą uważał za jeden ze swoich najlepszych utworów, a która opowiada o ostatnich dniach życia niemieckiego pisarza wzorowanego na Tomaszu Mannie, nie wzbudziła większego zainteresowania.","Książka ta, którą uważał za jeden ze swoich najlepszych utworów, a która opowiada o ostatnich dniach życia niemieckiego pisarza wzorowanego na Tomaszu Mannie, nie wzbudził większego zainteresowania."
"Przygoda u czoła Lodowca Hansa uświadomiła mi, że lepiej bezpośrednio nie dotykać lodowego klifu.","Przygoda u czoła Lodowca Hansa uświadomił mi, że lepiej bezpośrednio nie dotykać lodowego klifu."
W latach 1918-1922 i w latach trzydziestych grupa meteorologów kierowana przez V.F. Bjerknesa (1862-1951) opracowała w miarę wszechstronnie koncepcję tworzenia się cyklonów na pograniczu różnie skierowanych prądów w masach powietrza o odmiennych cechach fizycznych.,W latach 1918-1922 i w latach trzydziestych grupa meteorologów kierowana przez V.F. Bjerknesa (1862-1951) opracował w miarę wszechstronnie koncepcję tworzenia się cyklonów na pograniczu różnie skierowanych prądów w masach powietrza o odmiennych cechach fizycznych.
"Już za czasów Piotra powstała tajna policja polityczna, której kierownictwo sprawował tzw. Preobrażeński prikaz (nazwa od ulubionej podmoskiewskiej rezydencji cara).","Już za czasów Piotra powstał tajna policja polityczna, której kierownictwo sprawował tzw. Preobrażeński prikaz (nazwa od ulubionej podmoskiewskiej rezydencji cara)."
"Stepowa granica Rusi zaczęła przesuwać się na północ, a ludność tych obszarów wędrowała na północ lub zachód, szukając nowych, spokojniejszych siedzib.","Stepowa granica Rusi zaczął przesuwać się na północ, a ludność tych obszarów wędrowała na północ lub zachód, szukając nowych, spokojniejszych siedzib."
Podobnie zachowała się burżuazja niemiecka.,Podobnie zachował się burżuazja niemiecka.
Lecz wkrótce burżuazja zerwała z rewolucją i wówczas poparła w pełni rząd pruski w jego walce z powstaniem poznańskim.,Lecz wkrótce burżuazja zerwał z rewolucją i wówczas poparła w pełni rząd pruski w jego walce z powstaniem poznańskim.
"Literatura pozytywistyczna stworzyła wzorzec bohatera — inżyniera bądź przedsiębiorcy, jak Borowiecki z Ziemi obiecanej Reymonta — któremu szło o szybkie dorobienie się dzięki menedżerskiej pracy umysłowej, choć w razie potrzeby umiał zakasać rękawy na przykład przy budowie własnej fabryki.","Literatura pozytywistyczna stworzył wzorzec bohatera — inżyniera bądź przedsiębiorcy, jak Borowiecki z Ziemi obiecanej Reymonta — któremu szło o szybkie dorobienie się dzięki menedżerskiej pracy umysłowej, choć w razie potrzeby umiał zakasać rękawy na przykład przy budowie własnej fabryki."
"Analiza sposobu kordynacji czterowiązalnego atomu fosforu wykazała, że atomy związane z atomem fosforu obsadzają naroża znacznie zdeformowanych czworościanów.","Analiza sposobu kordynacji czterowiązalnego atomu fosforu wykazał, że atomy związane z atomem fosforu obsadzają naroża znacznie zdeformowanych czworościanów."
"W mojej praktyce stwierdziłam, że różne orzechy wywołują bardzo bogaty wachlarz symptomów alergii – od nawrotów atopowego zapalenia skóry poprzez katar, napady duszności, afty, bóle brzucha, zapalenie ucha czy napady migreny.","W mojej praktyce stwierdził m , że różne orzechy wywołują bardzo bogaty wachlarz symptomów alergii – od nawrotów atopowego zapalenia skóry poprzez katar, napady duszności, afty, bóle brzucha, zapalenie ucha czy napady migreny."
"Chemizacja produkcji i przetwarzania żywności spowodowała, iż nasze zapotrzebowanie na enzym fenylosulotransferazy znacznie wzrosło.","Chemizacja produkcji i przetwarzania żywności spowodował, iż nasze zapotrzebowanie na enzym fenylosulotransferazy znacznie wzrosło."
Koleżanka zmieniła garderobę i wyprysk ustąpił raz na zawsze.,Koleżanka zmienił garderobę i wyprysk ustąpił raz na zawsze.
Przetrwała do sierpnia 1945 r.,Przetrwał do sierpnia 1945 r.
Od 1 VII 1945 Góra św. Anny stała się miejscem patriotycznych manifestacji i imprez politycznych.,Od 1 VII 1945 Góra św. Anny stał się miejscem patriotycznych manifestacji i imprez politycznych.
"Przy jednej z kaplic drzwi okute z XVII w., zachowała się również renesansowa płyta nagrobkowa.","Przy jednej z kaplic drzwi okute z XVII w., zachował się również renesansowa płyta nagrobkowa."
"14 XII 1920 odbyła się tutaj polska premiera ,,Zemsty"" Aleksandra Fredry w wykonaniu aktorów Teatru Słowackiego z Krakowa.","14 XII 1920 odbył się tutaj polska premiera ,,Zemsty"" Aleksandra Fredry w wykonaniu aktorów Teatru Słowackiego z Krakowa."
Przez następne trzydziestolecie dokonała się integracja miasta.,Przez następne trzydziestolecie dokonał się integracja miasta.
"Wówczas wiadomość ta - i tam, gdzie powitano ją z zadowoleniem, i tam, gdzie wzbudziła przestrach - wywołała olbrzymie, wstrząsające wrażenie, zwracając na osobę nowego papieża uwagę i ciekawość całego świata.","Wówczas wiadomość ta - i tam, gdzie powitano ją z zadowoleniem, i tam, gdzie wzbudziła przestrach - wywołał olbrzymie, wstrząsające wrażenie, zwracając na osobę nowego papieża uwagę i ciekawość całego świata."
Zmieniła się również polityka sądu.,Zmienił się również polityka sądu.
Sytuacja nie zmieniła się za pontyfikatu Jana Pawła II.,Sytuacja nie zmienił się za pontyfikatu Jana Pawła II.
"Krótko mówiąc, mało znacząca audiencja zapoczątkowała proces odcinania się Watykanu od polityki kolonialnej Salazara i jego następców.","Krótko mówiąc, mało znacząca audiencja zapoczątkował proces odcinania się Watykanu od polityki kolonialnej Salazara i jego następców."
"Fotografia Lollobrigidy dygającej przed Janem XXIII w swym przezroczystym stroju, całkowicie prześwietlonym fotoreporterskimi fleszami, obiegła wówczas światową prasę ilustrowaną, przydając jeszcze popularności pięknej Ginie i nie po raz pierwszy przekonując Watykan, że kontakty papiestwa z gwiazdami filmowymi są trudne i najeżone niebezpieczeństwami.","Fotografia Lollobrigidy dygającej przed Janem XXIII w swym przezroczystym stroju, całkowicie prześwietlonym fotoreporterskimi fleszami, obiegł wówczas światową prasę ilustrowaną, przydając jeszcze popularności pięknej Ginie i nie po raz pierwszy przekonując Watykan, że kontakty papiestwa z gwiazdami filmowymi są trudne i najeżone niebezpieczeństwami."
Rozszerzone prawa miejskie otrzymała w 1288–90.,Rozszerzone prawa miejskie otrzymał w 1288–90.
Utraciła prawa miejskie w poł. XIXw.,Utracił prawa miejskie w poł. XIXw.
"Milcząc, spuściła wzrok.","Milcząc, spuścił wzrok."
"Ona sama zaś, gorączkowo, z iście anielskim uśmiechem na wargach, jęła teraz rozdzierać straszliwą ranę konającego pacjenta.","Ona sama zaś, gorączkowo, z iście anielskim uśmiechem na wargach, jął teraz rozdzierać straszliwą ranę konającego pacjenta."
"Pochyliła się z wolna, tak iżby Mony mógł się bardziej podniecić widokiem jej zadka.","Pochylił się z wolna, tak iżby Mony mógł się bardziej podniecić widokiem jej zadka."
"Raz się pomyliła, raz nie wiedziała kim jest z boku stojąca młoda osoba.","Raz się pomylił, raz nie wiedziała kim jest z boku stojąca młoda osoba."
"To ona, niemal ostatnim tchnieniem, cichutko zawołała o ratunek, zwracając się do Tego, który jest samą miłością.","To ona, niemal ostatnim tchnieniem, cichutko zawołał o ratunek, zwracając się do Tego, który jest samą miłością."
Weszła do gabinetu i bezgranicznie puste spojrzenie zawiesiła na fotelu.,Wszedł do gabinetu i bezgranicznie puste spojrzenie zawiesiła na fotelu.
Z krzykiem wybiegła wzywając pomocy.,Z krzykiem wybiegł wzywając pomocy.
Przecież dopiero co przeszła rozwód z głupim i nieodpowiedzialnym człowiekiem.,Przecież dopiero co przeszedł rozwód z głupim i nieodpowiedzialnym człowiekiem.
Poczuła swą kobiecość i było z tym cudownie.,Poczuł swą kobiecość i było z tym cudownie.
"Marta opuściła mury Kliniki przedwcześnie, na własną prośbę.","Marta opuścił mury Kliniki przedwcześnie, na własną prośbę."
Marta straciła orientację w najprostszych sprawach.,Marta stracił orientację w najprostszych sprawach.
Uległa prośbom i namowom Alicji i pojechała.,Uległ prośbom i namowom Alicji i pojechała.
"Wyszukała numer telefonu ""fabryki"" (inaczej nie potrafiła już nazywać tej instytucji) i centralkę poprosiła o połączenie z odpowiednim od tych spraw, wysokim funkcją człowiekiem.","Wyszukał numer telefonu ""fabryki"" (inaczej nie potrafiła już nazywać tej instytucji) i centralkę poprosiła o połączenie z odpowiednim od tych spraw, wysokim funkcją człowiekiem."
"Mocno, aż do bólu zacisnęła dłonie na parapecie, łzy zamgliły jasność obrazu i w tej chwili zabolało, mocno zabolało w okolicy lewej piersi.","Mocno, aż do bólu zacisnął dłonie na parapecie, łzy zamgliły jasność obrazu i w tej chwili zabolało, mocno zabolało w okolicy lewej piersi."
"Sięgnęła po buteleczkę Neocardiny, odmierzyła około czterdziestu kropli do szklaneczki z wodą, popiła tym tabletki od nadciśnienia, a na koniec, prosto z butelki łyk Neospasminy.","Sięgnął po buteleczkę Neocardiny, odmierzyła około czterdziestu kropli do szklaneczki z wodą, popiła tym tabletki od nadciśnienia, a na koniec, prosto z butelki łyk Neospasminy."
"Wystarczyła przysłowiowa słomka, a wtedy Marta balansowała pośród wszystkich członków rodziny i gasiła iskrzenie, nie dopuszczając do wybuchu.","Wystarczył przysłowiowa słomka, a wtedy Marta balansowała pośród wszystkich członków rodziny i gasiła iskrzenie, nie dopuszczając do wybuchu."
Nadeszła również pora na miłość.,Nadszedł również pora na miłość.
"Ja sama zastosowałam tę metodę i sądzę, że była skuteczna.","Ja sama zastosował m tę metodę i sądzę, że była skuteczna."
"Młodzież przejęła, poza polityką, inicjatywę w wielu sferach życia.","Młodzież przejął, poza polityką, inicjatywę w wielu sferach życia."
"Większość badanych nastolatków odczuła zmianę szkoły jako zmianę także w postrzeganiu siebie samych w zauważalnym stopniu: ""Myślę, że tak w 70% czuję się taki bardziej dorosły, ale w 30% jestem dzieckiem"".","Większość badanych nastolatków odczuł zmianę szkoły jako zmianę także w postrzeganiu siebie samych w zauważalnym stopniu: ""Myślę, że tak w 70% czuję się taki bardziej dorosły, ale w 30% jestem dzieckiem""."
"""Poczułam się trochę inaczej.","""Poczuł m się trochę inaczej."
We Francji rozpowszechniła się ostatnio metoda odmładzania twarzy pozwalająca uniknąć wykonania face liftu (strona 13).,We Francji rozpowszechnił się ostatnio metoda odmładzania twarzy pozwalająca uniknąć wykonania face liftu (strona 13).
"Postanowiłam sprawdzić to dokładniej i oto wyniki z wczorajszego dnia: w jednym tylko odcinku ""Dynastii Colbych"" 2 jej bohaterowie piją alkohol aż siedem razy!","Postanowił m sprawdzić to dokładniej i oto wyniki z wczorajszego dnia: w jednym tylko odcinku ""Dynastii Colbych"" 2 jej bohaterowie piją alkohol aż siedem razy!"
"Gdy zapowiedziałem blok ćwiczeń ekspresyjnych, Zofia pozwoliła sobie na cichy okrzyk: To już po mnie!","Gdy zapowiedział em blok ćwiczeń ekspresyjnych, Zofia pozwolił sobie na cichy okrzyk: To już po mnie!"
Barbara przypomniała sobie o dawnym sukcesie.,Barbara przypomniał sobie o dawnym sukcesie.
Potem nawet dostała jakieś odznaczenie.,Potem nawet dostał jakieś odznaczenie.
"Późna edukacja malarska spowodowała, że jego dorobek nie jest wolny od licznych, mniej lub bardziej widocznych błędów warsztatowych.","Późna edukacja malarska spowodował, że jego dorobek nie jest wolny od licznych, mniej lub bardziej widocznych błędów warsztatowych."
"Moda na École de Paris niewątpliwie zasłużenie dowartościowała to środowisko artystyczne, ale w przypadku niektórych nazwisk także przewartościowała.","Moda na École de Paris niewątpliwie zasłużenie dowartościował to środowisko artystyczne, ale w przypadku niektórych nazwisk także przewartościowała."
Poniosłam taką stratę! - stwierdziła smutno istotka.,Poniosła m taką stratę! - stwierdził smutno istotka.
"Lecz w odpowiedzi usłyszała znajome: - Zanurz się we mnie, zanurz się...","Lecz w odpowiedzi usłyszał znajome: - Zanurz się we mnie, zanurz się..."
Wtedy lalka wskoczyła w ogromne fale.,Wtedy lalka wskoczył w ogromne fale.
"Sól, z jakiej była uczyniona, rozpuściła się całkowicie...","Sól, z jakiej była uczyniona, rozpuścił się całkowicie..."
Czyżby umarła? ...,Czyżby umarł? ...
- Kim jesteś? - spytała ocean lalka z soli.,- Kim jesteś? - spytał ocean lalka z soli.
- Dobrze - zgodziła się.,- Dobrze - zgodził się.
"Gdy jednak dotykała wody swą dłonią, ta nagle zaczęła się rozpuszczać!","Gdy jednak dotykała wody swą dłonią, ta nagle zaczął się rozpuszczać!"
"Przerażona lalka, szybko cofnęła rękę.","Przerażona lalka, szybko cofnął rękę."
"W pewnym momencie zdałam sobie sprawę, że moja ""przyszłość"" nawet w najmniejszym stopniu nie zależy od tego, co inni - bliscy mi ludzie - robili czy myśleli, ani jakie podejmowali decyzje względem mnie.","W pewnym momencie zdał m sobie sprawę, że moja ""przyszłość"" nawet w najmniejszym stopniu nie zależy od tego, co inni - bliscy mi ludzie - robili czy myśleli, ani jakie podejmowali decyzje względem mnie."
"Kiedy zorientowałam się, że jestem przez nią wykorzystywana, uciekłam z posesji.","Kiedy zorientowała m się, że jestem przez nią wykorzystywana, uciekł m z posesji."
W pewnym momencie zaciekawiona jego osobą przerwałam milczenie:,W pewnym momencie zaciekawiona jego osobą przerwał m milczenie:
"Kiedy już skierowałam się w stronę wyjścia, zauważyłam istotę ludzką, która składała się tylko z głowy i rąk.","Kiedy już skierowała m się w stronę wyjścia, zauważył m istotę ludzką, która składała się tylko z głowy i rąk."
"- Nawet nie - odpowiedziałam już bardziej spokojna, niż przed chwilą.","- Nawet nie - odpowiedział m już bardziej spokojna, niż przed chwilą."
"Zauważyłam, że człowiek ten jest nawet całkiem miły.","Zauważył m , że człowiek ten jest nawet całkiem miły."
"Dowiedziałam się, że mój rozmówca z powodu swojego wzrostu pracował na budowie.","Dowiedział m się, że mój rozmówca z powodu swojego wzrostu pracował na budowie."
"Zauważyłam, że wielkość ciała tego człowieka jest również miarą jego wewnętrznej wielkości.","Zauważył m , że wielkość ciała tego człowieka jest również miarą jego wewnętrznej wielkości."
"Podeszłam do jednego z nich, aby nakarmić go surowym mięsem.","Podszedł m do jednego z nich, aby nakarmić go surowym mięsem."
"Rzeczywiście, na początku znajomości śniąca nie poddała się emocjom; wolała kontrolować sytuację.","Rzeczywiście, na początku znajomości śniąca nie poddał się emocjom; wolała kontrolować sytuację."
"Analiza wykazała, że powód zawsze był ten sam.","Analiza wykazał, że powód zawsze był ten sam."
"Jako piosenkarka stworzyła swoisty ""mit"".","Jako piosenkarka stworzył swoisty ""mit""."
"Za to tuż obok siebie usłyszałam inny głos i ten drugi, choć fizycznie bliższy, wydał mi się całkiem nierealny, jakby z tandetnego filmu: - Bałem się, że już ją straciliśmy, ale praca serca normuje się.","Za to tuż obok siebie usłyszał m inny głos i ten drugi, choć fizycznie bliższy, wydał mi się całkiem nierealny, jakby z tandetnego filmu: - Bał em się, że już ją stracili śmy , ale praca serca normuje się."
"Jeśli miałabym zdefiniować swoje pojęcie feminizmu, to powiedziałabym, że jest to działanie na rzecz umożliwienia kobietom zajęcia równoprawnego z mężczyznami miejsca w życiu politycznym i społecznym.","Jeśli miała by m zdefiniować swoje pojęcie feminizmu, to powiedział by m , że jest to działanie na rzecz umożliwienia kobietom zajęcia równoprawnego z mężczyznami miejsca w życiu politycznym i społecznym."
"Kiedy ostatni raz zaprosiłaś kogoś bliskiego, by wspólnie cieszyć się zakończonym projektem, zdanym egzaminem, podpisanym kontraktem?","Kiedy ostatni raz zaprosił ś kogoś bliskiego, by wspólnie cieszyć się zakończonym projektem, zdanym egzaminem, podpisanym kontraktem?"
A kiedy zaprosiłaś większe grono przyjaciół?,A kiedy zaprosił ś większe grono przyjaciół?
2) jeżeli umowa o pracę na statku z pracownikiem nie będącym marynarzem lub rybakiem uległa rozwiązaniu przed upływem terminu ważności książeczki żeglarskiej.,2) jeżeli umowa o pracę na statku z pracownikiem nie będącym marynarzem lub rybakiem uległ rozwiązaniu przed upływem terminu ważności książeczki żeglarskiej.
"Po zaznajomieniu się z powyższą umową Rada Państwa uznała ją i uznaje za słuszną zarówno w całości, jak i każde z postanowień w niej zawartych; oświadcza, że jest ona przyjęta, ratyfikowana i potwierdzona, oraz przyrzeka, że będzie niezmiennie zachowywana.","Po zaznajomieniu się z powyższą umową Rada Państwa uznał ją i uznaje za słuszną zarówno w całości, jak i każde z postanowień w niej zawartych; oświadcza, że jest ona przyjęta, ratyfikowana i potwierdzona, oraz przyrzeka, że będzie niezmiennie zachowywana."
Radziecka interwencja kosztowałaby życie 200 tysięcy Polaków – oceniła CIA w odtajnionych materiałach.,Radziecka interwencja kosztowała by życie 200 tysięcy Polaków – ocenił CIA w odtajnionych materiałach.
Ich cierpliwość się wyczerpała.,Ich cierpliwość się wyczerpał.
"Aktywność polityczna nie przełożyła się bowiem na realizację postulatów, z jakimi związkowcy szli po władzę.","Aktywność polityczna nie przełożył się bowiem na realizację postulatów, z jakimi związkowcy szli po władzę."
Sprawa wywołała wielkie emocje.,Sprawa wywołał wielkie emocje.
Osiągnęła sukces.,Osiągnął sukces.
"Niestety, stała się ofiarą chorych ambicji niektórych polityków PiS i metody rządzenia poprzez strach.","Niestety, stał się ofiarą chorych ambicji niektórych polityków PiS i metody rządzenia poprzez strach."
"Socjaldemokracja Polska 14 lipca tego roku złożyła w Sejmie projekt ustawy eliminującej możliwość kandydowania i zasiadania w parlamencie osoby prawomocnie skazanej za przestępstwo z winy umyślnej, ścigane z oskarżenia publicznego.","Socjaldemokracja Polska 14 lipca tego roku złożył w Sejmie projekt ustawy eliminującej możliwość kandydowania i zasiadania w parlamencie osoby prawomocnie skazanej za przestępstwo z winy umyślnej, ścigane z oskarżenia publicznego."
"""Socjaldemokracja Polska w swojej Deklaracji Programowej na miejscu pierwszym postawiła budowę uczciwego i sprawnego państwa.","""Socjaldemokracja Polska w swojej Deklaracji Programowej na miejscu pierwszym postawił budowę uczciwego i sprawnego państwa."
"Socjaldemokracja Polska 14 lipca tego roku złożyła w Sejmie projekt ustawy eliminującej możliwość kandydowania i zasiadania w parlamencie osoby prawomocnie skazanej za przestępstwo z winy umyślnej, ścigane z oskarżenia publicznego.","Socjaldemokracja Polska 14 lipca tego roku złożył w Sejmie projekt ustawy eliminującej możliwość kandydowania i zasiadania w parlamencie osoby prawomocnie skazanej za przestępstwo z winy umyślnej, ścigane z oskarżenia publicznego."
Sierakowska wyjechała jako przewodnicząca parlamentarnej grupy polsko-jugosłowiańskiej na zaproszenie parlamentu jugosłowiańskiego.,Sierakowska wyjechał jako przewodnicząca parlamentarnej grupy polsko-jugosłowiańskiej na zaproszenie parlamentu jugosłowiańskiego.
No i została sprawa tej listy.,No i został sprawa tej listy.
"Sama Socjaldemokracja odeszła od pewnych złych obyczajów, a i w Sojuszu Lewicy Demokratycznej w wyniku tego zaczęły się procesy naprawcze, ale one jeszcze muszą...","Sama Socjaldemokracja odszedł od pewnych złych obyczajów, a i w Sojuszu Lewicy Demokratycznej w wyniku tego zaczęły się procesy naprawcze, ale one jeszcze muszą..."
Czy władza zachowała się zgodnie z regułami demokracji przekazując kościołowi gminny teren rekreacyjny u stóp Kopy Cwila?,Czy władza zachował się zgodnie z regułami demokracji przekazując kościołowi gminny teren rekreacyjny u stóp Kopy Cwila?
Też później jeszcze natrafiłam na PIdhoreckich.,Też później jeszcze natrafił m na PIdhoreckich.
Jako gałąź nauki powstała na początku XIX wieku.,Jako gałąź nauki powstał na początku XIX wieku.
"Edyta Górniak wzięła udział w piosence To nie ja byłam jego, i mimo, że nikogo nie parodiowała została wpisana do tabeli z aktorami.","Edyta Górniak wziął udział w piosence To nie ja była m jego, i mimo, że nikogo nie parodiowała została wpisana do tabeli z aktorami."
"Po prostu zerknęłam świeżym okiem - nawet jeszcze nie skończyłam, może dziś to zrobię.","Po prostu zerknął m świeżym okiem - nawet jeszcze nie skończyła m , może dziś to zrobię."
"Zmieniłabym stanowczo na ""ludowa"".","Zmienił by m stanowczo na ""ludowa""."
21 sierpnia 1944 roku rozegrała się w tym miejscu pierwsza po 1939 roku regularna bitwa pomiędzy oddziałami Armii Krajowej i Armii Czerwonej.,21 sierpnia 1944 roku rozegrał się w tym miejscu pierwsza po 1939 roku regularna bitwa pomiędzy oddziałami Armii Krajowej i Armii Czerwonej.
"Do USA trafiła inna wersja teledysku niż reszty świata, ponieważ w USA singlem był remiks tej piosenki w aranżacji Darkchilda.","Do USA trafił inna wersja teledysku niż reszty świata, ponieważ w USA singlem był remiks tej piosenki w aranżacji Darkchilda."
Lou się trochę chyba pospieszyła o jeden dzień :),Lou się trochę chyba pospieszył o jeden dzień :)
Priviet! - przywitała McCleesa w swoim języku.,Priviet! - przywitał McCleesa w swoim języku.
Natomiast Komisja Trójstronna spotkała się na posiedzeniu siódmego września.,Natomiast Komisja Trójstronna spotkał się na posiedzeniu siódmego września.
Obecnie tzw. afera hazardowa przykryła wszystko.,Obecnie tzw. afera hazardowa przykrył wszystko.
Jej barokowość stała się jej obciążeniem.,Jej barokowość stał się jej obciążeniem.
"Dziś nastąpiła rehabilitacja tamtej decyzji i cieszmy się z niej, bo nie wiadomo, kiedy może się takie wydarzenie, powtórzyć.","Dziś nastąpił rehabilitacja tamtej decyzji i cieszmy się z niej, bo nie wiadomo, kiedy może się takie wydarzenie, powtórzyć."
"W dniu, kiedy matka miała ją odebrać, nie zastała ani mężczyzny, ani dziecka.","W dniu, kiedy matka miała ją odebrać, nie zastał ani mężczyzny, ani dziecka."
Na początku mojej blogowej przygody z Redakcją zamieściłam dość obszerny tekst na temat ZUS.,Na początku mojej blogowej przygody z Redakcją zamieścił m dość obszerny tekst na temat ZUS.
"Wspomniałam o jednym ze sposobów, o którym pisze dzisiejsza Wyborcza http://wyborcza.pl/1,75478,7072995,Na_ZUS_nie_plac...","Wspomniał m o jednym ze sposobów, o którym pisze dzisiejsza Wyborcza http://wyborcza.pl/1,75478,7072995,Na_ZUS_nie_plac..."
"A co zrobiła obecna reforma emerytalna jak nie zlikwidowała ""solidarności pokoleń"".","A co zrobił obecna reforma emerytalna jak nie zlikwidowała ""solidarności pokoleń""."
Właśnie zlikwidowała.,Właśnie zlikwidował.
Dania odrzuciła w referendum konwergencję z eurozone.,Dania odrzucił w referendum konwergencję z eurozone.
"Jak się wydaje, ta miłość uzyskała ostatnio błogosławieństwo od samego prymasa, więc dla niektórych będzie szanowanym węzłem małżeńskim.....","Jak się wydaje, ta miłość uzyskał ostatnio błogosławieństwo od samego prymasa, więc dla niektórych będzie szanowanym węzłem małżeńskim....."
"Czy teraz wśród fanatyków KK nastała już moda na zwracanie się do rozmówcy w liczbie mnogiej per ""towarzyszu"" i to tak od raz z poziomu sekretarza?.","Czy teraz wśród fanatyków KK nastał już moda na zwracanie się do rozmówcy w liczbie mnogiej per ""towarzyszu"" i to tak od raz z poziomu sekretarza?."
Przystankowi W. pozostała mniej intratna część interesu - granie muzy.,Przystankowi W. pozostał mniej intratna część interesu - granie muzy.
Ekipa Gierka po załatwieniu moczarowców przestała być ugodowa dla Kościoła i zaczęła blokować powstawanie nowych świątyń.,Ekipa Gierka po załatwieniu moczarowców przestał być ugodowa dla Kościoła i zaczęła blokować powstawanie nowych świątyń.
"Ograniczyła się jedynie do elementów moralnych, humanistycznych i tolerancji (o czym sam wspomniałeś).","Ograniczył się jedynie do elementów moralnych, humanistycznych i tolerancji (o czym sam wspomniał eś )."
Ostatnio przebiła się lewa górna 2!,Ostatnio przebił się lewa górna 2!
"Na razie trafiła do ""specjalistycznej"" (cudzysłów zamierzony) poradni, gdzie, gdyby nie wiedza mamy, zostałaby tylko zważona i zmierzona","Na razie trafił do ""specjalistycznej"" (cudzysłów zamierzony) poradni, gdzie, gdyby nie wiedza mamy, została by tylko zważona i zmierzona"
"Co do chusteczek Baby Delfi, to Kasia dostała po nich uczulenia, z którym walczyłam chyba z tydzień.","Co do chusteczek Baby Delfi, to Kasia dostał po nich uczulenia, z którym walczyła m chyba z tydzień."
"W ciągu tygodnia oczekiwania na wyniki, to chybabym sie wykończyła - trzeba było ""strzelać"" na ślepo.","W ciągu tygodnia oczekiwania na wyniki, to chyba by m sie wykończył - trzeba było ""strzelać"" na ślepo."
"Kiedy Maciek miał niecałe dwa lata, kupiłam mu grę ""Tęcza"" firmy Granna.","Kiedy Maciek miał niecałe dwa lata, kupił m mu grę ""Tęcza"" firmy Granna."
"Ja sobie z przyjemnością obejrzałam wczoraj ""Live and Let Die"".","Ja sobie z przyjemnością obejrzał m wczoraj ""Live and Let Die""."
"Czy ja powiedziałam, że nie ufam Jezusowi?","Czy ja powiedział m , że nie ufam Jezusowi?"
A gdzie się podziała spontaniczność? ;))),A gdzie się podział spontaniczność? ;)))
PS - powstała też grupa greka@hydepark.pl,PS - powstał też grupa greka@hydepark.pl
"A filozofia nawet nie musnęła gigantycznego problemu ujawnionego przez fizykę kwantową, problemu który spowodował, że Arystoteles sturlał się z górki i przestał obowiązywać.","A filozofia nawet nie musnął gigantycznego problemu ujawnionego przez fizykę kwantową, problemu który spowodował, że Arystoteles sturlał się z górki i przestał obowiązywać."
"Witam, Kiedyś dawno temu sobie wymyśliłam (właśnie), że o ile mówi się ""myśleć"" (bo myślę, myślałam itd.), o tyle powinno się mówić ""wymyślić"" (bo wymyśliłam).","Witam, Kiedyś dawno temu sobie wymyślił m (właśnie), że o ile mówi się ""myśleć"" (bo myślę, myślała m itd.), o tyle powinno się mówić ""wymyślić"" (bo wymyśliła m )."
Wybiła trzecia.,Wybił trzecia.
"Ostatnio nawet jedna z sieci supermarketów pokusiła się o uruchomienie własnej montowni telewizorów ale myliłby się ktoś że występują one tak jak mleko pod marką Tesco, sytuacja jest podobna jak z marką Aro.","Ostatnio nawet jedna z sieci supermarketów pokusił się o uruchomienie własnej montowni telewizorów ale mylił by się ktoś że występują one tak jak mleko pod marką Tesco, sytuacja jest podobna jak z marką Aro."
"Gdy przeglądałem ostatnio albumy, przyszła mi do głowy pewna myśl.","Gdy przeglądał em ostatnio albumy, przyszedł mi do głowy pewna myśl."
"Dzięki Wam przeczytałam m.in. ""Mistrza i Małgorzatę"", a wcześniej myślałam że nie warto...","Dzięki Wam przeczytał m m.in. ""Mistrza i Małgorzatę"", a wcześniej myślała m że nie warto..."
"Ale tym razem powiedziałam sobie NIE,","Ale tym razem powiedział m sobie NIE,"
"Piękna agentka CIA po udanej, ehm, integracji natychmiast poprosiła Bonda o jeszcze jedno okrążenie (*) ;-).","Piękna agentka CIA po udanej, ehm, integracji natychmiast poprosił Bonda o jeszcze jedno okrążenie (*) ;-)."
Podobno na polskim rynku ukazała się przed paroma laty (auto?) biografia Billa Gatesa.,Podobno na polskim rynku ukazał się przed paroma laty (auto?) biografia Billa Gatesa.
Ja to dokładnie tak odczytałam.,Ja to dokładnie tak odczytał m .
"Wysłałaś to zapytanie na 10 grup jednocześnie, co samo w sobie jest nie zalecane.","Wysłał ś to zapytanie na 10 grup jednocześnie, co samo w sobie jest nie zalecane."
Uroczyste podpisanie kodeksu planowane jest na 22 października - ustaliła Polska Agencja Prasowa.,Uroczyste podpisanie kodeksu planowane jest na 22 października - ustalił Polska Agencja Prasowa.
– ty chyba skończyłaś yyy,– ty chyba skończył ś yyy
spotkałam się oczywiście z tym że o jejku no co to ?,spotkał m się oczywiście z tym że o jejku no co to ?
właśnie zeszłam z tematu.,właśnie zszedł m z tematu.
– yyy taką rekomendację dała Senacka Komisja Kultury i myślę że taki będzie w w werdykt całego senatu,– yyy taką rekomendację dał Senacka Komisja Kultury i myślę że taki będzie w w werdykt całego senatu
– Gazeta Wyborcza dwa zdania zamieściła na ten temat w papierowej wersji trochę więcej w internetowej ale to krótko było,– Gazeta Wyborcza dwa zdania zamieścił na ten temat w papierowej wersji trochę więcej w internetowej ale to krótko było
– no bo zrobiła się moda,– no bo zrobił się moda
pojawiłaś się w studiu i nagle wszyscy. matko ona mówiła że ma biust większy od mamy.,pojawił ś się w studiu i nagle wszyscy. matko ona mówiła że ma biust większy od mamy.
może jakaś pomyłka nastąpiła nastąpiła.,może jakaś pomyłka nastąpiła nastąpił.
nastąpiła trwoga w zespole.,nastąpił trwoga w zespole.
czyli osiągnęłaś sukces.,czyli osiągnął ś sukces.
– ujęłaś to bardzo jednoznacznie,– ujął ś to bardzo jednoznacznie
– nie to znaczy mama nie zaznała tego życia,– nie to znaczy mama nie zaznał tego życia
– a ja się zasłuchałam,– a ja się zasłuchał m
ja przyszłam tutaj rozmawiać o politykach klimatycznych do czego nie doszło.,ja przyszedł m tutaj rozmawiać o politykach klimatycznych do czego nie doszło.
– narodziła się późnej,– narodził się późnej
– kiedy ta książka się ukazała ?,– kiedy ta książka się ukazał ?
i pokazała się.,i pokazał się.
bo pani już trochę też wspomniała o tym. że no to była szara ponura epoka prawda ?,bo pani już trochę też wspomniał o tym. że no to była szara ponura epoka prawda ?
Wkradła się pewna pomyłka.,Wkradł się pewna pomyłka.
Komisja przyjęła uchwałę i przedstawiła ją Prezydium Sejmu.,Komisja przyjął uchwałę i przedstawiła ją Prezydium Sejmu.
"W sprawozdaniu znalazła się refleksja, że, niestety, obecny rząd nie odpowiada w terminie na pisma rzecznika, ministrowie je ignorują.","W sprawozdaniu znalazł się refleksja, że, niestety, obecny rząd nie odpowiada w terminie na pisma rzecznika, ministrowie je ignorują."
Komisja Nadzwyczajna przedłożyła sprawozdanie o poselskich projektach ustaw o zmianie ustawy o Instytucie Pamięci Narodowej - Komisji Ścigania Zbrodni przeciwko Narodowi Polskiemu.,Komisja Nadzwyczajna przedłożył sprawozdanie o poselskich projektach ustaw o zmianie ustawy o Instytucie Pamięci Narodowej - Komisji Ścigania Zbrodni przeciwko Narodowi Polskiemu.
Komisja wszystkie trzy przyjęła i proszę Wysoką Izbę o przyjęcie tych poprawek razem z całą ustawą.,Komisja wszystkie trzy przyjął i proszę Wysoką Izbę o przyjęcie tych poprawek razem z całą ustawą.
"Pani minister odpowiedziała na większość pytań, które zostały zadane po debacie, w związku z tym powiem dwa słowa o samej debacie i podsumuję to, co prezentowali dzisiaj poszczególni posłowie i co prezentowały kluby.","Pani minister odpowiedział na większość pytań, które zostały zadane po debacie, w związku z tym powiem dwa słowa o samej debacie i podsumuję to, co prezentowali dzisiaj poszczególni posłowie i co prezentowały kluby."
"Realizacja tego budżetu, dzięki wielu trudnym, bardzo bolesnym nieraz decyzjom, dała przyrost w wielkości 1,3%, co w porównaniu z 1% wzrostu w 2001 r. jest ewidentnym odwróceniem tendencji.","Realizacja tego budżetu, dzięki wielu trudnym, bardzo bolesnym nieraz decyzjom, dał przyrost w wielkości 1,3%, co w porównaniu z 1% wzrostu w 2001 r. jest ewidentnym odwróceniem tendencji."
"- Kontrola wykazała również brak pełnego nadzoru ze strony dysponentów części budżetowych, właściwych organów samorządowych, inwestorów oraz inwestorów zastępczych nad przebiegiem procesów inwestycyjnych.","- Kontrola wykazał również brak pełnego nadzoru ze strony dysponentów części budżetowych, właściwych organów samorządowych, inwestorów oraz inwestorów zastępczych nad przebiegiem procesów inwestycyjnych."
"Natomiast komisja, po dłuższej dyskusji, zdecydowanie tego nie podzieliła, bo zdarza się - to dzisiaj się zdarza, proszę państwa - że policjant popełni oczywiste przestępstwo.","Natomiast komisja, po dłuższej dyskusji, zdecydowanie tego nie podzielił, bo zdarza się - to dzisiaj się zdarza, proszę państwa - że policjant popełni oczywiste przestępstwo."
"- Nie, no pani minister z pewnością je wypowiedziała, ale to na swój rachunek.","- Nie, no pani minister z pewnością je wypowiedział, ale to na swój rachunek."
Taką decyzję podjęła izba.,Taką decyzję podjął izba.
- Poprawka uzyskała akceptację.,- Poprawka uzyskał akceptację.
"Komisja podjęła decyzję o trybie, w jakim będziemy prowadzić głosowanie.","Komisja podjął decyzję o trybie, w jakim będziemy prowadzić głosowanie."
- Komisja Europejska przedłożyła sprawozdanie o stanowisku Senatu w sprawie ustawy o materiałach wybuchowych przeznaczonych do użytku cywilnego.,- Komisja Europejska przedłożył sprawozdanie o stanowisku Senatu w sprawie ustawy o materiałach wybuchowych przeznaczonych do użytku cywilnego.
Komisja do Spraw Unii Europejskiej przedłożyła dodatkowe sprawozdanie o projekcie uchwały w sprawie udziału Rzeczypospolitej Polskiej w pracach Unii Europejskiej w maju i czerwcu 2004 r.,Komisja do Spraw Unii Europejskiej przedłożył dodatkowe sprawozdanie o projekcie uchwały w sprawie udziału Rzeczypospolitej Polskiej w pracach Unii Europejskiej w maju i czerwcu 2004 r.
– żeby nie. nie weszła gdzieś gdzie nie potrzeba. żeby coś nie ściągła..,– żeby nie. nie wszedł gdzieś gdzie nie potrzeba. żeby coś nie ściągła..
toż do roku żadnej nocy nie przespałam..,toż do roku żadnej nocy nie przespałm..
no ale niestety. powiedziała że w mega hicie nigdy nie była i nigdy tam nie pójdzie..,no ale niestety. powiedział że w mega hicie nigdy nie była i nigdy tam nie pójdzie..
– za jedne pół godziny wydałam pięć.,– za jedne pół godziny wydał m pięć.
– ja już powiedziałam mojej mamie że może padać do końca czerwca nawet,– ja już powiedział m mojej mamie że może padać do końca czerwca nawet
– słuchaj no ja takich ślubów harcerskich to wiesz przeżyłam już trochę w życiu nie..,– słuchaj no ja takich ślubów harcerskich to wiesz przeżył m już trochę w życiu nie..
– w ogóle mi wyleciała z głowy.,– w ogóle mi wyleciał z głowy.
– powiedziała że jej zanikły szare komórki i teraz i nie idzie jej nauka.,– powiedział że jej zanikły szare komórki i teraz i nie idzie jej nauka.
– nie dała ci?,– nie dał ci?
– bo pani doktor to zdobyła tytuł głową. a pani doktorowa to zdobyła tytuł..,– bo pani doktor to zdobyła tytuł głową. a pani doktorowa to zdobył tytuł..
– koleżanka moja zdała albo zdawała egzamin jakoś teraz miała mi napisać..,– koleżanka moja zdał albo zdawała egzamin jakoś teraz miała mi napisać..
może bym ze trzy kartofle starła i placki ?,może by m ze trzy kartofle starł i placki ?
to jeszcze moja mama mnie nauczyła tej gry w zadowolenie,to jeszcze moja mama mnie nauczył tej gry w zadowolenie
– Gosia już załatwiła.,– Gosia już załatwił.
– no źle się poczułam.,– no źle się poczuł m .
– obraziłaś się.,– obraził ś się.
– tabletek nie wzięłam ze sobą.,– tabletek nie wziął m ze sobą.
– czego nie wzięłaś?,– czego nie wziął ś ?
na razie się atmosfera w pracy poprawiła. między wiesz ale. powiedziała że nigdy nie będzie już tak jak było kiedyś,na razie się atmosfera w pracy poprawił. między wiesz ale. powiedziała że nigdy nie będzie już tak jak było kiedyś
jakiś żeś zrobiła?,jakiś że ś zrobił?
– podcięłam siostra mi podcięła..,– podciął m siostra mi podcięła..
no słuchaj mama tydzień temu wyszła,no słuchaj mama tydzień temu wyszedł
– obiecałam ci i koniec..,– obiecał m ci i koniec..
– nie to ja nie zauważyłam zupełnie..,– nie to ja nie zauważył m zupełnie..
tak ja nie zwróciłam uwagi.,tak ja nie zwrócił m uwagi.
– nie zwróciłam uwagi..,– nie zwrócił m uwagi..
tutaj obcięłam Ewelinę.,tutaj obciął m Ewelinę.
najpierw klatka chyba stanęła nie?,najpierw klatka chyba stanął nie?
– którą też przeczytałam całą.,– którą też przeczytał m całą.
tylko mi się rozkleiła na kawałki. więc kupiłam ci drugą..,tylko mi się rozkleił na kawałki. więc kupiła m ci drugą..
– znaczy zdjęcia też mam zrobione tylko je zgubiłam.,– znaczy zdjęcia też mam zrobione tylko je zgubił m .
– a ja oblałam matmę.,– a ja oblał m matmę.
cała klasa oblała matmę..,cała klasa oblał matmę..
no. ale z polskiego dostałam na przykład trzy plus..,no. ale z polskiego dostał m na przykład trzy plus..
– ja się właśnie trochę zdziwiłam wiesz bo miałam dwa leki robione dla niej dwie jednakowe w zasadzie to samo działanie praktycznie miało być bo to było na to zapalenie wiesz co jamy ustnej nie?,– ja się właśnie trochę zdziwił m wiesz bo miała m dwa leki robione dla niej dwie jednakowe w zasadzie to samo działanie praktycznie miało być bo to było na to zapalenie wiesz co jamy ustnej nie?
pewnie jak bym go zobaczyła to bym poznała..,pewnie jak by m go zobaczyła to by m poznał..
coś nam się chyba pogoda zmieniła trochę..,coś nam się chyba pogoda zmienił trochę..
no i niunia napiła się szampana ale sama wiesz naszykowałam jej taki normalny duży kieliszek,no i niunia napił się szampana ale sama wiesz naszykowała m jej taki normalny duży kieliszek
no to dałam jej taki na nóżce od wódeczki,no to dał m jej taki na nóżce od wódeczki
Elka jakoś tam zachorzała potężnie.,Elka jakoś tam zachorzał potężnie.
– to ja nazwałam bo on przyszedł i i trumny i trumny a mnie uszy więdną,– to ja nazwał m bo on przyszedł i i trumny i trumny a mnie uszy więdną
– a ten ledwo spółka powstała,– a ten ledwo spółka powstał
– tobie Zbyszek wstawiłam wodę..,– tobie Zbyszek wstawił m wodę..
a matka nie dała ani dziecku własnemu ani synowi ani córce mieszkania,a matka nie dał ani dziecku własnemu ani synowi ani córce mieszkania
bo tak zaczęłam robić.,bo tak zaczął m robić.
– bo ona zadzwoniła do niego do domu i się pyta rodziców czy jest Złomek..,– bo ona zadzwonił do niego do domu i się pyta rodziców czy jest Złomek..
– ale tu nie no wiesz to bym poszła do pracy natomiast tak to to wiesz no.,– ale tu nie no wiesz to by m poszedł do pracy natomiast tak to to wiesz no.
powiedziałaś że jesz ciasto,powiedział ś że jesz ciasto
ja już sobie tyle rzeczy odmówiłam w życiu.,ja już sobie tyle rzeczy odmówił m w życiu.
bo to w ogóle ja ją napoczęłam w bardzo złym nastroju..,bo to w ogóle ja ją napoczął m w bardzo złym nastroju..
spotkałam wiesz co Bożenkę..,spotkał m wiesz co Bożenkę..
– aha bo i z kim się związała ?,– aha bo i z kim się związał ?
– ona w ogóle powiedziała..,– ona w ogóle powiedział..
– ona zresztą powiedziała bo już nie miła tego akurat więcej ale mówi że ona ma cały czas tą włóczkę..,– ona zresztą powiedział bo już nie miła tego akurat więcej ale mówi że ona ma cały czas tą włóczkę..
od razu mnie zbadała,od razu mnie zbadał
porobiłam te wyniki,porobił m te wyniki
a że ta tyż mi od razu dała od ręki zaświadczenie no to wzięłam i wysłałam siódmego października.,a że ta tyż mi od razu dała od ręki zaświadczenie no to wziął m i wysłała m siódmego października.
wczoraj zapłaciłam,wczoraj zapłacił m
byłam w banku pobrałam pieniądze..,była m w banku pobrał m pieniądze..
– poszłam.,– poszedł m .
poszłam do dermatologa a ona mówi że ja jestem uczulona na słońce.,poszedł m do dermatologa a ona mówi że ja jestem uczulona na słońce.
tak to sobie zawsze w lecie wygrzałam te kości i miałam zapas taki na zimę. żeby mnie nie bolało.,tak to sobie zawsze w lecie wygrzał m te kości i miała m zapas taki na zimę. żeby mnie nie bolało.
– popsuła no właśnie..,– popsuł no właśnie..
– ja dzisiaj. ja dzisiaj dopiero przyjechałam.,– ja dzisiaj. ja dzisiaj dopiero przyjechał m .
– o to poszła dalej niż ja..,– o to poszedł dalej niż ja..
bym przyjechała..,by m przyjechał..
– tylko trochę za późno zaczęłam..,– tylko trochę za późno zacząłm..
– ale kasetę wzięłaś tak?,– ale kasetę wziął ś tak?
– e co ty tam zjadłaś,– e co ty tam zjadłś
naparstek naparstek zjadłaś,naparstek naparstek zjadłś
– najchętniej by bym jej nie zmieniła wiesz ale czuję że sytuacja mnie zmusi.,– najchętniej by by m jej nie zmienił wiesz ale czuję że sytuacja mnie zmusi.
zaczym coś znalazłam godzina czasu upłynęła.,zaczym coś znalazła m godzina czasu upłynął.
– ciocia twoja przyszła..,– ciocia twoja przyszedł..
skrzynia biegów się rozsypała..,skrzynia biegów się rozsypał..
pozwoliłam.,pozwolił m .
– znaczy zgubiła..,– znaczy zgubił..
– tak Krysia papieroski to żeby prędzej się chyba przekręciła od tych papierosków.,– tak Krysia papieroski to żeby prędzej się chyba przekręcił od tych papierosków.
a powiedziała że jej noga już u niej w domu noga stanie i znowu w szpitalu wylądowała.,a powiedział że jej noga już u niej w domu noga stanie i znowu w szpitalu wylądowała.
dwa tysiące mu załatwiłam tego kredytu. i myślałam że ten kredyt mu dam a to se zostawię.,dwa tysiące mu załatwił m tego kredytu. i myślała m że ten kredyt mu dam a to se zostawię.
– dzisiaj zjadłam dwa pączki. wafelki. a idąc do ciebie jeszcze batonika wciągnęłam..,– dzisiaj zjadł m dwa pączki. wafelki. a idąc do ciebie jeszcze batonika wciągnęła m ..
– bo właśnie dzisiaj sobie zainstalowałam nowego emesena i mi się tak chamsko włączyło na to.,– bo właśnie dzisiaj sobie zainstalował m nowego emesena i mi się tak chamsko włączyło na to.
wiesz ja odziedziczyłam po tatusiu,wiesz ja odziedziczył m po tatusiu
– żeby była sprawiedliwość to ja bym dopisała na każdym literkę.,– żeby była sprawiedliwość to ja by m dopisał na każdym literkę.
– o to drożdże sparzyłaś,– o to drożdże sparzyłś
– o jejku ale się obżarłam,– o jejku ale się obżarł m
– już powiedziałam że więcej kurcze z poczty już nic nie,– już powiedział m że więcej kurcze z poczty już nic nie
– jego rozpoznała rodzina.,– jego rozpoznał rodzina.
– ona wstała i od razu włączyła komputer.,– ona wstał i od razu włączyła komputer.
– nie włączyła tylko ja chcę. coś wam pokazać,– nie włączył tylko ja chcę. coś wam pokazać
– o Ewa to dostała kurczaka,– o Ewa to dostał kurczaka
– a ty nie dostałaś i nie dostaniesz bo nie mom,– a ty nie dostał ś i nie dostaniesz bo nie mom
– ja tak nie zrobiłam,– ja tak nie zrobiłm
nie nie przyjęłam chyba w ogóle nie,nie nie przyjął m chyba w ogóle nie
– Staśka czy się pomalowałaś na różowo ?,– Staśka czy się pomalował ś na różowo ?
– nie po teraz wzięłam i tak ten sobie starałam,– nie po teraz wziął m i tak ten sobie starałam
– bo zaczęłam oglądać,– bo zaczął m oglądać
– no to wzięła dziewiąty dziesiąty dwa tysiące dziesiąty,– no to wziął dziewiąty dziesiąty dwa tysiące dziesiąty
nawet Olka takie zdjęcie kiedyś dała,nawet Olka takie zdjęcie kiedyś dał
– no zapaliłam wczoraj bez problemu !,– no zapalił m wczoraj bez problemu !
– zapaliłam bez problemu,– zapalił m bez problemu
co tam wyczytałaś ?,co tam wyczytał ś ?
cipka mi się przełożyła z prawa na lewą no,cipka mi się przełożył z prawa na lewą no
powiedziałam że nie i zrezygnowała z terapii,powiedział m że nie i zrezygnowała z terapii
– bo tam były powiedziałabym typowe wady dla dzieci młodszoszkolnych ale no wiadomo że u jej rówieśników powiedzmy pierwsza klasa połowa drugiej już mogłam powiedzieć że zamknęliśmy sprawę,– bo tam były powiedział by m typowe wady dla dzieci młodszoszkolnych ale no wiadomo że u jej rówieśników powiedzmy pierwsza klasa połowa drugiej już mogła m powiedzieć że zamknęli śmy sprawę
– znaczy u nas za komuny się zapisała jako złotą gwiazdą wiesz grundigów nie ?,– znaczy u nas za komuny się zapisał jako złotą gwiazdą wiesz grundigów nie ?
– i niczym by nie dojechała do domu po prostu,– i niczym by nie dojechał do domu po prostu
co było takim nie wiem główną przyczyna odejścia z tej pracy bo mówiła pani że szukała cały czas po godzinach jakiejś dodatkowej nowej pracy ale jednak ostatecznie zdecydowała się pani opuścić po tych siedmiu latach tą firmę,co było takim nie wiem główną przyczyna odejścia z tej pracy bo mówiła pani że szukała cały czas po godzinach jakiejś dodatkowej nowej pracy ale jednak ostatecznie zdecydował się pani opuścić po tych siedmiu latach tą firmę
– nie nie powiedziałam czegoś takiego że bezkrytycznie patrzeć na zachód,– nie nie powiedział m czegoś takiego że bezkrytycznie patrzeć na zachód
– Monika powiedziała że to jest bardzo dobra dziewczyna ta Danka żeby jej zaufać i że tego mówi że sama się ucieszyła że to właśnie ta dziewczyna,– Monika powiedział że to jest bardzo dobra dziewczyna ta Danka żeby jej zaufać i że tego mówi że sama się ucieszyła że to właśnie ta dziewczyna
– nie popsuła się,– nie popsuł się
no i poopowiadałam najpierw później pani zadawała pytania oni zadawali,no i poopowiadał m najpierw później pani zadawała pytania oni zadawali
i później stamtąd pojechałam do Piotrusia.,i później stamtąd pojechał m do Piotrusia.
no i później pojechałam do Patrycji na uczelnię.,no i później pojechał m do Patrycji na uczelnię.
no więc ja napisałam jeden post tam myśląc że jeszcze oni są jacyś sensowni ci co się przeciwstawiają temu jednemu temu właściwie jeszcze raz głowowaniu właściwie ponownemu,no więc ja napisał m jeden post tam myśląc że jeszcze oni są jacyś sensowni ci co się przeciwstawiają temu jednemu temu właściwie jeszcze raz głowowaniu właściwie ponownemu
– już nie pamiętam tam jakaś gmina zaskarżyła tą ustawę.,– już nie pamiętam tam jakaś gmina zaskarżył tą ustawę.
Ela wieczorem posprzątała,Ela wieczorem posprzątał
– co zrobiłaś ?,– co zrobił ś ?
patrz już już niby nic już nic nie zrobiła,patrz już już niby nic już nic nie zrobił
– a ja wczoraj tak zasnęłam ani filmu nic ale później jeszcze jak wzięłam rower to pojechałam do Lipia,– a ja wczoraj tak zasnął m ani filmu nic ale później jeszcze jak wzięła m rower to pojechała m do Lipia
– a ta stoi dlatego zardzewiała,– a ta stoi dlatego zardzewiał
a dużo dosyć wypiłam no ale,a dużo dosyć wypił m no ale
– dużo wypiłaś ?,– dużo wypił ś ?
– no dostałam od ciebie nie,– no dostał m od ciebie nie
– nie wskazałabym.,– nie wskazał by m .
nogi ręce wszystko spuchła.,nogi ręce wszystko spuchł.
no i jak już odzyskała te siły urodziła tą dziewczynkę.,no i jak już odzyskała te siły urodził tą dziewczynkę.
– no jedną bluzeczkę jej dałam nową,– no jedną bluzeczkę jej dał m nową
– dzisiaj he he złamała się trochę.,– dzisiaj he he złamał się trochę.
bo mama jej powiedziała że ma nam nie pokazywać.,bo mama jej powiedział że ma nam nie pokazywać.
– ale niby kupiłam jakiś tam specjalnie coś do czyszczenia ale jak tak naprawdę w lutym marcu to okazało że on różu nie było widać nie,– ale niby kupił m jakiś tam specjalnie coś do czyszczenia ale jak tak naprawdę w lutym marcu to okazało że on różu nie było widać nie
wyszła nie,wyszedł nie
– ej to się takiego czegoś jeszcze nie spotkałam,– ej to się takiego czegoś jeszcze nie spotkałm
– a technika tak poszła,– a technika tak poszedł
wczoraj się na tej działce narobiłam.,wczoraj się na tej działce narobił m .
naszykowałam żebyś sobie przejrzała te kobiety,naszykował m żeby ś sobie przejrzała te kobiety
– ale bardziej to ja to w tym musicalu odebrałam tak że ona tak mówi bo chcą ją docenić,– ale bardziej to ja to w tym musicalu odebrał m tak że ona tak mówi bo chcą ją docenić
– nie porozumiała się.,– nie porozumiał się.
że tam jednak. lewica z PiS się porozumiała,że tam jednak. lewica z PiS się porozumiał
– ale przez ciebie tak tak polubiłam ten zespół,– ale przez ciebie tak tak polubił m ten zespół
– no na drogę wzięłam.,– no na drogę wziął m .
kupiłam sobie bo ja lubię,kupił m sobie bo ja lubię
– twój miałam tak pierwszy kupiła,– twój miała m tak pierwszy kupił
ja zrobiłam dzisiaj do siedemnastej czy coś rano,ja zrobił m dzisiaj do siedemnastej czy coś rano
– no właśnie nie powiedziałam,– no właśnie nie powiedział m
"""Powierzchnia Ziemi nabrałaby zupełnie innego wyglądu, gdyby w architekturze szkło zastąpiło cegłę.","""Powierzchnia Ziemi nabrał by zupełnie innego wyglądu, gdyby w architekturze szkło zastąpiło cegłę."
W LIZBONIE zakończyła się 66 sesja Rady Europy na szczeblu ministrów spraw zagranicznych 21 państw kapitalistycznych naszego kontynentu.,W LIZBONIE zakończył się 66 sesja Rady Europy na szczeblu ministrów spraw zagranicznych 21 państw kapitalistycznych naszego kontynentu.
Kancelaria Prezydenta otrzymała od wojewody pismo informujące o niewręczeniu odznaczeń.,Kancelaria Prezydenta otrzymał od wojewody pismo informujące o niewręczeniu odznaczeń.
"""Wszystkie oczy na Bawarię"" - taki tytuł znalazłam w ""Gazecie Wyborczej"" przed wyborami do bawarskiego Landtagu.","""Wszystkie oczy na Bawarię"" - taki tytuł znalazł m w ""Gazecie Wyborczej"" przed wyborami do bawarskiego Landtagu."
"Cyganka, która wróżyła kobiecie na placu Matejki - wykorzystała jej nieuwagę i ukradła 300 złotych.","Cyganka, która wróżyła kobiecie na placu Matejki - wykorzystał jej nieuwagę i ukradła 300 złotych."
Przed Sądem Okręgowym w Koszalinie zeznała tak wczoraj pielęgniarka z karetki.,Przed Sądem Okręgowym w Koszalinie zeznał tak wczoraj pielęgniarka z karetki.
"To chyba trema spowodowała, że zawodnicy nie zagrali na najwyższym poziomie.","To chyba trema spowodował, że zawodnicy nie zagrali na najwyższym poziomie."
Legia po dwóch porażkach i remisie w ostatnich spotkaniach tym razem pokonała bardzo dobrze spisujący się w rundzie wiosennej Ruch Chorzów.,Legia po dwóch porażkach i remisie w ostatnich spotkaniach tym razem pokonał bardzo dobrze spisujący się w rundzie wiosennej Ruch Chorzów.
Przeprowadziła się tutaj z Krakowa.,Przeprowadził się tutaj z Krakowa.
"Zebranych na wernisażu gości przywitała zabawnym, napisanym przez siebie wierszem.","Zebranych na wernisażu gości przywitał zabawnym, napisanym przez siebie wierszem."
"Lora Szafran, od lat jedna z czołowych polskich wokalistek - ukończyła z wyróżnieniem wspomniany wydział katowickiej uczelni, po czym m.in. występowała z grupą Walk Away.","Lora Szafran, od lat jedna z czołowych polskich wokalistek - ukończył z wyróżnieniem wspomniany wydział katowickiej uczelni, po czym m.in. występowała z grupą Walk Away."
"Ponadto w 68 min po strzale Żuławskiego piłka trafiła w poprzeczkę, a w 87 min piłkę po strzale Zycha z trudem wypiąstkował Gierlicki.","Ponadto w 68 min po strzale Żuławskiego piłka trafił w poprzeczkę, a w 87 min piłkę po strzale Zycha z trudem wypiąstkował Gierlicki."
"Audi A ""trójka"" powstała z myślą o tych, których nie stać na jednoznaczną decyzję co do rozmiarów i wielkości auta, a którzy mimo to chcieliby zostać klientami firmy spod znaku czterech kółek.","Audi A ""trójka"" powstał z myślą o tych, których nie stać na jednoznaczną decyzję co do rozmiarów i wielkości auta, a którzy mimo to chcieli by zostać klientami firmy spod znaku czterech kółek."
Do Urzędu Miasta w Libiążu zgłosiła się firma z Wadowic zainteresowana budową mieszkań w mieście.,Do Urzędu Miasta w Libiążu zgłosił się firma z Wadowic zainteresowana budową mieszkań w mieście.
"Bronisława Kilarecka, z domu Deptuch, urodziła się w podrymanowskich Łazach.","Bronisława Kilarecka, z domu Deptuch, urodził się w podrymanowskich Łazach."
W roku 1931 wyszła za mąż za murarza Bronisława Kilareckiego i prowadziła małe gospodarstwo.,W roku 1931 wyszedł za mąż za murarza Bronisława Kilareckiego i prowadziła małe gospodarstwo.
"Urodziła trójkę dzieci, z których jedno zmarło w wieku 2 lat.","Urodził trójkę dzieci, z których jedno zmarło w wieku 2 lat."
"Łaskawa zarówno dla organizatorów, jak i zawodników okazała się pogoda; deszcz przestał padać w momencie rozpoczęcia zawodów.","Łaskawa zarówno dla organizatorów, jak i zawodników okazał się pogoda; deszcz przestał padać w momencie rozpoczęcia zawodów."
"Powiedziała też, że 22 lipca 2002 r. otrzymała list od prezesa Zjednoczonych Przedsiębiorstw Rozrywkowych Zbigniewa Benbenka (właściciel m.in. ""Super Expressu"") i prezesa TVP Mariusza Waltera.","Powiedział też, że 22 lipca 2002 r. otrzymała list od prezesa Zjednoczonych Przedsiębiorstw Rozrywkowych Zbigniewa Benbenka (właściciel m.in. ""Super Expressu"") i prezesa TVP Mariusza Waltera."
"- Zbiórkę poprzedziła akcja informacyjna, uczniowie wiedzą, na jaki dobry cel popłyną pieniądze.","- Zbiórkę poprzedził akcja informacyjna, uczniowie wiedzą, na jaki dobry cel popłyną pieniądze."
W Tarnobrzegu Orkiestra stała się już tradycją - zagra po raz dziesiąty.,W Tarnobrzegu Orkiestra stał się już tradycją - zagra po raz dziesiąty.
"Taką opłatę uchwaliła Rada Miejska, w której gestii od tego roku jest koordynowanie rozkładów jazdy (przedtem zajmował się tym Urząd Wojewódzki Marszałkowski Województwa Małopolskiego).","Taką opłatę uchwalił Rada Miejska, w której gestii od tego roku jest koordynowanie rozkładów jazdy (przedtem zajmował się tym Urząd Wojewódzki Marszałkowski Województwa Małopolskiego)."
Bibliofilski rarytas wydrukowała w czynie społecznym załoga Prasowych Zakładów Graficznych we Wrocławiu.,Bibliofilski rarytas wydrukował w czynie społecznym załoga Prasowych Zakładów Graficznych we Wrocławiu.
Pod naciskiem takich głosów telewizja ponownie zapowiedziała emisję owego programu.,Pod naciskiem takich głosów telewizja ponownie zapowiedział emisję owego programu.
"MKZ ""Solidarność"" zapoznała też I sekretarza KW z szeregiem własnych kłopotów organizacyjnych.","MKZ ""Solidarność"" zapoznał też I sekretarza KW z szeregiem własnych kłopotów organizacyjnych."
"Dyskusja na ten temat odbyła się wczoraj w Starostwie Powiatowym, a po półtoragodzinnej wymianie zdań powiatowi radni jednogłośnie zdecydowali o odrzuceniu złożonej przez burmistrza Wojciechowskiego propozycji nieodpłatnego przejęcia ""Fali"".","Dyskusja na ten temat odbył się wczoraj w Starostwie Powiatowym, a po półtoragodzinnej wymianie zdań powiatowi radni jednogłośnie zdecydowali o odrzuceniu złożonej przez burmistrza Wojciechowskiego propozycji nieodpłatnego przejęcia ""Fali""."
"Przyznała to w końcu również spółka „Prywatne Liceum Ogólnokształcące”, dotąd twardo twierdząca, że obie szkoły są jej własnością.","Przyznał to w końcu również spółka „Prywatne Liceum Ogólnokształcące”, dotąd twardo twierdząca, że obie szkoły są jej własnością."
"40 tysięcy złotych wyłożyła na tę imprezę gmina Goleniów, resztę wydatków pokrytych zostało przez sponsorów oraz wpływy z opłat startowych.","40 tysięcy złotych wyłożył na tę imprezę gmina Goleniów, resztę wydatków pokrytych zostało przez sponsorów oraz wpływy z opłat startowych."
Gmina Goleniów dokonała już wyboru wykonawcy opracowania dokumentacji budowlanej drogi wewnętrznej na osiedlu przy ul. Mikołajczyka.,Gmina Goleniów dokonał już wyboru wykonawcy opracowania dokumentacji budowlanej drogi wewnętrznej na osiedlu przy ul. Mikołajczyka.
Prokuratura nie podjęła jeszcze decyzji w sprawie zarzutów zanieczyszczania ścieków i spalania odpadów na terenie TTS.,Prokuratura nie podjął jeszcze decyzji w sprawie zarzutów zanieczyszczania ścieków i spalania odpadów na terenie TTS.
Ta dynamicznie działająca organizacja po spotkaniu z wicemarszałkiem Strukiem założyła sobie „obkolędowanie” wszystkich gmin powiatu starogardzkiego.,Ta dynamicznie działająca organizacja po spotkaniu z wicemarszałkiem Strukiem założył sobie „obkolędowanie” wszystkich gmin powiatu starogardzkiego.
Ponadto pojawiła się okazja do wymiany doświadczeń i spostrzeżeń na temat funkcjonowania KGW na Kociewiu i współpracy z lokalnymi władzami i innymi organizacjami pozarządowymi.,Ponadto pojawił się okazja do wymiany doświadczeń i spostrzeżeń na temat funkcjonowania KGW na Kociewiu i współpracy z lokalnymi władzami i innymi organizacjami pozarządowymi.
"Policja ustaliła sprawców kradzieży, które miały miejsce w styczniu br. na terenie Skarszew.","Policja ustalił sprawców kradzieży, które miały miejsce w styczniu br. na terenie Skarszew."
"Gdyby tylko ogłoszono przetarg na ten teren i ktoś z Warszawy kupiłby go, to droga powstałaby w miesiąc.","Gdyby tylko ogłoszono przetarg na ten teren i ktoś z Warszawy kupił by go, to droga powstał by w miesiąc."
To gdzie ja kandyduję? - zdziwiła się Wiesława Klucznik.,To gdzie ja kandyduję? - zdziwił się Wiesława Klucznik.
"Zapewniła, że jej nazwisko trafiło na listy bez jej wiedzy.","Zapewnił, że jej nazwisko trafiło na listy bez jej wiedzy."
Postępowanie przetargowe oprotestowała szczecińska spółka MD Polska.,Postępowanie przetargowe oprotestował szczecińska spółka MD Polska.
Justyna Steczkowska nie wystąpiła w Bydgoszczy ponieważ nie można było spełnić jej warunków.,Justyna Steczkowska nie wystąpił w Bydgoszczy ponieważ nie można było spełnić jej warunków.
Artystka zażądała czarnej kotary i profesjonalnego oświetlenia.,Artystka zażądał czarnej kotary i profesjonalnego oświetlenia.
List od ks. arcybiskupa otrzymała też Jolanta K.,List od ks. arcybiskupa otrzymał też Jolanta K.
"Trójka radnych, jako załącznik do protokołu, zebrała dokumentację fotograficzną, czyli przykładowe zdjęcia zabudowanych działek.","Trójka radnych, jako załącznik do protokołu, zebrał dokumentację fotograficzną, czyli przykładowe zdjęcia zabudowanych działek."
"Pojawiła się dobra wiadomość dla uczniów szkół średnich z Pelplina i okolic, którzy chcieliby kontynuować naukę blisko miejsca zamieszkania.","Pojawił się dobra wiadomość dla uczniów szkół średnich z Pelplina i okolic, którzy chcieli by kontynuować naukę blisko miejsca zamieszkania."
Taka wystawa odbyła się w miniony weekend w Szkole Podstawowej nr 12 w Tczewie.,Taka wystawa odbył się w miniony weekend w Szkole Podstawowej nr 12 w Tczewie.
"Awaria pompy wieczorem 21 lutego spowodowała, że w Tymawie i Nicponi nie popłynęła w kranach woda.","Awaria pompy wieczorem 21 lutego spowodował, że w Tymawie i Nicponi nie popłynęła w kranach woda."
Urodziła się o godz. 1.05.,Urodził się o godz. 1.05.
W sumie 1 stycznia br. urodziła się czwórka niemowląt.,W sumie 1 stycznia br. urodził się czwórka niemowląt.
"W jego wyniku spłonęła kuchnia w mieszkaniu należącym do młodego małżeństwa, które spodziewa się dziecka.","W jego wyniku spłonął kuchnia w mieszkaniu należącym do młodego małżeństwa, które spodziewa się dziecka."
"Pani Wanda otrzymała nakaz eksmisji dla osób, które z nią mieszkają, ale po... uzyskaniu przez małżeństwo lokalu zastępczego.","Pani Wanda otrzymał nakaz eksmisji dla osób, które z nią mieszkają, ale po... uzyskaniu przez małżeństwo lokalu zastępczego."
W tej sytuacji prokuratura wysłała do magistratu pismo ponaglające.,W tej sytuacji prokuratura wysłał do magistratu pismo ponaglające.
"Licytacja, tych rzeczy, prowadzona w ramach Wielkiego Żółtego Odrzutowego Happeningu, rozpoczęła się od kwoty 20 zł.","Licytacja, tych rzeczy, prowadzona w ramach Wielkiego Żółtego Odrzutowego Happeningu, rozpoczął się od kwoty 20 zł."
"- Miłość jest wtedy, gdy człowiek jest szczęśliwy z faktu, że z kimś jest - powiedziała Małgorzata Zierkiewicz.","- Miłość jest wtedy, gdy człowiek jest szczęśliwy z faktu, że z kimś jest - powiedział Małgorzata Zierkiewicz."
"Arkonia Szczecin wygrała 2:0 z GKS Mierzyn we wczorajszym pierwszym meczu 25. kolejki IV ligi, rewanżując się za porażkę w takim samym stosunku w rundzie jesiennej.","Arkonia Szczecin wygrał 2:0 z GKS Mierzyn we wczorajszym pierwszym meczu 25. kolejki IV ligi, rewanżując się za porażkę w takim samym stosunku w rundzie jesiennej."
"- Jeśli był tak bardzo chory, to mógł przecież dostać skierowanie do szpitala od lekarza rodzinnego - ucięła rozmowę z nami.","- Jeśli był tak bardzo chory, to mógł przecież dostać skierowanie do szpitala od lekarza rodzinnego - uciął rozmowę z nami."
"Dziewczyna po raz kolejny nie stawiła się na rozprawę, choć osobiście odebrała wezwanie.","Dziewczyna po raz kolejny nie stawił się na rozprawę, choć osobiście odebrała wezwanie."
Tym razem straciła dwa punkty z Remorem Recz uzyskując zaledwie bezbramkowy remis.,Tym razem stracił dwa punkty z Remorem Recz uzyskując zaledwie bezbramkowy remis.
"W Cedyni o wyniku meczu zadecydowała 10. minuta, w której to goście zdobyli gola.","W Cedyni o wyniku meczu zadecydował 10. minuta, w której to goście zdobyli gola."
"- Mistrzostwa świata - to czas, by przedstawić Niemcy we właściwym świetle, pokazać, że to kraj sympatyczny, pełen humoru, mody, elegancji - powiedziała.","- Mistrzostwa świata - to czas, by przedstawić Niemcy we właściwym świetle, pokazać, że to kraj sympatyczny, pełen humoru, mody, elegancji - powiedział."
Jedna z nich straciła w tsunami ojca i męża.,Jedna z nich stracił w tsunami ojca i męża.
Korupcyjna propozycja padła dopiero na obiedzie z prezesami Hydrobudowy.,Korupcyjna propozycja padł dopiero na obiedzie z prezesami Hydrobudowy.
"Ostatnia kolejka sezonu 2005/2006 w piątej lidze wyłoniła trzeci zespół, który jesienią zagra w wyższej klasie rozgrywkowej.","Ostatnia kolejka sezonu 2005/2006 w piątej lidze wyłonił trzeci zespół, który jesienią zagra w wyższej klasie rozgrywkowej."
Rewolucja naukowa na przełomie XIX i XX stulecia zburzyła stary porządek.,Rewolucja naukowa na przełomie XIX i XX stulecia zburzył stary porządek.
"Ale do wiosny sytuacja się skomplikowała, a ksiądz Tadeusz został głównym bohaterem tak zwanego kryzysu lustracyjnego w Kościele.","Ale do wiosny sytuacja się skomplikował, a ksiądz Tadeusz został głównym bohaterem tak zwanego kryzysu lustracyjnego w Kościele."
"Wystawa w Tel Awiwie przyciągnęła ponad 5 tysięcy zwiedzających, pokazano ją we wszystkich izraelskich telewizjach, pisały o niej wszystkie gazety.","Wystawa w Tel Awiwie przyciągnął ponad 5 tysięcy zwiedzających, pokazano ją we wszystkich izraelskich telewizjach, pisały o niej wszystkie gazety."
"Aż niedawno w biały dzień zobaczyłam tę panią w trakcie działań niszczycielskich - trach!, jeszcze ruch okrężny piętą i pełna satysfakcja, naczynie nie istnieje.","Aż niedawno w biały dzień zobaczył m tę panią w trakcie działań niszczycielskich - trach!, jeszcze ruch okrężny piętą i pełna satysfakcja, naczynie nie istnieje."
"Fundacja ""Zmieńmy Świat"" powstała na terenie Tarnowa w połowie 2002 roku.","Fundacja ""Zmieńmy Świat"" powstał na terenie Tarnowa w połowie 2002 roku."
"Stwierdziła kiedyś, że kocha wszystkie stare szmaty i rupiecie, jakie spotyka na drodze, za to, że przy bliższych oględzinach okazują się właśnie tym, czym są, a nie potrąconymi psami i kotami, którym nie można już w żaden sposób pomóc.","Stwierdził kiedyś, że kocha wszystkie stare szmaty i rupiecie, jakie spotyka na drodze, za to, że przy bliższych oględzinach okazują się właśnie tym, czym są, a nie potrąconymi psami i kotami, którym nie można już w żaden sposób pomóc."
Osobiście poznałam swojego zaciekłego wroga.,Osobiście poznał m swojego zaciekłego wroga.
2. Ja na twoim miejscu spróbowałabym kilka kotów oddać.,2. Ja na twoim miejscu spróbował by m kilka kotów oddać.
"Nagrodę w tej kategorii wręczyła Irena Nalewaj, reprezentująca forum Miau.pl.","Nagrodę w tej kategorii wręczył Irena Nalewaj, reprezentująca forum Miau.pl."
"Martyna Rux, autorka programu, obiecała, że ta piękna rzeźba stać będzie w redakcji na honorowym miejscu.","Martyna Rux, autorka programu, obiecał, że ta piękna rzeźba stać będzie w redakcji na honorowym miejscu."
W dniach 9-11 września Hala Iase we Wrocławiu zamieniła się w przyrodnicze królestwo.,W dniach 9-11 września Hala Iase we Wrocławiu zamienił się w przyrodnicze królestwo.
"Już po raz drugi lubelska Fundacja Felis przyznała dyplomy i statuetki SuperFelis osobom, które w sposób znaczący wsparły działalność fundacji w 2006 roku.","Już po raz drugi lubelska Fundacja Felis przyznał dyplomy i statuetki SuperFelis osobom, które w sposób znaczący wsparły działalność fundacji w 2006 roku."
Oficjalnie rozpoczęła działalność w styczniu 2006 roku.,Oficjalnie rozpoczął działalność w styczniu 2006 roku.
Za cele statutowe postawiła sobie przede wszystkim działalność na rzecz humanitarnego traktowania zwierząt oraz wszelką formę pomocy bezdomnym kotom i psom.,Za cele statutowe postawił sobie przede wszystkim działalność na rzecz humanitarnego traktowania zwierząt oraz wszelką formę pomocy bezdomnym kotom i psom.
"Ja przestałabym się spóźniać, a telefonia nic by nie straciła.","Ja przestał by m się spóźniać, a telefonia nic by nie straciła."
"Duża hala ""Slavia"" pomieściła bez problemu ponad 300 kotów.","Duża hala ""Slavia"" pomieścił bez problemu ponad 300 kotów."
"Przystąpiłam więc do pisania programu w imieniu swojego kota, który akurat był bardzo zabiegany (leżąc, co prawda, ale nie łapmy się za słówka): 1. Każdy kot ma prawo do samostanowienia.","Przystąpił m więc do pisania programu w imieniu swojego kota, który akurat był bardzo zabiegany (leżąc, co prawda, ale nie łapmy się za słówka): 1. Każdy kot ma prawo do samostanowienia."
"W dniach 30 września i 1 października w Lublinie odbyła się I i II Międzynarodowa Wystawa Kotów Rasowych zorganizowana przez Lubelski Klub Kota Rasowego pod patronatem ""Felis Polonia"" (FIFe).","W dniach 30 września i 1 października w Lublinie odbył się I i II Międzynarodowa Wystawa Kotów Rasowych zorganizowana przez Lubelski Klub Kota Rasowego pod patronatem ""Felis Polonia"" (FIFe)."
"Gdy uciekł, 16-latka zawiadomiła rodzinę, która wezwała policję.","Gdy uciekł, 16-latka zawiadomił rodzinę, która wezwała policję."
Mama Jacka zażądała wyjaśnień od dyrekcji.,Mama Jacka zażądał wyjaśnień od dyrekcji.
Jedna z nich trafiła do szpitala na obserwację.,Jedna z nich trafił do szpitala na obserwację.
Woda dostała się do tonącego samochodu.,Woda dostał się do tonącego samochodu.
"Kia sephia, którą kierował 67-letni Henryk M., nie zatrzymała się przed przejściem i potrąciła staruszkę.","Kia sephia, którą kierował 67-letni Henryk M., nie zatrzymał się przed przejściem i potrąciła staruszkę."
Kobieta z rozciętą głową i wstrząśnieniem mózgu trafiła do szpitala.,Kobieta z rozciętą głową i wstrząśnieniem mózgu trafił do szpitala.
"Jego praca spodobała nam się najbardziej – jest pomysłowa, kolorowa, pięknie narysowana.","Jego praca spodobał nam się najbardziej – jest pomysłowa, kolorowa, pięknie narysowana."
Współpraca policjantów z gdyńskiej komendy miejskiej i Komendy Rejonowej Policji VII w Warszawie doprowadziła do zatrzymania 22-letniego zabójcy.,Współpraca policjantów z gdyńskiej komendy miejskiej i Komendy Rejonowej Policji VII w Warszawie doprowadził do zatrzymania 22-letniego zabójcy.
"Gdy auto zaczęło tonąć, woda dostała się do środka, ale mężczyznom udało się otworzyć drzwi i wypłynąć na powierzchnię.","Gdy auto zaczęło tonąć, woda dostał się do środka, ale mężczyznom udało się otworzyć drzwi i wypłynąć na powierzchnię."
"Firma miesiąc wcześniej uprzedziła szpital, że wstrzyma dostawę ciepła.","Firma miesiąc wcześniej uprzedził szpital, że wstrzyma dostawę ciepła."
"W odpowiedzi dyrekcja szpitala obiecała wszystko spłacić, ale bez podania konkretnego terminu.","W odpowiedzi dyrekcja szpitala obiecał wszystko spłacić, ale bez podania konkretnego terminu."
"Sprawą zajęła się policja, która sprawdza wszelkie okoliczności.","Sprawą zajął się policja, która sprawdza wszelkie okoliczności."
Drużynowo najlepsza okazała się reprezentacja Domu Pomocy Społecznej w Strzebielinku.,Drużynowo najlepsza okazał się reprezentacja Domu Pomocy Społecznej w Strzebielinku.
"Jako pierwsza w lipcu zeszłego roku wystartowała witryna windykacja.pl, którą prowadzi wrocławska spółka Narodowa Centrala Windykacji.","Jako pierwsza w lipcu zeszłego roku wystartował witryna windykacja.pl, którą prowadzi wrocławska spółka Narodowa Centrala Windykacji."
"Łacina - język Cesarstwa, a nie język Chrystusa - stała się językiem Kościoła.","Łacina - język Cesarstwa, a nie język Chrystusa - stał się językiem Kościoła."
Już tylko za to każda gmina żydowska tamtych czasów uznałaby go za heretyka.,Już tylko za to każda gmina żydowska tamtych czasów uznał by go za heretyka.
"Spłoszyła się, schowała rękę z obsadką pod fartuch i dopiero po chwili odwróciła głowę w moją stronę.","Spłoszył się, schowała rękę z obsadką pod fartuch i dopiero po chwili odwróciła głowę w moją stronę."
"13.01.1228 zmarła święta Iwona, która, by uniknąć pokus, zamurowała się w celi przy kościele w miejscowości Huy.","13.01.1228 zmarł święta Iwona, która, by uniknąć pokus, zamurowała się w celi przy kościele w miejscowości Huy."
"Większość pampersów nie przepracowała w telewizorni nawet 12 miesięcy, więc zgodnie z obowiązującym regulaminem nie mogła uczestniczyć w nagrodach z zysku za 1994 rok.","Większość pampersów nie przepracował w telewizorni nawet 12 miesięcy, więc zgodnie z obowiązującym regulaminem nie mogła uczestniczyć w nagrodach z zysku za 1994 rok."
"Prokuratura spuściła kwity do Najwyższej Izby Kontroli, a zawiadomienie zwróciła UOP, gdyż było mało wiarygodne.","Prokuratura spuścił kwity do Najwyższej Izby Kontroli, a zawiadomienie zwróciła UOP, gdyż było mało wiarygodne."
NIK przeprowadziła kontrolę w elektrowni.,NIK przeprowadził kontrolę w elektrowni.
"Ujawniła kanty na skalę wielu milionów złotych (patrz ramka), sporządziła wspomniane już zawiadomienie o popełnieniu przestępstwa.","Ujawnił kanty na skalę wielu milionów złotych (patrz ramka), sporządziła wspomniane już zawiadomienie o popełnieniu przestępstwa."
Prokuratura zaś sprawę umorzyła.,Prokuratura zaś sprawę umorzył.
Wiceprezydentem została żona posła - pielęgniarka.,Wiceprezydentem został żona posła - pielęgniarka.
"Publikacja ta pociągnęła za sobą kontrolę z SLD-owskiej centrali, której nie spodobało się kilka rzeczy.","Publikacja ta pociągnął za sobą kontrolę z SLD-owskiej centrali, której nie spodobało się kilka rzeczy."
"Nie zostałam więc działaczką PiS, ulubienicą Kaczyńskich i ich matki, doradczynią w PKO BP ani prezeską TVP.","Nie został m więc działaczką PiS, ulubienicą Kaczyńskich i ich matki, doradczynią w PKO BP ani prezeską TVP."
Dwie doby po aresztowaniu Leszka C. rządy we wrocławskim podziemiu przejęła konkurencyjna grupa Jerzego K. ksywa Hydraulik.,Dwie doby po aresztowaniu Leszka C. rządy we wrocławskim podziemiu przejął konkurencyjna grupa Jerzego K. ksywa Hydraulik.
"Przedstawicielka Naughty Boy w rozmowie telefonicznej z ""NIE"" potwierdziła, że producent gorzały używa nazwy ""zgodnie z brytyjskim prawem"".","Przedstawicielka Naughty Boy w rozmowie telefonicznej z ""NIE"" potwierdził, że producent gorzały używa nazwy ""zgodnie z brytyjskim prawem""."
Przedstawicielka Naughty Boy nie odpowiedziała na te pytania zasłaniając się tajemnicą handlową.,Przedstawicielka Naughty Boy nie odpowiedział na te pytania zasłaniając się tajemnicą handlową.
Kobieta zmarła śmiercią naturalną.,Kobieta zmarł śmiercią naturalną.
"Gdy pracowała w Warszawie, zaczęła się nią interesować Agencja Bezpieczeństwa Wewnętrznego.","Gdy pracowała w Warszawie, zaczął się nią interesować Agencja Bezpieczeństwa Wewnętrznego."
4 listopada 1999 roku Krajowa Rada Radiofonii i Telewizji zdecydowała się na wszczęcie postępowania o odebranie koncesji ZHP.,4 listopada 1999 roku Krajowa Rada Radiofonii i Telewizji zdecydował się na wszczęcie postępowania o odebranie koncesji ZHP.
"Odprawiła nawet TVN, która chciała podpisać umowę na wyłączność w informowaniu o seksaferze.","Odprawił nawet TVN, która chciała podpisać umowę na wyłączność w informowaniu o seksaferze."
Rankiem 10 kwietnia 2003 r. do lokalu PZU przy ul. Korzeniowskiego we Wrocławiu wkroczyła grupa policjantów zajmujących się zwalczaniem przestępstw ubezpieczeniowych.,Rankiem 10 kwietnia 2003 r. do lokalu PZU przy ul. Korzeniowskiego we Wrocławiu wkroczył grupa policjantów zajmujących się zwalczaniem przestępstw ubezpieczeniowych.
"KAYAH wyjaśniła „Gazecie Olsztyńskiej”, że nie lubi piosenki „Prawy do lewego”, bo stała się ona narodowym hymnem pijackim.","KAYAH wyjaśnił „Gazecie Olsztyńskiej”, że nie lubi piosenki „Prawy do lewego”, bo stała się ona narodowym hymnem pijackim."
"A w „Tele Słowie” użaliła się, że za wyżej wspomniany przebój nie dostała od Bregovic'a ani złotówki, ani nawet dziękuję.","A w „Tele Słowie” użalił się, że za wyżej wspomniany przebój nie dostała od Bregovic'a ani złotówki, ani nawet dziękuję."
"18-letnia Rosita Morrel, mieszkanka Anahuac, całą noc spędziła leżąc wciśnięta między siedzenia samochodu, pod trupem gwałciciela.","18-letnia Rosita Morrel, mieszkanka Anahuac, całą noc spędził leżąc wciśnięta między siedzenia samochodu, pod trupem gwałciciela."
Poprzedniego dnia wieczorem dziewczyna wybrała się do ciotki mieszkającej w Nuevo Laredo.,Poprzedniego dnia wieczorem dziewczyna wybrał się do ciotki mieszkającej w Nuevo Laredo.
"Obcując z deputowanymi, administracja prezydenta poznała od podszewki bolączki parlamentarzystów oraz ich rodzin.","Obcując z deputowanymi, administracja prezydenta poznał od podszewki bolączki parlamentarzystów oraz ich rodzin."
W województwie lubuskim policja zatrzymała trzech czeczeńskich patriotów.,W województwie lubuskim policja zatrzymał trzech czeczeńskich patriotów.
Jednostka Wojskowa 30 09 w Leźnicy Wielkiej zasłużyła sobie wreszcie na sławę.,Jednostka Wojskowa 30 09 w Leźnicy Wielkiej zasłużył sobie wreszcie na sławę.
"W ostatnich dniach narzeczona Roberta K., osoba znerwicowana nie po chrześcijańsku dokonała żywota, wieszając się na kablu elektrycznym.","W ostatnich dniach narzeczona Roberta K., osoba znerwicowana nie po chrześcijańsku dokonał żywota, wieszając się na kablu elektrycznym."
"Tę samą prokuraturę poinstruowała więc jak następuje: Prosiłam, aby przesyłkę z tym postanowieniem i inne kierowane do mnie pisma kierować na adres „Anna Chuda z domu Rzepka – a naprawdę Anna Rzepka”.","Tę samą prokuraturę poinstruował więc jak następuje: Prosiła m , aby przesyłkę z tym postanowieniem i inne kierowane do mnie pisma kierować na adres „Anna Chuda z domu Rzepka – a naprawdę Anna Rzepka”."
"Zaprzeczyła, bo Piotr G. nie podał powodu bicia, tylko przestrzegł, aby obity Mirek miał się na baczności.","Zaprzeczył, bo Piotr G. nie podał powodu bicia, tylko przestrzegł, aby obity Mirek miał się na baczności."
"Jedna z nich opowiedziała nam, jak frustrująco jest pracować w firmie, której szef sprawia wrażenie osoby nie zawsze odróżniającej pojęcia ""przychód"" i ""dochód"".","Jedna z nich opowiedział nam, jak frustrująco jest pracować w firmie, której szef sprawia wrażenie osoby nie zawsze odróżniającej pojęcia ""przychód"" i ""dochód""."
Nie ustąpiła.,Nie ustąpił.
"Z tego powodu policja wezwała na przesłuchanie Michała Lewandowskiego, po czym Lewandowski złożył skargę na policję zarzucając jej brak kultury oraz używanie gróźb wobec jego osoby.","Z tego powodu policja wezwał na przesłuchanie Michała Lewandowskiego, po czym Lewandowski złożył skargę na policję zarzucając jej brak kultury oraz używanie gróźb wobec jego osoby."
W trakcie eliminacji liczba dobiła do dziewiątki.,W trakcie eliminacji liczba dobił do dziewiątki.
"I nie, nie skontaktuję pana z panią poseł – powiedziała rozbawionym tonem pracownica biura.","I nie, nie skontaktuję pana z panią poseł – powiedział rozbawionym tonem pracownica biura."
"Generalnie jedna trzecia tegorocznego urobku powstała na półfabrykatach wytworzonych za granicą, w krajach o niskim stopniu rozwoju: w Meksyku, Polsce, Wietnamie i na Filipinach.","Generalnie jedna trzecia tegorocznego urobku powstał na półfabrykatach wytworzonych za granicą, w krajach o niskim stopniu rozwoju: w Meksyku, Polsce, Wietnamie i na Filipinach."
"Przedłożyła opinię prawną, że figa z makiem – głosowania tajnego w sprawie uchwał tego typu się nie zarządza.","Przedłożył opinię prawną, że figa z makiem – głosowania tajnego w sprawie uchwał tego typu się nie zarządza."
W marcu - wskutek namolnych próśb ludu pracującego miast i wsi - partia przychyliła się do postulatu zachowania denata w nienaruszonym stanie po wieczne czasy.,W marcu - wskutek namolnych próśb ludu pracującego miast i wsi - partia przychylił się do postulatu zachowania denata w nienaruszonym stanie po wieczne czasy.
– Nie zdrapuj to dowód – powiedziała chłopcu.,– Nie zdrapuj to dowód – powiedział chłopcu.
"Jak mi jedno umrze, drugie będę miała, pomyślałam.","Jak mi jedno umrze, drugie będę miała, pomyślał m ."
Najbardziej zabolała mnie sprawa najmłodszego syna.,Najbardziej zabolał mnie sprawa najmłodszego syna.
15 kwietnia złożyłam podanie o paszport.,15 kwietnia złożył m podanie o paszport.
Nie dostałam go do tej pory.,Nie dostał m go do tej pory.
Po kilku latach prania księżych gaci zaczęła coraz natarczywiej żądać umowy o pracę.,Po kilku latach prania księżych gaci zaczął coraz natarczywiej żądać umowy o pracę.
KSCM stworzyła w Czechach lewicę przeciwstawiającą się neoliberalnej polityce kolejnych rządów.,KSCM stworzył w Czechach lewicę przeciwstawiającą się neoliberalnej polityce kolejnych rządów.
Konsekwentna postawa dała wyniki.,Konsekwentna postawa dał wyniki.
"Pożaliła się jednak sąsiadce, która, poruszona jej dramatem, zadzwoniła na komendę.","Pożalił się jednak sąsiadce, która, poruszona jej dramatem, zadzwoniła na komendę."
Próba przekroczenia granicy Rzeczypospolitej przez grupę kolarzy spod znaku UPA wywołała ogólnopolskie oburzenie.,Próba przekroczenia granicy Rzeczypospolitej przez grupę kolarzy spod znaku UPA wywołał ogólnopolskie oburzenie.
Skąd nadciągnęła konkurencja?,Skąd nadciągnął konkurencja?
– Jadwiga Jasiewicz nad romantycznego poetę przedłożyła więc twardo stąpającego po ziemi inżyniera?,– Jadwiga Jasiewicz nad romantycznego poetę przedłożył więc twardo stąpającego po ziemi inżyniera?
"Anna Neska z wydziału administracyjno-gospodarczego dostała pracę dzięki teściowej Elżbiecie Nesce, radnej PO na warszawskich Bielanach.","Anna Neska z wydziału administracyjno-gospodarczego dostał pracę dzięki teściowej Elżbiecie Nesce, radnej PO na warszawskich Bielanach."
No i szyba poszła.,No i szyba poszedł.
Rodzina Chmurów zręcznie z niej wybrnęła.,Rodzina Chmurów zręcznie z niej wybrnął.
"Pani Anna została zastępcą dyrektora, a jej dotychczasowy zastępca – dyrektorem.","Pani Anna został zastępcą dyrektora, a jej dotychczasowy zastępca – dyrektorem."
"Pani mecenas powołała się na relacje organizatorów spisku: Zgodnie z publicznymi wyjaśnieniami ww. osób w dniu 25 marca 1957 r. reprezentanci Belgii, Francji, Holandii, Luksemburga, Niemiec i Włoch podpisali czyste kartki papieru oprawione w sposób wprowadzający ich w błąd co do zawartości dokumentów jakie podpisują.","Pani mecenas powołał się na relacje organizatorów spisku: Zgodnie z publicznymi wyjaśnieniami ww. osób w dniu 25 marca 1957 r. reprezentanci Belgii, Francji, Holandii, Luksemburga, Niemiec i Włoch podpisali czyste kartki papieru oprawione w sposób wprowadzający ich w błąd co do zawartości dokumentów jakie podpisują."
2 czerwca 2007 r. rada nadzorcza w nowym składzie powtórnie odwołała jednak Banacha.,2 czerwca 2007 r. rada nadzorcza w nowym składzie powtórnie odwołał jednak Banacha.
Właścicielka zatelefonowała więc po pomoc drogową do swojego ubezpieczyciela.,Właścicielka zatelefonował więc po pomoc drogową do swojego ubezpieczyciela.
"Na podstawie jej zeznań 28 kwietnia 2003 r. Prokuratura Rejonowa w Łowiczu skierowała do sądu akt oskarżenia przeciw mężowi sekretarki zarzucając mu, że groził Ewie L. popełnieniem przestępstwa na szkodę jej i osób jej najbliższych.","Na podstawie jej zeznań 28 kwietnia 2003 r. Prokuratura Rejonowa w Łowiczu skierował do sądu akt oskarżenia przeciw mężowi sekretarki zarzucając mu, że groził Ewie L. popełnieniem przestępstwa na szkodę jej i osób jej najbliższych."
Matka-niematka wzięła urlop macierzyński.,Matka-niematka wziął urlop macierzyński.
"3. Polska dała się poznać jako lojalny sojusznik USA, wysyłając żołnierzy do krajów, z którymi nie łączą ich żadne istotne interesy – na przykład na Haiti czy do Iraku.","3. Polska dał się poznać jako lojalny sojusznik USA, wysyłając żołnierzy do krajów, z którymi nie łączą ich żadne istotne interesy – na przykład na Haiti czy do Iraku."
"Na krótko, ale zajść zdążyła i gdy się rozstali, wniosła o alimenty.","Na krótko, ale zajść zdążył i gdy się rozstali, wniosła o alimenty."
Też okazała się płodna i również zażądała alimentów.,Też okazał się płodna i również zażądała alimentów.
"Nigdy też nie dopuściła, żeby pracownik socjalny mógł z Wandą porozmawiać.","Nigdy też nie dopuścił, żeby pracownik socjalny mógł z Wandą porozmawiać."
"A jak poprosiliśmy ją, żeby przyszła do nas do ośrodka, to przyjechała z siostrą Benedykta, która cały czas była przy rozmowie.","A jak poprosili śmy ją, żeby przyszła do nas do ośrodka, to przyjechał z siostrą Benedykta, która cały czas była przy rozmowie."
Kiedyś do Majątków przyjechała matka pani domu.,Kiedyś do Majątków przyjechał matka pani domu.
Zdrzemnęła się przed telewizorem.,Zdrzemnął się przed telewizorem.
Starsza pani posprawdzała wszystkie drzwi.,Starsza pani posprawdzał wszystkie drzwi.
"Gdy skończył, podeszła i powiedziała z entuzjazmem: „Ja, ja! Gut! Sehr gut!”.","Gdy skończył, podszedł i powiedziała z entuzjazmem: „Ja, ja! Gut! Sehr gut!”."
"Po czym z troską w oczach złapała za nóż, który na chwilę odstawił, i powiedziała (po niemiecku): „Teraz pomogę ci go umyć”.","Po czym z troską w oczach złapał za nóż, który na chwilę odstawił, i powiedziała (po niemiecku): „Teraz pomogę ci go umyć”."
"""Wyborcza"" ogłosiła, że jest to najlepszy dowód, iż ""przecieków nie było"".","""Wyborcza"" ogłosił, że jest to najlepszy dowód, iż ""przecieków nie było""."
"Prokuratura Okręgowa w Krakowie, która prowadzi śledztwo w sprawie wycieku testów w 2000 r., potwierdziła, że sprzedawano testy w cenach od kilkuset złotych do 15 tysięcy.","Prokuratura Okręgowa w Krakowie, która prowadzi śledztwo w sprawie wycieku testów w 2000 r., potwierdził, że sprzedawano testy w cenach od kilkuset złotych do 15 tysięcy."
"Ewentualna ratyfikacja Konkordatu przed przyjęciem nowej konstytucji zaważyłaby zapewne na jej ostatecznym brzmieniu, odbierając Konstytucji RP charakter nowoczesnej ustawy zasadniczej demokratycznego państwa.","Ewentualna ratyfikacja Konkordatu przed przyjęciem nowej konstytucji zaważył by zapewne na jej ostatecznym brzmieniu, odbierając Konstytucji RP charakter nowoczesnej ustawy zasadniczej demokratycznego państwa."
Frau Wuttke straciła swój okazały marmurowy pomnik.,Frau Wuttke stracił swój okazały marmurowy pomnik.
Pod władzą nowego proboszcza rozpoczęła się reforma skostniałej kościelnej instytucji.,Pod władzą nowego proboszcza rozpoczął się reforma skostniałej kościelnej instytucji.
"Uczepiona księżych sukienek krzaklewszczyzna znowu dała powód do kpin, z jakimi nie kryją się nawet wczorajsi fanatyczni zwolennicy e""S""manów.","Uczepiona księżych sukienek krzaklewszczyzna znowu dał powód do kpin, z jakimi nie kryją się nawet wczorajsi fanatyczni zwolennicy e""S""manów."
W rankingu międzynarodowego ośrodka ARC Rynek i Opinie badającego najkulturalniejszych kibiców polska reprezentacja stanęła na pudle.,W rankingu międzynarodowego ośrodka ARC Rynek i Opinie badającego najkulturalniejszych kibiców polska reprezentacja stanął na pudle.
"24.12.1926 urodziła się Maria Janion - wybitna znawczyni literatury, autorytet moralny, bojowniczka o wolność, niepodległość i szacunek dla Mickiewicza.","24.12.1926 urodził się Maria Janion - wybitna znawczyni literatury, autorytet moralny, bojowniczka o wolność, niepodległość i szacunek dla Mickiewicza."
– zapytała sędzia ojca dziecka Zielińskiej.,– zapytał sędzia ojca dziecka Zielińskiej.
Zerbst - zmarła kilka godzin później w szpitalu.,Zerbst - zmarł kilka godzin później w szpitalu.
Pierwsza eksmisja nie doszła do skutku.,Pierwsza eksmisja nie doszedł do skutku.
"W dwa dni podarła rękawiczki, nosząc, ciągnąc, dźwigając, przesuwając, paskudnie jest gołymi rękami na mrozie dotykać metalowych konwi z mlekiem, oszronionego szkła, przerzucać głowy kapusty pokryte skorupką chrzeszczącego lodu.","W dwa dni podarł rękawiczki, nosząc, ciągnąc, dźwigając, przesuwając, paskudnie jest gołymi rękami na mrozie dotykać metalowych konwi z mlekiem, oszronionego szkła, przerzucać głowy kapusty pokryte skorupką chrzeszczącego lodu."
Zasnęłaś?,Zasnął ś ?
Czy ją kiedyś spotkałam?,Czy ją kiedyś spotkał m ?
"Dlaczego zobaczyłam ją dzisiaj właśnie, w mroźne przedranie, pół godziny przed wschodem słońca?","Dlaczego zobaczył m ją dzisiaj właśnie, w mroźne przedranie, pół godziny przed wschodem słońca?"
Przy karpiu z kapustą zsunęła się z kolan i zaczęła świętować według własnych chęci.,Przy karpiu z kapustą zsunął się z kolan i zaczęła świętować według własnych chęci.
"Izabella Sierakowska w imieniu Klubu SLD zgłosiła wczoraj wniosek, aby do 12 grudnia Komisja Sprawiedliwości i Praw Człowieka rozpatrzyła orzeczenie Trybunału Konstytucyjnego w sprawie liberalizacji ustawy aborcyjnej (TK uznał, że jest ona niezgodna z konstytucją).","Izabella Sierakowska w imieniu Klubu SLD zgłosił wczoraj wniosek, aby do 12 grudnia Komisja Sprawiedliwości i Praw Człowieka rozpatrzyła orzeczenie Trybunału Konstytucyjnego w sprawie liberalizacji ustawy aborcyjnej (TK uznał, że jest ona niezgodna z konstytucją)."
"Spanikowała kompania i zwiała"".","Spanikował kompania i zwiała""."
"Prokuratura wszczęła śledztwo, które ma wyjaśnić okoliczności tragedii.","Prokuratura wszczął śledztwo, które ma wyjaśnić okoliczności tragedii."
"Telewizyjna ""Panorama"" przytoczyła słowa wiceszefa grupy antyterrorystycznej przy prezydencie Czeczenii, Mohammada Mohammeda.","Telewizyjna ""Panorama"" przytoczył słowa wiceszefa grupy antyterrorystycznej przy prezydencie Czeczenii, Mohammada Mohammeda."
"Zabawna historia zdarzyła się w związku z odcinkiem Gliwice - Wrocław, przyszłej autostrady A4.","Zabawna historia zdarzył się w związku z odcinkiem Gliwice - Wrocław, przyszłej autostrady A4."
24 stycznia 1984 roku Rada Państwa postanowiła nie korzystać z prawa łaski.,24 stycznia 1984 roku Rada Państwa postanowił nie korzystać z prawa łaski.
"Bezradność algierskiego rządu stała się powodem krytyki ze strony Unii Europejskiej, która zamierza przedyskutować sprawę udzielenia pomocy ofiarom zbrodni.","Bezradność algierskiego rządu stał się powodem krytyki ze strony Unii Europejskiej, która zamierza przedyskutować sprawę udzielenia pomocy ofiarom zbrodni."
"Zeszła już na dalsze miejsca, a jej przyszłość rysuje się niewesoło.","Zszedł już na dalsze miejsca, a jej przyszłość rysuje się niewesoło."
W tym roku podobnych rozbojów policja w całym kraju odnotowała już ponad sto.,W tym roku podobnych rozbojów policja w całym kraju odnotował już ponad sto.
"Policja zatrzymała go po uzyskaniu z Wielkiej Brytanii informacji o aresztowaniu tam innego Polaka - w samochodzie, który prowadził, znaleziono 26 kg heroiny o czarnorynkowej wartości ok. miliona dolarów.","Policja zatrzymał go po uzyskaniu z Wielkiej Brytanii informacji o aresztowaniu tam innego Polaka - w samochodzie, który prowadził, znaleziono 26 kg heroiny o czarnorynkowej wartości ok. miliona dolarów."
"Żona, w chwili złości, gdy nie chciał zgodzić się na rozwód, wykrzyczała to.","Żona, w chwili złości, gdy nie chciał zgodzić się na rozwód, wykrzyczał to."
"Sytuacja w Japonii i Korei zdeterminowała zachowania zachowania inwestorów na innych azjatyckich rynkach (indeksy spadły od 2,3 proc. w Singapurze do 7,4 proc. w Malezji), a potem także w Europie.","Sytuacja w Japonii i Korei zdeterminował zachowania zachowania inwestorów na innych azjatyckich rynkach (indeksy spadły od 2,3 proc. w Singapurze do 7,4 proc. w Malezji), a potem także w Europie."
"Żeby lepiej zachęcić inwestorów do realizacji tych ambitnych i potrzebnych celów Agencja Eksploatacji i Budowy Autostrad wydała, w dwóch językach: polskim i angielskim, broszurę ""Podstawowe akty prawne dotyczące autostrad płatnych"".","Żeby lepiej zachęcić inwestorów do realizacji tych ambitnych i potrzebnych celów Agencja Eksploatacji i Budowy Autostrad wydał, w dwóch językach: polskim i angielskim, broszurę ""Podstawowe akty prawne dotyczące autostrad płatnych""."
"Po rozpadzie ZSRR Rosja przedstawiła siebie jako państwo kontynuatora Związku Radzieckiego (przez pewien czas kwestionowała to Ukraina, ale ostatecznie zaakceptowała wyłączność państwa rosyjskiego).","Po rozpadzie ZSRR Rosja przedstawił siebie jako państwo kontynuatora Związku Radzieckiego (przez pewien czas kwestionowała to Ukraina, ale ostatecznie zaakceptowała wyłączność państwa rosyjskiego)."
"Ze spotkań z wyborcami choroba wyeliminowała Jana Olszewskiego: - Mam nadzieję, że do końca miesiąca wyzdrowieję i po nowym roku rozpocznę dyżury poselskie - mówi były premier.","Ze spotkań z wyborcami choroba wyeliminował Jana Olszewskiego: - Mam nadzieję, że do końca miesiąca wyzdrowieję i po nowym roku rozpocznę dyżury poselskie - mówi były premier."
"Kiedy w czasie papieskiej pielgrzymki w rozmowie z młodym dominikaninem zauważyłam, że zapowiadane właśnie przez biskupa Pieronka ""uporządkowanie sprawy Radia Maryja"" będzie trudne, bo może spowodować szeroką społeczną akcję w obronie księdza Rydzyka, zakonnik odpowiedział: - Gorzej, może doprowadzić do rozłamu.","Kiedy w czasie papieskiej pielgrzymki w rozmowie z młodym dominikaninem zauważył m , że zapowiadane właśnie przez biskupa Pieronka ""uporządkowanie sprawy Radia Maryja"" będzie trudne, bo może spowodować szeroką społeczną akcję w obronie księdza Rydzyka, zakonnik odpowiedział: - Gorzej, może doprowadzić do rozłamu."
"4 miesiące wcześniej w październiku zmarła jego matka, która nie doczekała powrotu syna.","4 miesiące wcześniej w październiku zmarł jego matka, która nie doczekała powrotu syna."
"W pierwszej rundzie turnieju Masters, który odbywa się w Nowym Jorku, Martina Hingis pokonała Brendę Schultz-McCarthy 7:6 (7-3), 5:2 (kontuzja Holenderki).","W pierwszej rundzie turnieju Masters, który odbywa się w Nowym Jorku, Martina Hingis pokonał Brendę Schultz-McCarthy 7:6 (7-3), 5:2 (kontuzja Holenderki)."
"W innych meczach Iva Majoli wygrała z Anke Huber 7:6 (7-5), 7:6 (7-2), a Jana Novotna z Conchitą Martinez 6:4, 6:4.","W innych meczach Iva Majoli wygrał z Anke Huber 7:6 (7-5), 7:6 (7-2), a Jana Novotna z Conchitą Martinez 6:4, 6:4."
"""Z inicjatywą wizyty w Komisji wystąpiła delegacja UE w Warszawie.","""Z inicjatywą wizyty w Komisji wystąpił delegacja UE w Warszawie."
"- W związku z zakończeniem obrad sesji Komitetu Wykonawczego Międzynarodowego Związku Studentów odbyła się w dniu 4 b. m. w Centralnym Domu dziennikarza przy Moskwie konferencja, na którą przybyli korespondenci zagraniczni oraz przedstawiciele prasy radzieckiej.","- W związku z zakończeniem obrad sesji Komitetu Wykonawczego Międzynarodowego Związku Studentów odbył się w dniu 4 b. m. w Centralnym Domu dziennikarza przy Moskwie konferencja, na którą przybyli korespondenci zagraniczni oraz przedstawiciele prasy radzieckiej."
"Akcja ""H"" dała doskonałe rezultaty.","Akcja ""H"" dał doskonałe rezultaty."
Następnie odbyła się dyskusja.,Następnie odbył się dyskusja.
Ekspertyza potwierdziła podpalenie.,Ekspertyza potwierdził podpalenie.
Czy Gilowska zataiła związki ze służbami specjalnymi PRL?,Czy Gilowska zataił związki ze służbami specjalnymi PRL?
Cudem przeżyła 9-letnia dziewczynka.,Cudem przeżył 9-letnia dziewczynka.
"Przekonała się o tym również Baśka, którą namówiliśmy na ""powtórkę z rozrywki"".","Przekonał się o tym również Baśka, którą namówili śmy na ""powtórkę z rozrywki""."
Ruszyła zbiórka na odbudowę kościoła.,Ruszył zbiórka na odbudowę kościoła.
W zeszłym tygodniu trafiła za to do aresztu.,W zeszłym tygodniu trafił za to do aresztu.
- Mała Alicja trafiła do naszego szpitala z urazem kończyny dolnej.,- Mała Alicja trafił do naszego szpitala z urazem kończyny dolnej.
Po zderzeniu przewróciła się lokomotywa i jeden wagon.,Po zderzeniu przewrócił się lokomotywa i jeden wagon.
"Ciężarówka wjechała na tory na przejeździe kolejowym, na którym były już opuszczone zapory.","Ciężarówka wjechał na tory na przejeździe kolejowym, na którym były już opuszczone zapory."
"Operacja chińskiego chłopczyka, który przyszedł na świat z trzema rączkami, zakończyła się sukcesem.","Operacja chińskiego chłopczyka, który przyszedł na świat z trzema rączkami, zakończył się sukcesem."
- Dziewczynka mi wybiegła.,- Dziewczynka mi wybiegł.
Zawiadomiona przez koleżankę Teresy policja w mieszkaniu zastała tylko Krzysztofa S.,Zawiadomiona przez koleżankę Teresy policja w mieszkaniu zastał tylko Krzysztofa S.
"- Wczoraj od redakcji ""Super Expressu"" pani Beata dostała zdjęcie swojego syna.","- Wczoraj od redakcji ""Super Expressu"" pani Beata dostał zdjęcie swojego syna."
Choroba Ani zaczęła się niewinnie.,Choroba Ani zaczął się niewinnie.
Diagnoza lekarzy okazała się bolesna.,Diagnoza lekarzy okazał się bolesna.
"Ale o mało zawału serca nie dostałam, kiedy zapuściłam się w głąb pola.","Ale o mało zawału serca nie dostał m , kiedy zapuściła m się w głąb pola."
Kręgi zdążyła już obejrzeć cała wieś.,Kręgi zdążył już obejrzeć cała wieś.
"Czy w drugiej kadencji pani posłowania nie zauważyła pani, że polityka to jednak męska sprawa?","Czy w drugiej kadencji pani posłowania nie zauważył pani, że polityka to jednak męska sprawa?"
Tymczasem po miesiącu mieszkania zmieniła jej życie w koszmar.,Tymczasem po miesiącu mieszkania zmienił jej życie w koszmar.
Ale zgodziła się pani na wywiad.,Ale zgodził się pani na wywiad.
"Prosto w oczy o plany matrymonialne zapytała Monika Olejnik (50 l.): - Pojawiły się pogłoski na temat uczuć, jakie pojawiły się w Sejmie...","Prosto w oczy o plany matrymonialne zapytał Monika Olejnik (50 l.): - Pojawiły się pogłoski na temat uczuć, jakie pojawiły się w Sejmie..."
"Przed ich zdemaskowaniem w ostatniej chwili uratowała ich kuria, zakazując księdzu Tadeuszowi Isakowiczowi-Zaleskiemu ujawnienia listy 28 agentów w sutannach.","Przed ich zdemaskowaniem w ostatniej chwili uratował ich kuria, zakazując księdzu Tadeuszowi Isakowiczowi-Zaleskiemu ujawnienia listy 28 agentów w sutannach."
Policja szybko zatrzymała złodziei.,Policja szybko zatrzymał złodziei.
- Ciężarówka nie zatrzymała się przed przejazdem.,- Ciężarówka nie zatrzymał się przed przejazdem.
Sprawa tajnych lotów CIA ujrzała światło dzienne jesienią ub. roku.,Sprawa tajnych lotów CIA ujrzał światło dzienne jesienią ub. roku.
Sylwia bez niczego dostała 3.,Sylwia bez niczego dostał 3.
Bieg na kilometr Agata zaliczyła bez problemu.,Bieg na kilometr Agata zaliczył bez problemu.
Kiedyś osa użądliła mnie w język.,Kiedyś osa użądlił mnie w język.
Akurat na chwilę spuściła Kamilka z oczu i wyszła do kuchni.,Akurat na chwilę spuścił Kamilka z oczu i wyszła do kuchni.
Pani Jadwiga trzynaście lat temu kupiła w Arciechowie działkę ze starym domostwem.,Pani Jadwiga trzynaście lat temu kupił w Arciechowie działkę ze starym domostwem.
"Największy producent komputerów osobistych, firma Dell, zrezygnowała z budowania swej fabryki w słowackiej Nitrze.","Największy producent komputerów osobistych, firma Dell, zrezygnował z budowania swej fabryki w słowackiej Nitrze."
"Firma skontaktowała się ze mną, przedstawiając opinię rzeczoznawcy.","Firma skontaktował się ze mną, przedstawiając opinię rzeczoznawcy."
Chwilę potem dziewczyna zaczęła się czuć coraz gorzej.,Chwilę potem dziewczyna zaczął się czuć coraz gorzej.
Dziewczyna po powrocie ze szkoły wybrała się nad staw.,Dziewczyna po powrocie ze szkoły wybrał się nad staw.
Wzięła ze sobą plecak.,Wziął ze sobą plecak.
"Walka o główną nagrodę - najnowocześniejszą pracownię komputerową, rozgorzała na dobre.","Walka o główną nagrodę - najnowocześniejszą pracownię komputerową, rozgorzał na dobre."
Ewa Chałubińska z Krajowej Rady Sądownictwa powiedziała nam: - Mogę jedynie wyrazić ogromne ubolewanie.,Ewa Chałubińska z Krajowej Rady Sądownictwa powiedział nam: - Mogę jedynie wyrazić ogromne ubolewanie.
Maria Uklańska (80 l.) zmarła w styczniu 2000 roku.,Maria Uklańska (80 l.) zmarł w styczniu 2000 roku.
"Kiedy wyciągnęli Wandzię na brzeg, z ust wypłynęła jej piana...","Kiedy wyciągnęli Wandzię na brzeg, z ust wypłynął jej piana..."
Nieleczona choroba przerodziła się w złośliwego chłoniaka.,Nieleczona choroba przerodził się w złośliwego chłoniaka.
"- Dziś przyszła do nas pani psycholog i próbowała wyjaśnić, co się stało.","- Dziś przyszedł do nas pani psycholog i próbowała wyjaśnić, co się stało."
Jego kariera zawodowa rozpoczęła się w warszawskim hotelu Marriott.,Jego kariera zawodowa rozpoczął się w warszawskim hotelu Marriott.
Pani M. odmówiła nam rozmowy.,Pani M. odmówił nam rozmowy.
Tylko dzięki temu Kamila się nie wykrwawiła.,Tylko dzięki temu Kamila się nie wykrwawił.
Przesadziła.,Przesadził.
"Kiedy dowiedziała się, że Chrzanowski oskarżył jej syna o brutalną napaść, przeżyła szok.","Kiedy dowiedziała się, że Chrzanowski oskarżył jej syna o brutalną napaść, przeżył szok."
"Trwająca już od tygodnia operacja pochłonęła co najmniej 235 osób, w tym kilkunastu mieszkańców Izraela, którzy zginęli od rakietowego ostrzału Hezbollachu.","Trwająca już od tygodnia operacja pochłonął co najmniej 235 osób, w tym kilkunastu mieszkańców Izraela, którzy zginęli od rakietowego ostrzału Hezbollachu."
Maria Kadłubek odebrała wydany zaocznie wyrok sądu grodzkiego.,Maria Kadłubek odebrał wydany zaocznie wyrok sądu grodzkiego.
- Ostatnio ta specgrupa odzyskała setkę aut skradzionych we Włoszech.,- Ostatnio ta specgrupa odzyskał setkę aut skradzionych we Włoszech.
"Janina Michaluk (81 l.) podpaliła się na oczach komornika, który chciał ją eksmitować z mieszkania.","Janina Michaluk (81 l.) podpalił się na oczach komornika, który chciał ją eksmitować z mieszkania."
Na miejsce od razu przyjechała karetka.,Na miejsce od razu przyjechał karetka.
Dzielna dziewczynka przeszła pionierską w Polsce operację twarzoczaszki.,Dzielna dziewczynka przeszedł pionierską w Polsce operację twarzoczaszki.
Dziewczynka opuściła już intensywną terapię i razem z rodzicami przeniosła się na zwykły oddział.,Dziewczynka opuścił już intensywną terapię i razem z rodzicami przeniosła się na zwykły oddział.
Kilka miesięcy temu PO przeprowadziła w stolicy sondaż na temat poparcia swojej kandydatki.,Kilka miesięcy temu PO przeprowadził w stolicy sondaż na temat poparcia swojej kandydatki.
"Gdy ogłosiłam, że grupa pojawi się na festiwalu, dostałam mnóstwo telefonów, e-maili od zachwyconych ludzi.","Gdy ogłosiła m , że grupa pojawi się na festiwalu, dostał m mnóstwo telefonów, e-maili od zachwyconych ludzi."
Krakowska poetka Urszula Ciszek-Frankiewicz napisała 12 politycznych panegiryków na cześć Andrzeja Leppera i Samoobrony.,Krakowska poetka Urszula Ciszek-Frankiewicz napisał 12 politycznych panegiryków na cześć Andrzeja Leppera i Samoobrony.
"Do dziś nie dostała za nie pieniędzy, więc skierowała sprawę do sądu.","Do dziś nie dostał za nie pieniędzy, więc skierowała sprawę do sądu."
Zaprotestować zdążyła tylko jedna.,Zaprotestować zdążył tylko jedna.
"Reszta odeszła z kwitkiem, bo rada nie zdążyła rozpatrzyć punktów obrad, przeciwko którym burzyli się przybyli.","Reszta odszedł z kwitkiem, bo rada nie zdążyła rozpatrzyć punktów obrad, przeciwko którym burzyli się przybyli."
Niemal kompletnie pijaną matkę czworga małoletnich dzieci zatrzymała wczoraj policja w Świebodzicach.,Niemal kompletnie pijaną matkę czworga małoletnich dzieci zatrzymał wczoraj policja w Świebodzicach.
"W ich szkole zakwitła ""królowa jednej nocy"".","W ich szkole zakwitł ""królowa jednej nocy""."
Równie szybko na drzwiach restauracji pojawiła się kartka: alkoholu nie podajemy.,Równie szybko na drzwiach restauracji pojawił się kartka: alkoholu nie podajemy.
"Telewizja państwowa usunęła z programu rysunkową wersję ""Kubusia Puchatka"", ponieważ występuje w niej... Prosiaczek.","Telewizja państwowa usunął z programu rysunkową wersję ""Kubusia Puchatka"", ponieważ występuje w niej... Prosiaczek."
"Rada przyjęła Konstytucję Programową partii - ""Polska demokratyczna i socjalna"".","Rada przyjął Konstytucję Programową partii - ""Polska demokratyczna i socjalna""."
"Wyraziła też zgodę, by SLD poszło do wyborów samorządowych w koalicji.","Wyraził też zgodę, by SLD poszło do wyborów samorządowych w koalicji."
Podróbka trafiła do domu aukcyjnego Polswiss Art.,Podróbka trafił do domu aukcyjnego Polswiss Art.
"- Pani sędzia postąpiła zgodnie z prawem, bowiem obaj podejrzani przyznali się do winy.","- Pani sędzia postąpił zgodnie z prawem, bowiem obaj podejrzani przyznali się do winy."
Zakończyła się właśnie budowa Tamy Trzech Przełomów na rzece Jangcy.,Zakończył się właśnie budowa Tamy Trzech Przełomów na rzece Jangcy.
"Budowa pochłonęła oficjalnie 25 mld dolarów, a za dwa lata w pobliżu ma stanąć potężna elektrownia.","Budowa pochłonął oficjalnie 25 mld dolarów, a za dwa lata w pobliżu ma stanąć potężna elektrownia."
Policja znalazła m.in. duński dowód osobisty wydany na nazwisko Frank Edi Holm.,Policja znalazł m.in. duński dowód osobisty wydany na nazwisko Frank Edi Holm.
Nieuczciwa kasjerka oszukała w Legionowie kilkaset osób.,Nieuczciwa kasjerka oszukał w Legionowie kilkaset osób.
Ta zbrodnia wstrząsnęła Polską.,Ta zbrodnia wstrząsnął Polską.
Mord zaplanowała Małgorzata Rozumecka - wtedy 22-latka.,Mord zaplanował Małgorzata Rozumecka - wtedy 22-latka.
Razem m.in. z bratem zwabiła ofiary do lasu pod pretekstem kupna telefonów komórkowych.,Razem m.in. z bratem zwabił ofiary do lasu pod pretekstem kupna telefonów komórkowych.
"Powiedziała, że komórki zamówił u niej Bogusław Linda.","Powiedział, że komórki zamówił u niej Bogusław Linda."
"Pod koniec stycznia podpisałam umowę z Tele 2, jak wielu czytelników, sądząc, że to umowa z TP.","Pod koniec stycznia podpisał m umowę z Tele 2, jak wielu czytelników, sądząc, że to umowa z TP."
"Jak tylko się zorientowałam, że tak nie jest, złożyłam rezygnację z usługi.","Jak tylko się zorientowała m , że tak nie jest, złożył m rezygnację z usługi."
Mimo to potem dostałam pismo powitalne od Tele 2.,Mimo to potem dostał m pismo powitalne od Tele 2.
W połowie marca dostałam nagle rachunek na ponad 100 zł!,W połowie marca dostał m nagle rachunek na ponad 100 zł!
Rozochocona posłanka usiadła za kierownicą zabytkowego traktora.,Rozochocona posłanka usiadł za kierownicą zabytkowego traktora.
W Radlinie trafiła do szpitala.,W Radlinie trafił do szpitala.
Sprawą zajęła się policja.,Sprawą zajął się policja.
"Przerażona dziewczyna pobiegła do ciotki, która mieszka za ścianą, i w sekrecie opowiedziała, co robił jej tata.","Przerażona dziewczyna pobiegł do ciotki, która mieszka za ścianą, i w sekrecie opowiedziała, co robił jej tata."
"Kobieta opowiedziała to swojemu mężowi, bratu Włodzimierza W.","Kobieta opowiedział to swojemu mężowi, bratu Włodzimierza W."
Chwilę później przyjechała policja i aresztowano pedofila.,Chwilę później przyjechał policja i aresztowano pedofila.
"Wiceburmistrz Polkowic Stanisława Bocian skierowała w tej sprawie protest do KGHM, uznając za ""niedopuszczalne, aby działalność spółki powodowała takie zagrożenia dla mieszkańców gminy"".","Wiceburmistrz Polkowic Stanisława Bocian skierował w tej sprawie protest do KGHM, uznając za ""niedopuszczalne, aby działalność spółki powodowała takie zagrożenia dla mieszkańców gminy""."
"Gdyby coś było nie tak, gdyby wywinął jakiś numer, od razu bym to wyczuła.","Gdyby coś było nie tak, gdyby wywinął jakiś numer, od razu by m to wyczuł."
Ta sprawa wstrząsnęła całą Polską.,Ta sprawa wstrząsnął całą Polską.
"Zbigniewa L. i Annę C., kierowniczkę schroniska, zatrzymała policja.","Zbigniewa L. i Annę C., kierowniczkę schroniska, zatrzymał policja."
Ale jego przepowiednia prawie się sprawdziła.,Ale jego przepowiednia prawie się sprawdził.
"22-letnia Aleksandra O., opiekując się dwuletnią córeczką, zasnęła na ławce w parku.","22-letnia Aleksandra O., opiekując się dwuletnią córeczką, zasnął na ławce w parku."
Siedząca w wózku 2-letnia Paulinka zwróciła dopiero uwagę policjantów.,Siedząca w wózku 2-letnia Paulinka zwrócił dopiero uwagę policjantów.
Paulinka trafiła do domu dziecka.,Paulinka trafił do domu dziecka.
"Jak widać, nie roześmiałam się.","Jak widać, nie roześmiał m się."
"We wtorek komisja prawna odrzuciła prośbę adwokata Golika, który poprosił parlament, by jego klient mógł przedstawić na jego forum swoją wersję wydarzeń.","We wtorek komisja prawna odrzucił prośbę adwokata Golika, który poprosił parlament, by jego klient mógł przedstawić na jego forum swoją wersję wydarzeń."
"Anna Czech, dyrektorka miejscowego szpitala, a zarazem szefowa fundacji ""Kromka Chleba"", po stworzeniu łazienki dla bezdomnych, teraz wywalczyła dla nich noclegownię.","Anna Czech, dyrektorka miejscowego szpitala, a zarazem szefowa fundacji ""Kromka Chleba"", po stworzeniu łazienki dla bezdomnych, teraz wywalczył dla nich noclegownię."
Siwiutka pulchna kobieta o dobrotliwym spojrzeniu bardzo się zdziwiła nagłym odwiedzinom.,Siwiutka pulchna kobieta o dobrotliwym spojrzeniu bardzo się zdziwił nagłym odwiedzinom.
Starą szopę Elżbieta S. zamieniła na fabrykę narkotyków.,Starą szopę Elżbieta S. zamienił na fabrykę narkotyków.
Tragedia rozegrała się między Krakowem a Batowicami.,Tragedia rozegrał się między Krakowem a Batowicami.
- Siedziałam w szafie - zeznała.,- Siedziała m w szafie - zeznał.
- Zaczęłam się topić.,- Zaczął m się topić.
"23 lutego Joanna Zaniewska-Janusz z Zielonki dowiedziała się od policjantów, że od strony rzeki słychać przerażający skowyt psa.","23 lutego Joanna Zaniewska-Janusz z Zielonki dowiedział się od policjantów, że od strony rzeki słychać przerażający skowyt psa."
Prokuratura Okręgowa w Katowicach wystąpiła do sądu o aresztowanie Krzysztofa Rutkowskiego.,Prokuratura Okręgowa w Katowicach wystąpił do sądu o aresztowanie Krzysztofa Rutkowskiego.
"W zamian kuria proboszczem tego kościoła uczyniła jego starszego brata, ks. Zdzisława Struzika.","W zamian kuria proboszczem tego kościoła uczynił jego starszego brata, ks. Zdzisława Struzika."
"Tylko w styczniu tego roku WOŚP zebrała 30,6 mln zł.","Tylko w styczniu tego roku WOŚP zebrał 30,6 mln zł."
"Choć posłanka spędziła nad książkami noc, egzaminu nie zaliczyła.","Choć posłanka spędziła nad książkami noc, egzaminu nie zaliczył."
Teraz trochę popuściłam.,Teraz trochę popuścił m .
A Maria Kaczyńska zgodziła się objąć patronat honorowy nad lipcowym Letnim Festiwalem Muzyki Kameralnej w Helu.,A Maria Kaczyńska zgodził się objąć patronat honorowy nad lipcowym Letnim Festiwalem Muzyki Kameralnej w Helu.
Policja od razu wszczęła dochodzenie.,Policja od razu wszczął dochodzenie.
"Grażyna Chalińska, mama Justyny, zemdlała, kiedy dowiedziała się, że córka straciła rękę.","Grażyna Chalińska, mama Justyny, zemdlał, kiedy dowiedziała się, że córka straciła rękę."
Miesiąc spędziła w szpitalu.,Miesiąc spędził w szpitalu.
Jakąś łzę pani uroniła?,Jakąś łzę pani uronił?
Wywiązała się bójka z udziałem kilkunastu osób.,Wywiązał się bójka z udziałem kilkunastu osób.
Inge też się zmieniła.,Inge też się zmienił.
"Zaczęła rozumieć, że wojna jest nieszczęściem dla zwyczajnych ludzi.","Zaczął rozumieć, że wojna jest nieszczęściem dla zwyczajnych ludzi."
Z czasem zaczęła obdarzać mnie sympatią.,Z czasem zaczął obdarzać mnie sympatią.
Raz zapytała: - Podobam ci się?,Raz zapytał: - Podobam ci się?
A jednak przystosowała się i ma się dobrze.,A jednak przystosował się i ma się dobrze.
22 kwietnia Agencja Rozwoju Przemysłu przyjęła program restrukturyzacji Huty.,22 kwietnia Agencja Rozwoju Przemysłu przyjął program restrukturyzacji Huty.
Maszyny te odkupiła od niej... właśnie spółka Hortpak.,Maszyny te odkupił od niej... właśnie spółka Hortpak.
"– W pewnym momencie jedna, która nagrywała wszystko kamerą, zaczęła machać ręką, byśmy szybko odjechali.","– W pewnym momencie jedna, która nagrywała wszystko kamerą, zaczął machać ręką, by śmy szybko odjechali."
"Ucieszyła go wielce wieść o tym, iż w naszym mieście po raz kolejny zagoszczą lwowskie arcydzieła.","Ucieszył go wielce wieść o tym, iż w naszym mieście po raz kolejny zagoszczą lwowskie arcydzieła."
"– W czasie koncertu, w kościele Opatrzności Bożej w Stalowej Woli, mogliśmy zobaczyć bardzo spontaniczną Justynę Steczkowską – sprawnie zebrała pani wokół siebie tłum dzieci i zaśpiewała z nimi ostatnią koncertową kolędę.","– W czasie koncertu, w kościele Opatrzności Bożej w Stalowej Woli, mogli śmy zobaczyć bardzo spontaniczną Justynę Steczkowską – sprawnie zebrał pani wokół siebie tłum dzieci i zaśpiewała z nimi ostatnią koncertową kolędę."
Na giełdach po spadku przyszła pora na euforię...,Na giełdach po spadku przyszedł pora na euforię...
W wyniku wypadku doznała wstrząsu mózgu oraz ogólnych potłuczeń.,W wyniku wypadku doznał wstrząsu mózgu oraz ogólnych potłuczeń.
Trafiła na obserwację do szpitala.,Trafił na obserwację do szpitala.
"Niesamowicie żywiołowa kompozycja sprawiła, że niektórzy z publiczności zaczęli tupać w rytm muzyki.","Niesamowicie żywiołowa kompozycja sprawił, że niektórzy z publiczności zaczęli tupać w rytm muzyki."
Beata nigdy nie zobaczyła swojego wydrukowanego Aniołka.,Beata nigdy nie zobaczył swojego wydrukowanego Aniołka.
"Napisałaby więc z pewnością o Bali, co się stało w Kucie, tuż przy głównym deptaku.","Napisał by więc z pewnością o Bali, co się stało w Kucie, tuż przy głównym deptaku."
"Niemłoda kobieta, pewnie mieszkanka wsi Aba, rozpoznała Czajkę i pokazała jej ręką, że powinna wejść do środka pałacu.","Niemłoda kobieta, pewnie mieszkanka wsi Aba, rozpoznał Czajkę i pokazała jej ręką, że powinna wejść do środka pałacu."
Może Beata trafiła tu z całkiem innego powodu?,Może Beata trafił tu z całkiem innego powodu?
"Być może, w takim przypadku powstałaby jakaś porządna, prawdziwa lewica.","Być może, w takim przypadku powstał by jakaś porządna, prawdziwa lewica."
Z lewicy została mu tylko nazwa.,Z lewicy został mu tylko nazwa.
"Grupa brytyjskich biskupów Kościoła anglikańskiego ogłosiła, że w okresie Wielkiego Postu będzie się utrzymywać za płacę minimalną, a resztę dochodów przekaże m.in. na bezdomnych.","Grupa brytyjskich biskupów Kościoła anglikańskiego ogłosił, że w okresie Wielkiego Postu będzie się utrzymywać za płacę minimalną, a resztę dochodów przekaże m.in. na bezdomnych."
"12 stycznia 1945 r. Armia Radziecka przy współudziale jednostek Ludowego Wojska Polskiego rozpoczęła znad Wisły wielką ofensywę, która przyniosła wolność dla znacznej części Polski, w tym także ziemiom piastowskim na zachodzie oraz północy i faktycznie wprowadziła działania wojenne w końcowy, rozstrzygający etap.","12 stycznia 1945 r. Armia Radziecka przy współudziale jednostek Ludowego Wojska Polskiego rozpoczął znad Wisły wielką ofensywę, która przyniosła wolność dla znacznej części Polski, w tym także ziemiom piastowskim na zachodzie oraz północy i faktycznie wprowadziła działania wojenne w końcowy, rozstrzygający etap."
Milicja białoruska rozpędziła pokojowo protestujących w Mińsku.,Milicja białoruska rozpędził pokojowo protestujących w Mińsku.
24 marca minęła 7. rocznica agresji USA na Jugosławię.,24 marca minął 7. rocznica agresji USA na Jugosławię.
"Stoisko ""Ciechu"" odwiedziła delegacja najwyższych władz partyjnych i państwowych NRD, z Erichem Honeckerem.","Stoisko ""Ciechu"" odwiedził delegacja najwyższych władz partyjnych i państwowych NRD, z Erichem Honeckerem."
"Zaplanowana na wczoraj na godzinę 9.40 w Programie 1 TVP emisja filmu ""O dwóch takich, co ukradli księżyc"", z udziałem Lecha i Jarosława Kaczyńskich w rolach Jacka i Placka, nie odbyła się.","Zaplanowana na wczoraj na godzinę 9.40 w Programie 1 TVP emisja filmu ""O dwóch takich, co ukradli księżyc"", z udziałem Lecha i Jarosława Kaczyńskich w rolach Jacka i Placka, nie odbył się."
"Wicepremier Zyta Gilowska uznała natomiast, że jest solidny, napięty, ale realny.","Wicepremier Zyta Gilowska uznał natomiast, że jest solidny, napięty, ale realny."
"Gdyby Zyta Gilowska pogrzebała w projekcie budżetu, to może znalazłaby 5 mld na bezrobotnych?","Gdyby Zyta Gilowska pogrzebała w projekcie budżetu, to może znalazł by 5 mld na bezrobotnych?"
"Unia Wolności, której członkiem był Jan Maria Rokita, rozparcelowała Ministerstwo Spraw Wewnętrznych w 1990 r. i utworzyła kilka samodzielnych bytów z całym oprzyrządowaniem.","Unia Wolności, której członkiem był Jan Maria Rokita, rozparcelował Ministerstwo Spraw Wewnętrznych w 1990 r. i utworzyła kilka samodzielnych bytów z całym oprzyrządowaniem."
W ten sposób Komenda Główna Policji stała się kilka razy większa od tej z lat 50. czy 80.,W ten sposób Komenda Główna Policji stał się kilka razy większa od tej z lat 50. czy 80.
W ten sposób Ukraina z republiki prezydencko-parlamentarnej przekształciła się w parlamentarno-prezydencką.,W ten sposób Ukraina z republiki prezydencko-parlamentarnej przekształcił się w parlamentarno-prezydencką.
Od tego m.in. zaczęła się tam wojna domowa.,Od tego m.in. zaczął się tam wojna domowa.
"""Frankfurt zaskoczył swoich radnych - i nikt nie wie, dlaczego"" - zatytułowała artykuł ""Berliner Zeitung"".","""Frankfurt zaskoczył swoich radnych - i nikt nie wie, dlaczego"" - zatytułował artykuł ""Berliner Zeitung""."
"Odrobina kindersztuby czasem każdemu by się przydała niezależnie od tego, jakie zajmuje stanowisko.","Odrobina kindersztuby czasem każdemu by się przydał niezależnie od tego, jakie zajmuje stanowisko."
"Większość krajów związkowych, w których odbędą się mecze piłkarskich mistrzostw świata, przystała na żądanie federalnej minister sprawiedliwości Brigitte Zypries (SPD), by wprowadzić uproszczone procedury sądowe dla mundialowych wichrzycieli.","Większość krajów związkowych, w których odbędą się mecze piłkarskich mistrzostw świata, przystał na żądanie federalnej minister sprawiedliwości Brigitte Zypries (SPD), by wprowadzić uproszczone procedury sądowe dla mundialowych wichrzycieli."
"Teraz ponad 50-tysięczna publiczność nie doczekała się na zbliżone wyczyny (wyjątek: 231,5 m Norwega w sobotniej serii próbnej), bo nie było warunków do bezpiecznego lądowania po tak dalekich lotach.","Teraz ponad 50-tysięczna publiczność nie doczekał się na zbliżone wyczyny (wyjątek: 231,5 m Norwega w sobotniej serii próbnej), bo nie było warunków do bezpiecznego lądowania po tak dalekich lotach."
Danuta Waniek zabiegająca o zaskarżenie ustawy medialnej do Trybunału Konstytucyjnego znalazła się w sytuacji zająca uciekającego ongiś w popłochu z ZSRR w obawie przed kastracją baranów.,Danuta Waniek zabiegająca o zaskarżenie ustawy medialnej do Trybunału Konstytucyjnego znalazł się w sytuacji zająca uciekającego ongiś w popłochu z ZSRR w obawie przed kastracją baranów.
Na przełomie roku 1944 i 1945 III Rzesza znalazła się w okrążeniu wojsk państw koalicji antyhitlerowskiej.,Na przełomie roku 1944 i 1945 III Rzesza znalazł się w okrążeniu wojsk państw koalicji antyhitlerowskiej.
Zaczęła się ona z mojej głębokiej krytyki idei centrolewu.,Zaczął się ona z mojej głębokiej krytyki idei centrolewu.
Platforma gładko zgodziła się na przesunięcie terminu na dziś.,Platforma gładko zgodził się na przesunięcie terminu na dziś.
Zadziwiającą wstrzemięźliwość w tej sprawie wykazała m.in. Najwyższa Izba Kontroli.,Zadziwiającą wstrzemięźliwość w tej sprawie wykazał m.in. Najwyższa Izba Kontroli.
"Ewa Sowińska, z LPR została rzecznikiem praw dziecka.","Ewa Sowińska, z LPR został rzecznikiem praw dziecka."
"Kancelaria Prezydenta zapowiedziała na godz. 20.00 telewizyjne wystąpienie głowy państwa, a premier Kazimierz Marcinkiewicz odwołał zaplanowaną wcześniej konferencję prasową.","Kancelaria Prezydenta zapowiedział na godz. 20.00 telewizyjne wystąpienie głowy państwa, a premier Kazimierz Marcinkiewicz odwołał zaplanowaną wcześniej konferencję prasową."
Dyskusja o finansowaniu uczelni katolickich tylko mnie w tym utwierdziła.,Dyskusja o finansowaniu uczelni katolickich tylko mnie w tym utwierdził.
"Głośna stała się już pierwsza z ""polskich spraw"" zakwalifikowanych do rozpatrzenia przez Trybunał Praw Człowieka w Strasburgu, dotycząca przewlekłości postępowania sądowego.","Głośna stał się już pierwsza z ""polskich spraw"" zakwalifikowanych do rozpatrzenia przez Trybunał Praw Człowieka w Strasburgu, dotycząca przewlekłości postępowania sądowego."
"Uchwała samorządu przyjęta w gorącym okresie pomiędzy I a II turą wyborów prezydenckich stała się ""kartą polską"" w kampanii wyborczej.","Uchwała samorządu przyjęta w gorącym okresie pomiędzy I a II turą wyborów prezydenckich stał się ""kartą polską"" w kampanii wyborczej."
Wczoraj rano na placu św. Piotra stanęła bożonarodzeniowa choinka z Polski.,Wczoraj rano na placu św. Piotra stanął bożonarodzeniowa choinka z Polski.
"Tankowiec ""Martina"", który w poniedziałek zderzył się z niemieckim kontenerowcem ""Werder Bremen"" i zatonął, spenetrowała w środę kamera telewizyjna.","Tankowiec ""Martina"", który w poniedziałek zderzył się z niemieckim kontenerowcem ""Werder Bremen"" i zatonął, spenetrował w środę kamera telewizyjna."
"Na początku tego roku minister sprawiedliwości Hanna Suchocka zapowiedziała jednak, że sprawdzi, czy ktoś nie ponosi odpowiedzialności dyscyplinarnej za zaniedbanie obowiązków.","Na początku tego roku minister sprawiedliwości Hanna Suchocka zapowiedział jednak, że sprawdzi, czy ktoś nie ponosi odpowiedzialności dyscyplinarnej za zaniedbanie obowiązków."
"- Kilka godzin spędziłam przed lustrem zastanawiając się, co włożyć.","- Kilka godzin spędził m przed lustrem zastanawiając się, co włożyć."
Pojawiła się nawet sama prezes Urzędu Mieszkalnictwa Barbara Blida.,Pojawił się nawet sama prezes Urzędu Mieszkalnictwa Barbara Blida.
"W kwietniu ubiegłego roku, pod koniec pracy, kiedy na budowie nie było już prawie nikogo, jego łopata zgrzytnęła na jakimś twardym przedmiocie.","W kwietniu ubiegłego roku, pod koniec pracy, kiedy na budowie nie było już prawie nikogo, jego łopata zgrzytnął na jakimś twardym przedmiocie."
W tym roku uszkodzenia pogłębiła jeszcze zima.,W tym roku uszkodzenia pogłębił jeszcze zima.
"Komisja Krajowa związku zwróciła się wczoraj do władz AWS, by zdyscyplinowały parlamentarzystów.","Komisja Krajowa związku zwrócił się wczoraj do władz AWS, by zdyscyplinowały parlamentarzystów."
W tym momencie trafiła go w głowę policyjna kula.,W tym momencie trafił go w głowę policyjna kula.
Środowa demonstracja Komitetu Wolny Kaukaz pod rosyjskim konsulatem w Poznaniu stała się przyczyną kolejnego spięcia na linii Warszawa - Moskwa.,Środowa demonstracja Komitetu Wolny Kaukaz pod rosyjskim konsulatem w Poznaniu stał się przyczyną kolejnego spięcia na linii Warszawa - Moskwa.
"Pół roku temu Minister Zdrowia Franciszka Cegielska obiecała na łamach ŻYCIA, że sytuacja się zmieni.","Pół roku temu Minister Zdrowia Franciszka Cegielska obiecał na łamach ŻYCIA, że sytuacja się zmieni."
"Partia - jak napisał niezwykle uszczypliwy tygodnik „Feral Tribune"" - okazała się tak martwa, jak jej były wódz.","Partia - jak napisał niezwykle uszczypliwy tygodnik „Feral Tribune"" - okazał się tak martwa, jak jej były wódz."
- Małą miss została Klaudia Zdunek!,- Małą miss został Klaudia Zdunek!
"II wicemiss została Magdalena Dołowy, I wicemiss Paulina Milewska, Miss Nastolatek to... Aleksandra Załęska!","II wicemiss został Magdalena Dołowy, I wicemiss Paulina Milewska, Miss Nastolatek to... Aleksandra Załęska!"
"Nie czekając na decyzję Akcji, Unia Wolności zaczęła lansować na prezesa Karola Modzelewskiego, historyka i polityka związanego z Unią Pracy.","Nie czekając na decyzję Akcji, Unia Wolności zaczął lansować na prezesa Karola Modzelewskiego, historyka i polityka związanego z Unią Pracy."
"W ubiegłym tygodniu specformacja przeprowadziła akcję ""Dziupla"", podczas której skontrolowano kilkanaście warsztatów, m.in. w Ząbkach, Ożarowie i Michałówku.","W ubiegłym tygodniu specformacja przeprowadził akcję ""Dziupla"", podczas której skontrolowano kilkanaście warsztatów, m.in. w Ząbkach, Ożarowie i Michałówku."
"Fakt ten potwierdziła Michaela Blume, rzecznik berlińskiej prokuratury.","Fakt ten potwierdził Michaela Blume, rzecznik berlińskiej prokuratury."
"- Jest podejrzany o kradzieże, włamania do samochodów, fałszowanie dokumentów - powiedziała.","- Jest podejrzany o kradzieże, włamania do samochodów, fałszowanie dokumentów - powiedział."
"- Będziemy występować do kolegiów ds. wykroczeń o ukaranie płatników, którzy nie prześlą nam tych danych - zapowiedziała podczas wczorajszej konferencji prasowej.","- Będziemy występować do kolegiów ds. wykroczeń o ukaranie płatników, którzy nie prześlą nam tych danych - zapowiedział podczas wczorajszej konferencji prasowej."
Informacja o zaproszeniu premiera pojawiła się w mediach.,Informacja o zaproszeniu premiera pojawił się w mediach.
Ponad połowa użytkowników sieci nie przekroczyła 25 lat.,Ponad połowa użytkowników sieci nie przekroczył 25 lat.
"Gazeta wchodzi w nowy etap, dlatego powinna być bardziej polityczna, a Andrzej Urbańczyk - jako polityk i dziennikarz - spełni tę rolę - powiedziała PAP Anna Turska, która posiada 100 procent udziałów w spółce Ad Novum wydającej ""Trybunę"".","Gazeta wchodzi w nowy etap, dlatego powinna być bardziej polityczna, a Andrzej Urbańczyk - jako polityk i dziennikarz - spełni tę rolę - powiedział PAP Anna Turska, która posiada 100 procent udziałów w spółce Ad Novum wydającej ""Trybunę""."
Wróciła dwucyfrowa inflacja.,Wrócił dwucyfrowa inflacja.
Aż się zbulwersowałam normalnie,Aż się zbulwersował m normalnie
"A reinkarnacja też wkońcu dobiegła by końca, wraz z życiem na naszej planecie.","A reinkarnacja też wkońcu dobiegł by końca, wraz z życiem na naszej planecie."
"To tak jakbym słuchając cały czas metalu, usłyszała jedną piosenkę disco polo (ble.. ) i strasznie by sie się spodobała (jako jedyna z tego gatunku.) i już bym się uważała za wielkiego znawcę tego pseudo-gatunku muzyki..","To tak jakby m słuchając cały czas metalu, usłyszał jedną piosenkę disco polo (ble.. ) i strasznie by sie się spodobała (jako jedyna z tego gatunku.) i już by m się uważała za wielkiego znawcę tego pseudo-gatunku muzyki.."
"Kochanie, wyśmiałabym takiego faceta...","Kochanie, wyśmiał by m takiego faceta..."
Dostałam za nią 90%.,Dostał m za nią 90%.
Otrzymałam dzięki niej 20p/20p.,Otrzymał m dzięki niej 20p/20p.
Dziś dostałam @.,Dziś dostał m @.
"A tabletki przestałam brać parę dni temu, żeby właśnie krzywdy nie zrobić dzidzi, której niestety nie będzie...","A tabletki przestał m brać parę dni temu, żeby właśnie krzywdy nie zrobić dzidzi, której niestety nie będzie..."
Ja bym NIGDY nie usunęła Dziecka!,Ja by m NIGDY nie usunął Dziecka!
"Niedawno wydałam na świat maluszka - jest taki kochany, tyle miłości potrafi mi dać a kiedy na Niego patrzę zaraz się uśmiecham i nic tylko bym go całowała","Niedawno wydał m na świat maluszka - jest taki kochany, tyle miłości potrafi mi dać a kiedy na Niego patrzę zaraz się uśmiecham i nic tylko by m go całowała"
"Takie coś dostała i co, mam sobie wydrukować???","Takie coś dostał i co, mam sobie wydrukować???"
Pewna sytuacja postanowiła że czas już skończyć ze zbieraniem,Pewna sytuacja postanowił że czas już skończyć ze zbieraniem
Moja koleżanka dostała od niego (niestety po około roku) orginalny autograf.,Moja koleżanka dostał od niego (niestety po około roku) orginalny autograf.
"Singla nie dostałam, tylko płytę i DVD.","Singla nie dostał m , tylko płytę i DVD."
"Dostałam, bo naprawdę lubię Natalię, a nie tylko dlatego, że rzucam się na wszystko co wysyłają, bo za darmo","Dostał m , bo naprawdę lubię Natalię, a nie tylko dlatego, że rzucam się na wszystko co wysyłają, bo za darmo"
Taka wątpliwość się pojawiła w mojej głowie.,Taka wątpliwość się pojawił w mojej głowie.
"Nie wyraziłaś się pogardliwie, mimo znacznych różnic w dyskusjach.","Nie wyraził ś się pogardliwie, mimo znacznych różnic w dyskusjach."
Ja osobiście nigdy bym dziecka nie usunęła.,Ja osobiście nigdy by m dziecka nie usunął.
I tak siebie zabiłabym przy każdej możliwej okazji ale po co żyję przecież dla siebie.....więc co mi tam,I tak siebie zabił by m przy każdej możliwej okazji ale po co żyję przecież dla siebie.....więc co mi tam
Ściągnęłam zdjęcie z EBay.,Ściągnął m zdjęcie z EBay.
"A wczoraj poszłam do kina (z rodzicami i siostrą :|) na ""Królestwo owadów"" w 3D.","A wczoraj poszedł m do kina (z rodzicami i siostrą :|) na ""Królestwo owadów"" w 3D."
"Ostatnio zaczęłam oglądać filmy które nie wymagają dużej ilości myślenia ale ""Jak w niebie"" to nawet całkiem przyjemna komedia romantyczna.","Ostatnio zaczął m oglądać filmy które nie wymagają dużej ilości myślenia ale ""Jak w niebie"" to nawet całkiem przyjemna komedia romantyczna."
"Niedawno skończyłam ""Dziecko Noego"" - Eric Emmanuel Schmitt","Niedawno skończył m ""Dziecko Noego"" - Eric Emmanuel Schmitt"
"No i naturalnie przeczytałam ""Harry Potter i Książe Półkrwi""...","No i naturalnie przeczytał m ""Harry Potter i Książe Półkrwi""..."
"Skończyłam czytać ""Szalone życie Rudolfa""","Skończył m czytać ""Szalone życie Rudolfa"""
