conllu_index,correct,incorrect
679,Po drugiej stronie też nie ma nic.,Po drugiej stronie też nie masz nic.
679,Po drugiej stronie też nie ma nic.,Po drugiej stronie też nie mam nic.
767,"ja, który śpię, kiedy otello morduje desdemonę, czuję, jak mi się nogi przerażone trzęsą, gdy na rogu, otoczony gawiedzią, zdycha ślepy, zajeżdżony koń.","ja, który śpię, kiedy otello morduje desdemonę, czuje, jak mi się nogi przerażone trzęsą, gdy na rogu, otoczony gawiedzią, zdycha ślepy, zajeżdżony koń."
767,"ja, który śpię, kiedy otello morduje desdemonę, czuję, jak mi się nogi przerażone trzęsą, gdy na rogu, otoczony gawiedzią, zdycha ślepy, zajeżdżony koń.","ja, który śpię, kiedy otello morduje desdemonę, czujesz, jak mi się nogi przerażone trzęsą, gdy na rogu, otoczony gawiedzią, zdycha ślepy, zajeżdżony koń."
906,Na ile ono kształtuje twój obraz samego siebie?,Na ile ono kształtuję twój obraz samego siebie?
906,Na ile ono kształtuje twój obraz samego siebie?,Na ile ono kształtujesz twój obraz samego siebie?
921,"Dlatego budzi On w nas ducha apostolskiego, abyśmy współpracowali z Nim w dziele zbawienia świata.","Dlatego budzę On w nas ducha apostolskiego, aby śmy współpracowali z Nim w dziele zbawienia świata."
921,"Dlatego budzi On w nas ducha apostolskiego, abyśmy współpracowali z Nim w dziele zbawienia świata.","Dlatego budzisz On w nas ducha apostolskiego, aby śmy współpracowali z Nim w dziele zbawienia świata."
1027,"Zza kolorowej fasady, zza kostiumów, peruk, koronek, wstążek, kapeluszy z piórami, lasek, szpad wyziera coś złowieszczego, co każe nam powątpiewać o autentyczności misternie zaplanowanego widowiska.","Zza kolorowej fasady, zza kostiumów, peruk, koronek, wstążek, kapeluszy z piórami, lasek, szpad wyzierasz coś złowieszczego, co każe nam powątpiewać o autentyczności misternie zaplanowanego widowiska."
1027,"Zza kolorowej fasady, zza kostiumów, peruk, koronek, wstążek, kapeluszy z piórami, lasek, szpad wyziera coś złowieszczego, co każe nam powątpiewać o autentyczności misternie zaplanowanego widowiska.","Zza kolorowej fasady, zza kostiumów, peruk, koronek, wstążek, kapeluszy z piórami, lasek, szpad wyzieram coś złowieszczego, co każe nam powątpiewać o autentyczności misternie zaplanowanego widowiska."
1109,Tam jest wszystko.,Tam jestem wszystko.
1109,Tam jest wszystko.,Tam jesteś wszystko.
1189,On również nie zmienia się w niebyt.,On również nie zmieniam się w niebyt.
1189,On również nie zmienia się w niebyt.,On również nie zmieniasz się w niebyt.
1557,"A on powiada, że nie.","A on powiadam, że nie."
1557,"A on powiada, że nie.","A on powiadasz, że nie."
1593,"Ty wybierasz i ty decydujesz o tym, czy jesteś w niebie czy piekle - tak tu na ziemi, jak i po śmierci.","Ty wybiera i ty decydujesz o tym, czy jesteś w niebie czy piekle - tak tu na ziemi, jak i po śmierci."
1593,"Ty wybierasz i ty decydujesz o tym, czy jesteś w niebie czy piekle - tak tu na ziemi, jak i po śmierci.","Ty wybieram i ty decydujesz o tym, czy jesteś w niebie czy piekle - tak tu na ziemi, jak i po śmierci."
1682,"Nie używa on wielkich słów, nie nazywa niczego do końca, niczego też w sposób dyskursywny nie tłumaczy.","Nie używasz on wielkich słów, nie nazywa niczego do końca, niczego też w sposób dyskursywny nie tłumaczy."
1682,"Nie używa on wielkich słów, nie nazywa niczego do końca, niczego też w sposób dyskursywny nie tłumaczy.","Nie używam on wielkich słów, nie nazywa niczego do końca, niczego też w sposób dyskursywny nie tłumaczy."
1698,"Natomiast zdumiewa mnie to, że nigdy nie mogę tu liczyć na wzajemność.","Natomiast zdumiewasz mnie to, że nigdy nie mogę tu liczyć na wzajemność."
1698,"Natomiast zdumiewa mnie to, że nigdy nie mogę tu liczyć na wzajemność.","Natomiast zdumiewam mnie to, że nigdy nie mogę tu liczyć na wzajemność."
1807,Sprowadza się ona z grubsza do dwóch pytań: Kto ma płacić?,Sprowadzasz się ona z grubsza do dwóch pytań: Kto ma płacić?
1807,Sprowadza się ona z grubsza do dwóch pytań: Kto ma płacić?,Sprowadzam się ona z grubsza do dwóch pytań: Kto ma płacić?
1976,"Chyba jednak mało kto w Rosji zdaje sobie sprawę z tego, że każde kliknięcie w jego komputerze może być kontrolowane.","Chyba jednak mało kto w Rosji zdaję sobie sprawę z tego, że każde kliknięcie w jego komputerze może być kontrolowane."
1976,"Chyba jednak mało kto w Rosji zdaje sobie sprawę z tego, że każde kliknięcie w jego komputerze może być kontrolowane.","Chyba jednak mało kto w Rosji zdajesz sobie sprawę z tego, że każde kliknięcie w jego komputerze może być kontrolowane."
1995,"Nie, ona to robi z miłości, żeby ratować związek, żeby utrzymać tego faceta przy sobie, chce go chociaż tak zaspokoić, skoro nie potrafi w tym, co najważniejsze dla mężczyzny.","Nie, ona to robię z miłości, żeby ratować związek, żeby utrzymać tego faceta przy sobie, chce go chociaż tak zaspokoić, skoro nie potrafi w tym, co najważniejsze dla mężczyzny."
1995,"Nie, ona to robi z miłości, żeby ratować związek, żeby utrzymać tego faceta przy sobie, chce go chociaż tak zaspokoić, skoro nie potrafi w tym, co najważniejsze dla mężczyzny.","Nie, ona to robisz z miłości, żeby ratować związek, żeby utrzymać tego faceta przy sobie, chce go chociaż tak zaspokoić, skoro nie potrafi w tym, co najważniejsze dla mężczyzny."
2044,"Nic nie wynika z faktu dosłownego ożywiania tekstu, skoro papier jest jego ostatnim powiernikiem.","Nic nie wynikam z faktu dosłownego ożywiania tekstu, skoro papier jest jego ostatnim powiernikiem."
2044,"Nic nie wynika z faktu dosłownego ożywiania tekstu, skoro papier jest jego ostatnim powiernikiem.","Nic nie wynikasz z faktu dosłownego ożywiania tekstu, skoro papier jest jego ostatnim powiernikiem."
2180,Ty podobno studiujesz prawo.,Ty podobno studiuje prawo.
2180,Ty podobno studiujesz prawo.,Ty podobno studiuję prawo.
2241,Nikt jak ty nie umie pastować podłóg!,Nikt jak ty nie umiesz pastować podłóg!
2241,Nikt jak ty nie umie pastować podłóg!,Nikt jak ty nie umiem pastować podłóg!
2351,"To on sprawia, że czuję się kochaną i szanowaną kobietą.","To on sprawiasz, że czuję się kochaną i szanowaną kobietą."
2351,"To on sprawia, że czuję się kochaną i szanowaną kobietą.","To on sprawiam, że czuję się kochaną i szanowaną kobietą."
2562,"Skupia się on na trzech zadaniach: gospodarce wodno-ściekowej, czyli uzupełnieniu brakujących 40% sieci kanalizacji wraz z przerzutem ścieków pod Wisłą, modernizacji stacji uzdatniania wody pitnej w Lubiczu oraz zagospodarowania osadów z oczyszczalni ścieków.","Skupiasz się on na trzech zadaniach: gospodarce wodno-ściekowej, czyli uzupełnieniu brakujących 40% sieci kanalizacji wraz z przerzutem ścieków pod Wisłą, modernizacji stacji uzdatniania wody pitnej w Lubiczu oraz zagospodarowania osadów z oczyszczalni ścieków."
2562,"Skupia się on na trzech zadaniach: gospodarce wodno-ściekowej, czyli uzupełnieniu brakujących 40% sieci kanalizacji wraz z przerzutem ścieków pod Wisłą, modernizacji stacji uzdatniania wody pitnej w Lubiczu oraz zagospodarowania osadów z oczyszczalni ścieków.","Skupiam się on na trzech zadaniach: gospodarce wodno-ściekowej, czyli uzupełnieniu brakujących 40% sieci kanalizacji wraz z przerzutem ścieków pod Wisłą, modernizacji stacji uzdatniania wody pitnej w Lubiczu oraz zagospodarowania osadów z oczyszczalni ścieków."
2893,"Kiedy RS AWS się wzmocni, ja też zrezygnuję z pewnych funkcji.","Kiedy RS AWS się wzmocni, ja też zrezygnujesz z pewnych funkcji."
2893,"Kiedy RS AWS się wzmocni, ja też zrezygnuję z pewnych funkcji.","Kiedy RS AWS się wzmocni, ja też zrezygnuje z pewnych funkcji."
2984,Pisze on tam:,Piszesz on tam:
2984,Pisze on tam:,Piszę on tam:
3104,Być może stanie się on kolejnym specyfikiem wydłużającym życie.,Być może stanę się on kolejnym specyfikiem wydłużającym życie.
3104,Być może stanie się on kolejnym specyfikiem wydłużającym życie.,Być może staniesz się on kolejnym specyfikiem wydłużającym życie.
3247,Stanie ona na polskim podwoziu.,Stanę ona na polskim podwoziu.
3247,Stanie ona na polskim podwoziu.,Staniesz ona na polskim podwoziu.
3416,Zaopatruje ona w materiały m.in. poznański Sunset.,Zaopatrujesz ona w materiały m.in. poznański Sunset.
3416,Zaopatruje ona w materiały m.in. poznański Sunset.,Zaopatruję ona w materiały m.in. poznański Sunset.
3436,"Jeżeli zaś chodzi o parafię, pozostaje ona tradycyjną strukturą kościelną i jako taka jest bezdyskusyjnie akceptowana.","Jeżeli zaś chodzi o parafię, pozostajesz ona tradycyjną strukturą kościelną i jako taka jest bezdyskusyjnie akceptowana."
3436,"Jeżeli zaś chodzi o parafię, pozostaje ona tradycyjną strukturą kościelną i jako taka jest bezdyskusyjnie akceptowana.","Jeżeli zaś chodzi o parafię, pozostaję ona tradycyjną strukturą kościelną i jako taka jest bezdyskusyjnie akceptowana."
3491,Nie tylko ja mam czarne myśli.,Nie tylko ja masz czarne myśli.
3491,Nie tylko ja mam czarne myśli.,Nie tylko ja ma czarne myśli.
3887,Ma ono jakieś specjalne znaczenie?,Mam ono jakieś specjalne znaczenie?
3887,Ma ono jakieś specjalne znaczenie?,Masz ono jakieś specjalne znaczenie?
4153,"On nie uczestniczy w tych grach i rywalizacjach, ale ma instynkt państwowy.","On nie uczestniczysz w tych grach i rywalizacjach, ale ma instynkt państwowy."
4153,"On nie uczestniczy w tych grach i rywalizacjach, ale ma instynkt państwowy.","On nie uczestniczę w tych grach i rywalizacjach, ale ma instynkt państwowy."
4835,Znów są na schodach i po chwili wszystko się uspokaja.,Znów są na schodach i po chwili wszystko się uspokajam.
4835,Znów są na schodach i po chwili wszystko się uspokaja.,Znów są na schodach i po chwili wszystko się uspokajasz.
4867,"Ty - odwrotnie - przestrzegasz konwenansów, zwracasz uwagę na to, ""co by ludzie powiedzieli"" i na swoje sumienie zawodowe.","Ty - odwrotnie - przestrzegam konwenansów, zwracasz uwagę na to, ""co by ludzie powiedzieli"" i na swoje sumienie zawodowe."
4867,"Ty - odwrotnie - przestrzegasz konwenansów, zwracasz uwagę na to, ""co by ludzie powiedzieli"" i na swoje sumienie zawodowe.","Ty - odwrotnie - przestrzega konwenansów, zwracasz uwagę na to, ""co by ludzie powiedzieli"" i na swoje sumienie zawodowe."
5204,"Rozpoczyna się on zawsze w Boże Ciało, w tym roku miał trwać do niedzieli, 1 czerwca.","Rozpoczynam się on zawsze w Boże Ciało, w tym roku miał trwać do niedzieli, 1 czerwca."
5204,"Rozpoczyna się on zawsze w Boże Ciało, w tym roku miał trwać do niedzieli, 1 czerwca.","Rozpoczynasz się on zawsze w Boże Ciało, w tym roku miał trwać do niedzieli, 1 czerwca."
5399,Dzisiaj zapewne jest ich więcej.,Dzisiaj zapewne jesteś ich więcej.
5399,Dzisiaj zapewne jest ich więcej.,Dzisiaj zapewne jestem ich więcej.
5532,"Wywodzi się ona od opata klasztoru na Synaju, Jana Klimaka, który zalecał częste wzywanie ""imienia Jezus"".","Wywodzę się ona od opata klasztoru na Synaju, Jana Klimaka, który zalecał częste wzywanie ""imienia Jezus""."
5532,"Wywodzi się ona od opata klasztoru na Synaju, Jana Klimaka, który zalecał częste wzywanie ""imienia Jezus"".","Wywodzisz się ona od opata klasztoru na Synaju, Jana Klimaka, który zalecał częste wzywanie ""imienia Jezus""."
5544,"Przynosi on podarunki w nocy z 24 na 25, przedostając się do domów poprzez komin.","Przynoszę on podarunki w nocy z 24 na 25, przedostając się do domów poprzez komin."
5544,"Przynosi on podarunki w nocy z 24 na 25, przedostając się do domów poprzez komin.","Przynosisz on podarunki w nocy z 24 na 25, przedostając się do domów poprzez komin."
5762,"Wszystko błyszczy, kręci się, tańczy.","Wszystko błyszczysz, kręci się, tańczy."
5762,"Wszystko błyszczy, kręci się, tańczy.","Wszystko błyszczę, kręci się, tańczy."
6094,W heroinie ich nie ma.,W heroinie ich nie mam.
6094,W heroinie ich nie ma.,W heroinie ich nie masz.
6107,"Ja muszę wiedzieć, czy panią traktować poważnie.","Ja musi wiedzieć, czy panią traktować poważnie."
6107,"Ja muszę wiedzieć, czy panią traktować poważnie.","Ja musisz wiedzieć, czy panią traktować poważnie."
6110,"Od Adamowa po Żelechów jest ich 216, przybywają nowe.","Od Adamowa po Żelechów jestem ich 216, przybywają nowe."
6110,"Od Adamowa po Żelechów jest ich 216, przybywają nowe.","Od Adamowa po Żelechów jesteś ich 216, przybywają nowe."
6325,"Ktoś z gorszym od nas mózgiem dotyka nas, głaszcze, rzuca się na szyję, naruszając naszą prywatną przestrzeń.","Ktoś z gorszym od nas mózgiem dotykam nas, głaszcze, rzuca się na szyję, naruszając naszą prywatną przestrzeń."
6325,"Ktoś z gorszym od nas mózgiem dotyka nas, głaszcze, rzuca się na szyję, naruszając naszą prywatną przestrzeń.","Ktoś z gorszym od nas mózgiem dotykasz nas, głaszcze, rzuca się na szyję, naruszając naszą prywatną przestrzeń."
6420,Ona o tym marzy.,Ona o tym marzysz.
6420,Ona o tym marzy.,Ona o tym marzę.
6439,Ja w tę religię wierzę.,Ja w tę religię wierzy.
6439,Ja w tę religię wierzę.,Ja w tę religię wierzysz.
6710,On żyje w łódce.,On żyjesz w łódce.
6710,On żyje w łódce.,On żyję w łódce.
6739,"Zasadnicze znaczenie ma bowiem nie tylko to, jaką wybierze partię, ale też przy jakim nazwisku postawi swój krzyżyk, czyli jakiej osobie lub jakiej frakcji wewnątrz wybranej partii udzieli swojego poparcia.","Zasadnicze znaczenie masz bowiem nie tylko to, jaką wybierze partię, ale też przy jakim nazwisku postawi swój krzyżyk, czyli jakiej osobie lub jakiej frakcji wewnątrz wybranej partii udzieli swojego poparcia."
6739,"Zasadnicze znaczenie ma bowiem nie tylko to, jaką wybierze partię, ale też przy jakim nazwisku postawi swój krzyżyk, czyli jakiej osobie lub jakiej frakcji wewnątrz wybranej partii udzieli swojego poparcia.","Zasadnicze znaczenie mam bowiem nie tylko to, jaką wybierze partię, ale też przy jakim nazwisku postawi swój krzyżyk, czyli jakiej osobie lub jakiej frakcji wewnątrz wybranej partii udzieli swojego poparcia."
7066,"Ja mogę jedynie powiedzieć, gdzie ta siła tkwiła za czasów Ryśka.","Ja możesz jedynie powiedzieć, gdzie ta siła tkwiła za czasów Ryśka."
7066,"Ja mogę jedynie powiedzieć, gdzie ta siła tkwiła za czasów Ryśka.","Ja może jedynie powiedzieć, gdzie ta siła tkwiła za czasów Ryśka."
7136,"Wymaga ona zrozumienia biologicznych, chemicznych i fizycznych zjawisk zachodzących w oceanach.","Wymagasz ona zrozumienia biologicznych, chemicznych i fizycznych zjawisk zachodzących w oceanach."
7136,"Wymaga ona zrozumienia biologicznych, chemicznych i fizycznych zjawisk zachodzących w oceanach.","Wymagam ona zrozumienia biologicznych, chemicznych i fizycznych zjawisk zachodzących w oceanach."
7341,"Przecież Ty nigdy nie odpowiadasz na pytania ludzi zwyczajnych, ale możemy je przynajmniej wypowiedzieć w naszej modlitwie, w naszym niemym płaczu, grubym przekleństwie.","Przecież Ty nigdy nie odpowiada na pytania ludzi zwyczajnych, ale możemy je przynajmniej wypowiedzieć w naszej modlitwie, w naszym niemym płaczu, grubym przekleństwie."
7341,"Przecież Ty nigdy nie odpowiadasz na pytania ludzi zwyczajnych, ale możemy je przynajmniej wypowiedzieć w naszej modlitwie, w naszym niemym płaczu, grubym przekleństwie.","Przecież Ty nigdy nie odpowiadam na pytania ludzi zwyczajnych, ale możemy je przynajmniej wypowiedzieć w naszej modlitwie, w naszym niemym płaczu, grubym przekleństwie."
7546,"Dokona ona podsumowania wyników działalności naczelnej organizacji ogrodów działkowych — Krajowej Rady POD — za lata 1966—1969, a także podsumowania kampanii sprawozdawczo-wyborczej w ogrodach oraz powiatowych i wojewódzkich zarządach pracowniczych ogrodów działkowych.","Dokonam ona podsumowania wyników działalności naczelnej organizacji ogrodów działkowych — Krajowej Rady POD — za lata 1966—1969, a także podsumowania kampanii sprawozdawczo-wyborczej w ogrodach oraz powiatowych i wojewódzkich zarządach pracowniczych ogrodów działkowych."
7546,"Dokona ona podsumowania wyników działalności naczelnej organizacji ogrodów działkowych — Krajowej Rady POD — za lata 1966—1969, a także podsumowania kampanii sprawozdawczo-wyborczej w ogrodach oraz powiatowych i wojewódzkich zarządach pracowniczych ogrodów działkowych.","Dokonasz ona podsumowania wyników działalności naczelnej organizacji ogrodów działkowych — Krajowej Rady POD — za lata 1966—1969, a także podsumowania kampanii sprawozdawczo-wyborczej w ogrodach oraz powiatowych i wojewódzkich zarządach pracowniczych ogrodów działkowych."
7899,Czy ona sobie poradzi?,Czy ona sobie poradzę?
7899,Czy ona sobie poradzi?,Czy ona sobie poradzisz?
8101,Współcześnie staje się on coraz bardziej potrzebny.,Współcześnie stawam się on coraz bardziej potrzebny.
8101,Współcześnie staje się on coraz bardziej potrzebny.,Współcześnie stawasz się on coraz bardziej potrzebny.
8430,"Ty nawet nie wiesz, jak często się przed tobą wstydzę.","Ty nawet nie wiem, jak często się przed tobą wstydzę."
8430,"Ty nawet nie wiesz, jak często się przed tobą wstydzę.","Ty nawet nie wie, jak często się przed tobą wstydzę."
8606,"Zabezpieczy nas on przed zapachem i co najważniejsze: przelewaniem się paliwa znacznie skuteczniej i bezpieczniej, niż wspomniana szmatka.","Zabezpieczę nas on przed zapachem i co najważniejsze: przelewaniem się paliwa znacznie skuteczniej i bezpieczniej, niż wspomniana szmatka."
8606,"Zabezpieczy nas on przed zapachem i co najważniejsze: przelewaniem się paliwa znacznie skuteczniej i bezpieczniej, niż wspomniana szmatka.","Zabezpieczysz nas on przed zapachem i co najważniejsze: przelewaniem się paliwa znacznie skuteczniej i bezpieczniej, niż wspomniana szmatka."
8671,"Im więcej włoży architekt polski wysiłku w urzeczywistnienie nowej Architektury polskiej, socjalistycznej w treści i narodowej w formie, tym lepiej spełni ona swoje materialne i moralne obowiązki wobec narodu i tym korzystniej rozwinie się on sam, architekt, jako twórca, obywatel i człowiek.","Im więcej włoży architekt polski wysiłku w urzeczywistnienie nowej Architektury polskiej, socjalistycznej w treści i narodowej w formie, tym lepiej spełnisz ona swoje materialne i moralne obowiązki wobec narodu i tym korzystniej rozwinie się on sam, architekt, jako twórca, obywatel i człowiek."
8671,"Im więcej włoży architekt polski wysiłku w urzeczywistnienie nowej Architektury polskiej, socjalistycznej w treści i narodowej w formie, tym lepiej spełni ona swoje materialne i moralne obowiązki wobec narodu i tym korzystniej rozwinie się on sam, architekt, jako twórca, obywatel i człowiek.","Im więcej włoży architekt polski wysiłku w urzeczywistnienie nowej Architektury polskiej, socjalistycznej w treści i narodowej w formie, tym lepiej spełnię ona swoje materialne i moralne obowiązki wobec narodu i tym korzystniej rozwinie się on sam, architekt, jako twórca, obywatel i człowiek."
8902,To właśnie ona przeszkadza talentowi Carda rozkwitnąć w pełni.,To właśnie ona przeszkadzasz talentowi Carda rozkwitnąć w pełni.
8902,To właśnie ona przeszkadza talentowi Carda rozkwitnąć w pełni.,To właśnie ona przeszkadzam talentowi Carda rozkwitnąć w pełni.
9591,"Informuje on sztab o najważniejszych decyzjach dowódcy, a w razie nieobecności dowódcy i jego zastępcy - podejmuje decyzje.","Informujesz on sztab o najważniejszych decyzjach dowódcy, a w razie nieobecności dowódcy i jego zastępcy - podejmuje decyzje."
9591,"Informuje on sztab o najważniejszych decyzjach dowódcy, a w razie nieobecności dowódcy i jego zastępcy - podejmuje decyzje.","Informuję on sztab o najważniejszych decyzjach dowódcy, a w razie nieobecności dowódcy i jego zastępcy - podejmuje decyzje."
9634,"Jest ona teraz właściwie na początku swej drogi i roztacza wspaniałe perspektywy, np. dla diagnostyki przewlekłych chorób o objawach rejestrowalnych dopiero po długim okresie ich rozwoju.","Jesteś ona teraz właściwie na początku swej drogi i roztacza wspaniałe perspektywy, np. dla diagnostyki przewlekłych chorób o objawach rejestrowalnych dopiero po długim okresie ich rozwoju."
9634,"Jest ona teraz właściwie na początku swej drogi i roztacza wspaniałe perspektywy, np. dla diagnostyki przewlekłych chorób o objawach rejestrowalnych dopiero po długim okresie ich rozwoju.","Jestem ona teraz właściwie na początku swej drogi i roztacza wspaniałe perspektywy, np. dla diagnostyki przewlekłych chorób o objawach rejestrowalnych dopiero po długim okresie ich rozwoju."
10079,Znajduje się on w górnych partiach Karkonoszy.,Znajduję się on w górnych partiach Karkonoszy.
10079,Znajduje się on w górnych partiach Karkonoszy.,Znajdujesz się on w górnych partiach Karkonoszy.
10197,- Gdy on mnie nie słucha.,- Gdy on mnie nie słucham.
10197,- Gdy on mnie nie słucha.,- Gdy on mnie nie słuchasz.
10199,"On ma minę jakbym zatruwała mu życie, ja czuję się nierozumiana.","On mam minę jakby m zatruwała mu życie, ja czuję się nierozumiana."
10199,"On ma minę jakbym zatruwała mu życie, ja czuję się nierozumiana.","On masz minę jakby m zatruwała mu życie, ja czuję się nierozumiana."
10216,"Polega ona na tym, by w okresie między 6 - 11 kwietnia 1999 r. powstrzymać się od oglądania telewizji i korzystania z gier komputerowych.","Polegasz ona na tym, by w okresie między 6 - 11 kwietnia 1999 r. powstrzymać się od oglądania telewizji i korzystania z gier komputerowych."
10216,"Polega ona na tym, by w okresie między 6 - 11 kwietnia 1999 r. powstrzymać się od oglądania telewizji i korzystania z gier komputerowych.","Polegam ona na tym, by w okresie między 6 - 11 kwietnia 1999 r. powstrzymać się od oglądania telewizji i korzystania z gier komputerowych."
10565,"On ma na swoim koncie samotne zimowe wejścia na trzy z pięciu wysokich szczytów (Everest, Lhotse i Kangchendzonga).","On masz na swoim koncie samotne zimowe wejścia na trzy z pięciu wysokich szczytów (Everest, Lhotse i Kangchendzonga)."
10565,"On ma na swoim koncie samotne zimowe wejścia na trzy z pięciu wysokich szczytów (Everest, Lhotse i Kangchendzonga).","On mam na swoim koncie samotne zimowe wejścia na trzy z pięciu wysokich szczytów (Everest, Lhotse i Kangchendzonga)."
10610,"5. Ona ćwiczy uda (odwodzenie i przywodzenie), a ty stawiasz jej opór.","5. Ona ćwiczy uda (odwodzenie i przywodzenie), a ty stawia jej opór."
10610,"5. Ona ćwiczy uda (odwodzenie i przywodzenie), a ty stawiasz jej opór.","5. Ona ćwiczy uda (odwodzenie i przywodzenie), a ty stawiam jej opór."
10845,"Nie ma w tym nic nagannego; przeciwnie, gdyby nie ten mechanizm, ludzkość dawno zniknęłaby z powierzchni planety, nie będąc w stanie stworzyć stabilnej grupy umożliwiającej przeżycie we wrogim środowisku.","Nie mam w tym nic nagannego; przeciwnie, gdyby nie ten mechanizm, ludzkość dawno zniknęła by z powierzchni planety, nie będąc w stanie stworzyć stabilnej grupy umożliwiającej przeżycie we wrogim środowisku."
10845,"Nie ma w tym nic nagannego; przeciwnie, gdyby nie ten mechanizm, ludzkość dawno zniknęłaby z powierzchni planety, nie będąc w stanie stworzyć stabilnej grupy umożliwiającej przeżycie we wrogim środowisku.","Nie masz w tym nic nagannego; przeciwnie, gdyby nie ten mechanizm, ludzkość dawno zniknęła by z powierzchni planety, nie będąc w stanie stworzyć stabilnej grupy umożliwiającej przeżycie we wrogim środowisku."
10991,Wyjaśnia on w przystępny sposób tajniki stosowanych w programie konwencji.,Wyjaśniam on w przystępny sposób tajniki stosowanych w programie konwencji.
10991,Wyjaśnia on w przystępny sposób tajniki stosowanych w programie konwencji.,Wyjaśniasz on w przystępny sposób tajniki stosowanych w programie konwencji.
11400,"Ma się ona stać jednym z głównych zastosowań sieci komputerowych, a obecnie korzysta z tego aż 11 mln Amerykanów.","Mam się ona stać jednym z głównych zastosowań sieci komputerowych, a obecnie korzysta z tego aż 11 mln Amerykanów."
11400,"Ma się ona stać jednym z głównych zastosowań sieci komputerowych, a obecnie korzysta z tego aż 11 mln Amerykanów.","Masz się ona stać jednym z głównych zastosowań sieci komputerowych, a obecnie korzysta z tego aż 11 mln Amerykanów."
11559,"Stara się on nauczyć fizyki, nie używając języka matematyki, mówiąc obrazowo - bez wzorów.","Staram się on nauczyć fizyki, nie używając języka matematyki, mówiąc obrazowo - bez wzorów."
11559,"Stara się on nauczyć fizyki, nie używając języka matematyki, mówiąc obrazowo - bez wzorów.","Starasz się on nauczyć fizyki, nie używając języka matematyki, mówiąc obrazowo - bez wzorów."
11998,On również myśli o przyszłości.,On również myślę o przyszłości.
11998,On również myśli o przyszłości.,On również myślisz o przyszłości.
12380,Odbędzie się on w Sali Kongresowej w Warszawie.,Odbędziesz się on w Sali Kongresowej w Warszawie.
12380,Odbędzie się on w Sali Kongresowej w Warszawie.,Odbędę się on w Sali Kongresowej w Warszawie.
12453,"Obecnie ze względu na zbyt dużą głębokość rowu liczy on zarówno oczyszczone, jak i nieoczyszczone ścieki.","Obecnie ze względu na zbyt dużą głębokość rowu liczysz on zarówno oczyszczone, jak i nieoczyszczone ścieki."
12453,"Obecnie ze względu na zbyt dużą głębokość rowu liczy on zarówno oczyszczone, jak i nieoczyszczone ścieki.","Obecnie ze względu na zbyt dużą głębokość rowu liczę on zarówno oczyszczone, jak i nieoczyszczone ścieki."
12589,Ostatecznie ma on stanąć w Popielowie.,Ostatecznie masz on stanąć w Popielowie.
12589,Ostatecznie ma on stanąć w Popielowie.,Ostatecznie mam on stanąć w Popielowie.
12786,Zmienia ona sposób wyboru przewodniczącego KRRiT.,Zmieniasz ona sposób wyboru przewodniczącego KRRiT.
12786,Zmienia ona sposób wyboru przewodniczącego KRRiT.,Zmieniam ona sposób wyboru przewodniczącego KRRiT.
13333,Dziś ani przez długi weekend zapewne nic się nie wydarzy.,Dziś ani przez długi weekend zapewne nic się nie wydarzysz.
13333,Dziś ani przez długi weekend zapewne nic się nie wydarzy.,Dziś ani przez długi weekend zapewne nic się nie wydarzę.
13344,On interpretuje prawo na swój sposób.,On interpretujesz prawo na swój sposób.
13344,On interpretuje prawo na swój sposób.,On interpretuję prawo na swój sposób.
13403,"Ma on działać w oparciu o wydzielone przez Agencję Własności Rolnej Skarbu Państwa grunty i budynki, które będą użytkować realizujące program firmy.","Masz on działać w oparciu o wydzielone przez Agencję Własności Rolnej Skarbu Państwa grunty i budynki, które będą użytkować realizujące program firmy."
13403,"Ma on działać w oparciu o wydzielone przez Agencję Własności Rolnej Skarbu Państwa grunty i budynki, które będą użytkować realizujące program firmy.","Mam on działać w oparciu o wydzielone przez Agencję Własności Rolnej Skarbu Państwa grunty i budynki, które będą użytkować realizujące program firmy."
13469,A jest ich w ciągu roku kilkadziesiąt.,A jesteś ich w ciągu roku kilkadziesiąt.
13469,A jest ich w ciągu roku kilkadziesiąt.,A jestem ich w ciągu roku kilkadziesiąt.
13625,"Jak już sprawny nadzwyczaj zespół prokuratorów znajdzie sprawców katastrofy w Katowicach i zażąda ich powieszenia, to może ktoś z obecnych władz odpowie, dlaczego do tego czasu nic nie zrobiono.","Jak już sprawny nadzwyczaj zespół prokuratorów znajdzie sprawców katastrofy w Katowicach i zażąda ich powieszenia, to może ktoś z obecnych władz odpowiem, dlaczego do tego czasu nic nie zrobiono."
13625,"Jak już sprawny nadzwyczaj zespół prokuratorów znajdzie sprawców katastrofy w Katowicach i zażąda ich powieszenia, to może ktoś z obecnych władz odpowie, dlaczego do tego czasu nic nie zrobiono.","Jak już sprawny nadzwyczaj zespół prokuratorów znajdzie sprawców katastrofy w Katowicach i zażąda ich powieszenia, to może ktoś z obecnych władz odpowiesz, dlaczego do tego czasu nic nie zrobiono."
13692,"Oznacza ona, że ten Sejm nie zdąży przyjąć ustawy budżetowej.","Oznaczam ona, że ten Sejm nie zdąży przyjąć ustawy budżetowej."
13692,"Oznacza ona, że ten Sejm nie zdąży przyjąć ustawy budżetowej.","Oznaczasz ona, że ten Sejm nie zdąży przyjąć ustawy budżetowej."
13824,"Choć miały być one znane do końca zeszłego roku, z powodu zamieszania jakie wprowadził resort edukacji, nie ma ich do dziś.","Choć miały być one znane do końca zeszłego roku, z powodu zamieszania jakie wprowadził resort edukacji, nie masz ich do dziś."
13824,"Choć miały być one znane do końca zeszłego roku, z powodu zamieszania jakie wprowadził resort edukacji, nie ma ich do dziś.","Choć miały być one znane do końca zeszłego roku, z powodu zamieszania jakie wprowadził resort edukacji, nie mam ich do dziś."
13955,"Podpisuje się on jako ""Płk B."".","Podpisuję się on jako ""Płk B.""."
13955,"Podpisuje się on jako ""Płk B."".","Podpisujesz się on jako ""Płk B.""."
14346,"Według agentów nieruchomości i developerów to, że ktoś znany zbuduje sobie dom w okolicy, nie wpływa wcale na wzrost zainteresowania nią.","Według agentów nieruchomości i developerów to, że ktoś znany zbuduje sobie dom w okolicy, nie wpływasz wcale na wzrost zainteresowania nią."
14346,"Według agentów nieruchomości i developerów to, że ktoś znany zbuduje sobie dom w okolicy, nie wpływa wcale na wzrost zainteresowania nią.","Według agentów nieruchomości i developerów to, że ktoś znany zbuduje sobie dom w okolicy, nie wpływam wcale na wzrost zainteresowania nią."
15000,"To, że jakaś spółka jest zalana, nie ma wpływu na jej wartość rynkową, ponieważ tę ustalali studenci.","To, że jakaś spółka jest zalana, nie masz wpływu na jej wartość rynkową, ponieważ tę ustalali studenci."
15000,"To, że jakaś spółka jest zalana, nie ma wpływu na jej wartość rynkową, ponieważ tę ustalali studenci.","To, że jakaś spółka jest zalana, nie mam wpływu na jej wartość rynkową, ponieważ tę ustalali studenci."
15219,"Nie ma nic lepszego niż zdrowy, spokojny sen.","Nie mam nic lepszego niż zdrowy, spokojny sen."
15219,"Nie ma nic lepszego niż zdrowy, spokojny sen.","Nie masz nic lepszego niż zdrowy, spokojny sen."
15294,Ktoś inny w złości kopie ławkę i rzuca głośno soczyste przekleństwa.,Ktoś inny w złości kopiesz ławkę i rzuca głośno soczyste przekleństwa.
15294,Ktoś inny w złości kopie ławkę i rzuca głośno soczyste przekleństwa.,Ktoś inny w złości kopię ławkę i rzuca głośno soczyste przekleństwa.
15325,"- Nie ma ich wielu, ale jeżeli miałbym kogoś wymienić, to największym jest Ingemar Stenmark.","- Nie mam ich wielu, ale jeżeli miał by m kogoś wymienić, to największym jest Ingemar Stenmark."
15325,"- Nie ma ich wielu, ale jeżeli miałbym kogoś wymienić, to największym jest Ingemar Stenmark.","- Nie masz ich wielu, ale jeżeli miał by m kogoś wymienić, to największym jest Ingemar Stenmark."
15848,"Zgodnie z art. 8 statutu MFW oznacza ona: swobodę transakcji bieżących; ujednolicenie kursów kantorowego i oficjalnego; zakaz uczestniczenia w organizacjach, które dyskryminują waluty innych państw.","Zgodnie z art. 8 statutu MFW oznaczasz ona: swobodę transakcji bieżących; ujednolicenie kursów kantorowego i oficjalnego; zakaz uczestniczenia w organizacjach, które dyskryminują waluty innych państw."
15848,"Zgodnie z art. 8 statutu MFW oznacza ona: swobodę transakcji bieżących; ujednolicenie kursów kantorowego i oficjalnego; zakaz uczestniczenia w organizacjach, które dyskryminują waluty innych państw.","Zgodnie z art. 8 statutu MFW oznaczam ona: swobodę transakcji bieżących; ujednolicenie kursów kantorowego i oficjalnego; zakaz uczestniczenia w organizacjach, które dyskryminują waluty innych państw."
16938,"Teraz rozpoczyna on zgrupowanie w Szklarskiej Porębie, na którym będzie się przygotowywał do mistrzostw Polski w maratonie, które 15 kwietnia odbędą się w Dębnie.","Teraz rozpoczynam on zgrupowanie w Szklarskiej Porębie, na którym będzie się przygotowywał do mistrzostw Polski w maratonie, które 15 kwietnia odbędą się w Dębnie."
16938,"Teraz rozpoczyna on zgrupowanie w Szklarskiej Porębie, na którym będzie się przygotowywał do mistrzostw Polski w maratonie, które 15 kwietnia odbędą się w Dębnie.","Teraz rozpoczynasz on zgrupowanie w Szklarskiej Porębie, na którym będzie się przygotowywał do mistrzostw Polski w maratonie, które 15 kwietnia odbędą się w Dębnie."
17276,"Łączy się ona z otwartą dyskusją, z walką polityczną.","Łączysz się ona z otwartą dyskusją, z walką polityczną."
17276,"Łączy się ona z otwartą dyskusją, z walką polityczną.","Łączę się ona z otwartą dyskusją, z walką polityczną."
17962,"Uważa ona, że błaha w gruncie rzeczy sprawa jest wyolbrzymiana przez media.","Uważasz ona, że błaha w gruncie rzeczy sprawa jest wyolbrzymiana przez media."
17962,"Uważa ona, że błaha w gruncie rzeczy sprawa jest wyolbrzymiana przez media.","Uważam ona, że błaha w gruncie rzeczy sprawa jest wyolbrzymiana przez media."
18281,"Realizuje ono wśród młodzieży w całym kraju program profilaktyki, który uzyskał akceptację Państwowej Agencji Rozwiązywania Problemów Alkoholowych.","Realizujesz ono wśród młodzieży w całym kraju program profilaktyki, który uzyskał akceptację Państwowej Agencji Rozwiązywania Problemów Alkoholowych."
18281,"Realizuje ono wśród młodzieży w całym kraju program profilaktyki, który uzyskał akceptację Państwowej Agencji Rozwiązywania Problemów Alkoholowych.","Realizuję ono wśród młodzieży w całym kraju program profilaktyki, który uzyskał akceptację Państwowej Agencji Rozwiązywania Problemów Alkoholowych."
18697,Daje on młodym ludziom szansę wykazania się umiejętnościami organizatorskimi.,Dajesz on młodym ludziom szansę wykazania się umiejętnościami organizatorskimi.
18697,Daje on młodym ludziom szansę wykazania się umiejętnościami organizatorskimi.,Daję on młodym ludziom szansę wykazania się umiejętnościami organizatorskimi.
18856,Ułatwi ona włączenie się do ruchu jadącym z Koziegłów do Poznania.,Ułatwię ona włączenie się do ruchu jadącym z Koziegłów do Poznania.
18856,Ułatwi ona włączenie się do ruchu jadącym z Koziegłów do Poznania.,Ułatwisz ona włączenie się do ruchu jadącym z Koziegłów do Poznania.
19061,"Powoduje on, że z Internetem łączymy się nie poprzez numer 0-20-21-22, lecz rozpoczynający się od 0-700.","Powodujesz on, że z Internetem łączymy się nie poprzez numer 0-20-21-22, lecz rozpoczynający się od 0-700."
19061,"Powoduje on, że z Internetem łączymy się nie poprzez numer 0-20-21-22, lecz rozpoczynający się od 0-700.","Powoduję on, że z Internetem łączymy się nie poprzez numer 0-20-21-22, lecz rozpoczynający się od 0-700."
19117,Świadczy on o wysokim poziomie obsługi mieszkańców.,Świadczysz on o wysokim poziomie obsługi mieszkańców.
19117,Świadczy on o wysokim poziomie obsługi mieszkańców.,Świadczę on o wysokim poziomie obsługi mieszkańców.
19244,"Przewiduje on wynajęcie firm zewnętrznych, które zajmą się utrzymaniem sieci abonenckiej TP SA.","Przewidujesz on wynajęcie firm zewnętrznych, które zajmą się utrzymaniem sieci abonenckiej TP SA."
19244,"Przewiduje on wynajęcie firm zewnętrznych, które zajmą się utrzymaniem sieci abonenckiej TP SA.","Przewiduję on wynajęcie firm zewnętrznych, które zajmą się utrzymaniem sieci abonenckiej TP SA."
19412,"Według gen. Sławomira Petelickiego, byłego dowódcy tej elitarnej jednostki, oczyszcza on ostatecznie dowództwo GROM z zarzutu doprowadzenia do nadużyć finansowych.","Według gen. Sławomira Petelickiego, byłego dowódcy tej elitarnej jednostki, oczyszczam on ostatecznie dowództwo GROM z zarzutu doprowadzenia do nadużyć finansowych."
19412,"Według gen. Sławomira Petelickiego, byłego dowódcy tej elitarnej jednostki, oczyszcza on ostatecznie dowództwo GROM z zarzutu doprowadzenia do nadużyć finansowych.","Według gen. Sławomira Petelickiego, byłego dowódcy tej elitarnej jednostki, oczyszczasz on ostatecznie dowództwo GROM z zarzutu doprowadzenia do nadużyć finansowych."
20055,Potrwa on dwa dni.,Potrwam on dwa dni.
20055,Potrwa on dwa dni.,Potrwasz on dwa dni.
20115,W przyszłości ma być ona integralną częścią planowanej obwodnicy miejskiej - ul. Aglomeracyjnej.,W przyszłości mam być ona integralną częścią planowanej obwodnicy miejskiej - ul. Aglomeracyjnej.
20115,W przyszłości ma być ona integralną częścią planowanej obwodnicy miejskiej - ul. Aglomeracyjnej.,W przyszłości masz być ona integralną częścią planowanej obwodnicy miejskiej - ul. Aglomeracyjnej.
20210,Nikogo nie dziwi widok ludzi dźwigających plastikowe butle i kanistry napełnione w tutejszym zdroju.,Nikogo nie dziwię widok ludzi dźwigających plastikowe butle i kanistry napełnione w tutejszym zdroju.
20210,Nikogo nie dziwi widok ludzi dźwigających plastikowe butle i kanistry napełnione w tutejszym zdroju.,Nikogo nie dziwisz widok ludzi dźwigających plastikowe butle i kanistry napełnione w tutejszym zdroju.
20492,"Podkreśla on, że są konieczne dalsze wszechstronne badania nad wpływem witamin na stan zdrowia ludzi.","Podkreślam on, że są konieczne dalsze wszechstronne badania nad wpływem witamin na stan zdrowia ludzi."
20492,"Podkreśla on, że są konieczne dalsze wszechstronne badania nad wpływem witamin na stan zdrowia ludzi.","Podkreślasz on, że są konieczne dalsze wszechstronne badania nad wpływem witamin na stan zdrowia ludzi."
20517,"Polega ona na całodobowej adoracji Najświętszego Sakramentu, kolejno w różnych parafiach naszej Ojczyzny.","Polegasz ona na całodobowej adoracji Najświętszego Sakramentu, kolejno w różnych parafiach naszej Ojczyzny."
20517,"Polega ona na całodobowej adoracji Najświętszego Sakramentu, kolejno w różnych parafiach naszej Ojczyzny.","Polegam ona na całodobowej adoracji Najświętszego Sakramentu, kolejno w różnych parafiach naszej Ojczyzny."
20665,U dorosłych przeciwdziała on również zawałowi serca.,U dorosłych przeciwdziałasz on również zawałowi serca.
20665,U dorosłych przeciwdziała on również zawałowi serca.,U dorosłych przeciwdziałam on również zawałowi serca.
20797,"Zakłada ona, że obywatele polscy będą mogli przebywać w Izraelu bez wizy do trzech miesięcy i że takie samo prawo w odniesieniu do pobytu w Polsce będą mieli obywatele Izraela.","Zakładasz ona, że obywatele polscy będą mogli przebywać w Izraelu bez wizy do trzech miesięcy i że takie samo prawo w odniesieniu do pobytu w Polsce będą mieli obywatele Izraela."
20797,"Zakłada ona, że obywatele polscy będą mogli przebywać w Izraelu bez wizy do trzech miesięcy i że takie samo prawo w odniesieniu do pobytu w Polsce będą mieli obywatele Izraela.","Zakładam ona, że obywatele polscy będą mogli przebywać w Izraelu bez wizy do trzech miesięcy i że takie samo prawo w odniesieniu do pobytu w Polsce będą mieli obywatele Izraela."
20958,W tym roku zapowiada się on wyjątkowo atrakcyjnie.,W tym roku zapowiadam się on wyjątkowo atrakcyjnie.
20958,W tym roku zapowiada się on wyjątkowo atrakcyjnie.,W tym roku zapowiadasz się on wyjątkowo atrakcyjnie.
21349,Pracując w urzędzie otrzyma on bowiem odpowiednie wynagrodzenie.,Pracując w urzędzie otrzymasz on bowiem odpowiednie wynagrodzenie.
21349,Pracując w urzędzie otrzyma on bowiem odpowiednie wynagrodzenie.,Pracując w urzędzie otrzymam on bowiem odpowiednie wynagrodzenie.
21488,"Składa się on z kilku elementów: radaru, centrum zarządzania bojowego, kontroli, łączności i wywiadu oraz wyrzutni i pocisków rakietowych.","Składasz się on z kilku elementów: radaru, centrum zarządzania bojowego, kontroli, łączności i wywiadu oraz wyrzutni i pocisków rakietowych."
21488,"Składa się on z kilku elementów: radaru, centrum zarządzania bojowego, kontroli, łączności i wywiadu oraz wyrzutni i pocisków rakietowych.","Składam się on z kilku elementów: radaru, centrum zarządzania bojowego, kontroli, łączności i wywiadu oraz wyrzutni i pocisków rakietowych."
21490,Pozwoli on zestrzeliwać rakiety w atmosferze oraz poza nią.,Pozwolisz on zestrzeliwać rakiety w atmosferze oraz poza nią.
21490,Pozwoli on zestrzeliwać rakiety w atmosferze oraz poza nią.,Pozwolę on zestrzeliwać rakiety w atmosferze oraz poza nią.
21604,"Sprawdza ona, czy były szef gdańskiego UOP dzięki fałszerstwu doprowadził do procesu w sprawie zniknięcia tzw. teczki ""Bolka"".","Sprawdzam ona, czy były szef gdańskiego UOP dzięki fałszerstwu doprowadził do procesu w sprawie zniknięcia tzw. teczki ""Bolka""."
21604,"Sprawdza ona, czy były szef gdańskiego UOP dzięki fałszerstwu doprowadził do procesu w sprawie zniknięcia tzw. teczki ""Bolka"".","Sprawdzasz ona, czy były szef gdańskiego UOP dzięki fałszerstwu doprowadził do procesu w sprawie zniknięcia tzw. teczki ""Bolka""."
22336,Odbędzie się on w Warszawie 4 października.,Odbędziesz się on w Warszawie 4 października.
22336,Odbędzie się on w Warszawie 4 października.,Odbędę się on w Warszawie 4 października.
22807,"Odkąd walczę ze starą, on głównie mnie utrzymuje.","Odkąd walczę ze starą, on głównie mnie utrzymuję."
22807,"Odkąd walczę ze starą, on głównie mnie utrzymuje.","Odkąd walczę ze starą, on głównie mnie utrzymujesz."
22967,Także on może wkroczyć na drogę łatwych związków.,Także on mogę wkroczyć na drogę łatwych związków.
22967,Także on może wkroczyć na drogę łatwych związków.,Także on możesz wkroczyć na drogę łatwych związków.
22988,"Ja, apostoł Szymon, wierny sługa ukochanego ojca naszego, proroka Ilii, oznajmiam wam, ludy świata, ludzie ruscy, polscy, niemieccy: prorok Ilia przyszedł do wdowy Polski i osiedlił się nad ruczajem, jak i stary prorok biblijny, żeby głosić wieść najdroższą, wieść o dniach ostatnich i nastaniu królestwa Bożego na ziemi.","Ja, apostoł Szymon, wierny sługa ukochanego ojca naszego, proroka Ilii, oznajmia wam, ludy świata, ludzie ruscy, polscy, niemieccy: prorok Ilia przyszedł do wdowy Polski i osiedlił się nad ruczajem, jak i stary prorok biblijny, żeby głosić wieść najdroższą, wieść o dniach ostatnich i nastaniu królestwa Bożego na ziemi."
22988,"Ja, apostoł Szymon, wierny sługa ukochanego ojca naszego, proroka Ilii, oznajmiam wam, ludy świata, ludzie ruscy, polscy, niemieccy: prorok Ilia przyszedł do wdowy Polski i osiedlił się nad ruczajem, jak i stary prorok biblijny, żeby głosić wieść najdroższą, wieść o dniach ostatnich i nastaniu królestwa Bożego na ziemi.","Ja, apostoł Szymon, wierny sługa ukochanego ojca naszego, proroka Ilii, oznajmiasz wam, ludy świata, ludzie ruscy, polscy, niemieccy: prorok Ilia przyszedł do wdowy Polski i osiedlił się nad ruczajem, jak i stary prorok biblijny, żeby głosić wieść najdroższą, wieść o dniach ostatnich i nastaniu królestwa Bożego na ziemi."
23067,"Skoro Mojżesz mógł wybłagać strawę dla marnej bandy koczowników, jakie bogactwa dla wszystkich ludów Ziemi możesz wybłagać Ty!","Skoro Mojżesz mógł wybłagać strawę dla marnej bandy koczowników, jakie bogactwa dla wszystkich ludów Ziemi mogę wybłagać Ty!"
23067,"Skoro Mojżesz mógł wybłagać strawę dla marnej bandy koczowników, jakie bogactwa dla wszystkich ludów Ziemi możesz wybłagać Ty!","Skoro Mojżesz mógł wybłagać strawę dla marnej bandy koczowników, jakie bogactwa dla wszystkich ludów Ziemi może wybłagać Ty!"
23278,"- A ty, jak ci na imię, klawy jesteś!","- A ty, jak ci na imię, klawy jest!"
23278,"- A ty, jak ci na imię, klawy jesteś!","- A ty, jak ci na imię, klawy jestem!"
23688,"On sam drukuje recenzje o kimś, kto napisał o tym, co pisał ten stary, no, na A, zaraz, Arystoteles.","On sam drukuję recenzje o kimś, kto napisał o tym, co pisał ten stary, no, na A, zaraz, Arystoteles."
23688,"On sam drukuje recenzje o kimś, kto napisał o tym, co pisał ten stary, no, na A, zaraz, Arystoteles.","On sam drukujesz recenzje o kimś, kto napisał o tym, co pisał ten stary, no, na A, zaraz, Arystoteles."
23977,"Ty jutro wyjeżdżasz, ja tu zostaję.","Ty jutro wyjeżdżam, ja tu zostaję."
23977,"Ty jutro wyjeżdżasz, ja tu zostaję.","Ty jutro wyjeżdża, ja tu zostaję."
24069,- Ale ty w Boga nie wierzysz.,- Ale ty w Boga nie wierzę.
24069,- Ale ty w Boga nie wierzysz.,- Ale ty w Boga nie wierzy.
24420,W takim razie ja też postawię warunek...,W takim razie ja też postawi warunek...
24420,W takim razie ja też postawię warunek...,W takim razie ja też postawisz warunek...
24538,"Ale ona szamoce się, wyrywa.","Ale ona szamoczę się, wyrywa."
24538,"Ale ona szamoce się, wyrywa.","Ale ona szamoczesz się, wyrywa."
24642,"Nim Marcin odejdzie, dzieje się coś dziwnego.","Nim Marcin odejdzie, dziejesz się coś dziwnego."
24642,"Nim Marcin odejdzie, dzieje się coś dziwnego.","Nim Marcin odejdzie, dzieję się coś dziwnego."
24720,- I ja go kocham.,- I ja go kocha.
24720,- I ja go kocham.,- I ja go kochasz.
24745,"- Ty nie śpisz, Arielu.","- Ty nie śpi, Arielu."
24745,"- Ty nie śpisz, Arielu.","- Ty nie śpię, Arielu."
25311,Nie stanie się nam nic złego.,Nie stanę się nam nic złego.
25311,Nie stanie się nam nic złego.,Nie staniesz się nam nic złego.
25345,"O, Rurka, ty już nie masz lotów!","O, Rurka, ty już nie mam lotów!"
25345,"O, Rurka, ty już nie masz lotów!","O, Rurka, ty już nie ma lotów!"
25369,Teraz to ja załatwię go już!,Teraz to ja załatwisz go już!
25369,Teraz to ja załatwię go już!,Teraz to ja załatwi go już!
25406,- A ja w to nie wierzę.,- A ja w to nie wierzysz.
25406,- A ja w to nie wierzę.,- A ja w to nie wierzy.
25808,- A on czego tu łapę pcha?,- A on czego tu łapę pcham?
25808,- A on czego tu łapę pcha?,- A on czego tu łapę pchasz?
25933,Wszystko dzieje się za sprawą wichru...,Wszystko dzieję się za sprawą wichru...
25933,Wszystko dzieje się za sprawą wichru...,Wszystko dziejesz się za sprawą wichru...
25936,Wszystko dzieje się za sprawą wichru.,Wszystko dzieję się za sprawą wichru.
25936,Wszystko dzieje się za sprawą wichru.,Wszystko dziejesz się za sprawą wichru.
25938,A on - marzy i milczy.,A on - marzę i milczy.
25938,A on - marzy i milczy.,A on - marzysz i milczy.
26429,"""Co on robi?","""Co on robisz?"
26429,"""Co on robi?","""Co on robię?"
26874,"Ja klękam, uklęknijcie ze mną...","Ja klękasz, uklęknijcie ze mną..."
26874,"Ja klękam, uklęknijcie ze mną...","Ja klęka, uklęknijcie ze mną..."
26899,- A ja się uczę.,- A ja się uczysz.
26899,- A ja się uczę.,- A ja się uczy.
27457,- Jest tam kto?,- Jestem tam kto?
27457,- Jest tam kto?,- Jesteś tam kto?
27466,- Nie ma go...,- Nie mam go...
27466,- Nie ma go...,- Nie masz go...
27599,"- A my ""niech żyje!""","- A my ""niech żyjesz!"""
27599,"- A my ""niech żyje!""","- A my ""niech żyję!"""
27751,"- A ty skąd wiesz, jak koniak smakuje?","- A ty skąd wiem, jak koniak smakuje?"
27751,"- A ty skąd wiesz, jak koniak smakuje?","- A ty skąd wie, jak koniak smakuje?"
27828,W sztuce nie ma nic bardziej żywotnego od martwej natury przedmiotów.,W sztuce nie mam nic bardziej żywotnego od martwej natury przedmiotów.
27828,W sztuce nie ma nic bardziej żywotnego od martwej natury przedmiotów.,W sztuce nie masz nic bardziej żywotnego od martwej natury przedmiotów.
27836,A ona stoi tuż przy mnie.,A ona stoisz tuż przy mnie.
27836,A ona stoi tuż przy mnie.,A ona stoję tuż przy mnie.
28147,Nie ma nic gorszego niż deszcz i mgła.,Nie masz nic gorszego niż deszcz i mgła.
28147,Nie ma nic gorszego niż deszcz i mgła.,Nie mam nic gorszego niż deszcz i mgła.
28149,"W pogodę deszczową, we mgle, wszystko wygląda inaczej.","W pogodę deszczową, we mgle, wszystko wyglądam inaczej."
28149,"W pogodę deszczową, we mgle, wszystko wygląda inaczej.","W pogodę deszczową, we mgle, wszystko wyglądasz inaczej."
28178,Nic nie wychodzi.,Nic nie wychodzę.
28178,Nic nie wychodzi.,Nic nie wychodzisz.
28220,"- O, ty też masz karaluchy.","- O, ty też mam karaluchy."
28220,"- O, ty też masz karaluchy.","- O, ty też ma karaluchy."
28454,"Dziś poza nimi, ojcem i synem, i poza mną... chyba nikt nie wie o tamtej tragedii.","Dziś poza nimi, ojcem i synem, i poza mną... chyba nikt nie wiesz o tamtej tragedii."
28454,"Dziś poza nimi, ojcem i synem, i poza mną... chyba nikt nie wie o tamtej tragedii.","Dziś poza nimi, ojcem i synem, i poza mną... chyba nikt nie wiem o tamtej tragedii."
28831,"""Nikogo nie ma.","""Nikogo nie masz."
28831,"""Nikogo nie ma.","""Nikogo nie mam."
28889,A ty przecież zwykły nie jesteś.,A ty przecież zwykły nie jestem.
28889,A ty przecież zwykły nie jesteś.,A ty przecież zwykły nie jest.
29042,"Ty, jasna rzecz, umiesz przepowiadać trafnie.","Ty, jasna rzecz, umiem przepowiadać trafnie."
29042,"Ty, jasna rzecz, umiesz przepowiadać trafnie.","Ty, jasna rzecz, umie przepowiadać trafnie."
29044,"Ja, drogi Geralcie, umiem sporo i wiem sporo.","Ja, drogi Geralcie, umie sporo i wiem sporo."
29044,"Ja, drogi Geralcie, umiem sporo i wiem sporo.","Ja, drogi Geralcie, umiesz sporo i wiem sporo."
29632,"On mnie lubi, mówi, że jedyna porządna kurwa w mieście jestem.","On mnie lubisz, mówi, że jedyna porządna kurwa w mieście jestem."
29632,"On mnie lubi, mówi, że jedyna porządna kurwa w mieście jestem.","On mnie lubię, mówi, że jedyna porządna kurwa w mieście jestem."
29682,On chce - pokazał palcem na Meinerera - zatrudnić kabalistę!,On chcesz - pokazał palcem na Meinerera - zatrudnić kabalistę!
29682,On chce - pokazał palcem na Meinerera - zatrudnić kabalistę!,On chcę - pokazał palcem na Meinerera - zatrudnić kabalistę!
29824,Tam ma nie być nikogo oprócz nas!,Tam mam nie być nikogo oprócz nas!
29824,Tam ma nie być nikogo oprócz nas!,Tam masz nie być nikogo oprócz nas!
29889,Czy w tej drugiej części domu nikt nie mieszka?,Czy w tej drugiej części domu nikt nie mieszkam?
29889,Czy w tej drugiej części domu nikt nie mieszka?,Czy w tej drugiej części domu nikt nie mieszkasz?
29893,Na razie nikt tu nie mieszka.,Na razie nikt tu nie mieszkam.
29893,Na razie nikt tu nie mieszka.,Na razie nikt tu nie mieszkasz.
30387,- Czy on się domyśla?,- Czy on się domyślam?
30387,- Czy on się domyśla?,- Czy on się domyślasz?
30529,"- Tato, tam coś leci po kaloryferze...","- Tato, tam coś lecę po kaloryferze..."
30529,"- Tato, tam coś leci po kaloryferze...","- Tato, tam coś lecisz po kaloryferze..."
30710,"Jeśli siły inwazorów i obrońców twierdzy księżycowej są z grubsza równe, nikt nie może w pełni opanować trabanta.","Jeśli siły inwazorów i obrońców twierdzy księżycowej są z grubsza równe, nikt nie możesz w pełni opanować trabanta."
30710,"Jeśli siły inwazorów i obrońców twierdzy księżycowej są z grubsza równe, nikt nie może w pełni opanować trabanta.","Jeśli siły inwazorów i obrońców twierdzy księżycowej są z grubsza równe, nikt nie mogę w pełni opanować trabanta."
30889,Przede wszystkim kreuje on wartości estetyczne.,Przede wszystkim kreujesz on wartości estetyczne.
30889,Przede wszystkim kreuje on wartości estetyczne.,Przede wszystkim kreuję on wartości estetyczne.
30911,Natomiast dziś w Konstancinie nic takiego nie ma już miejsca.,Natomiast dziś w Konstancinie nic takiego nie mam już miejsca.
30911,Natomiast dziś w Konstancinie nic takiego nie ma już miejsca.,Natomiast dziś w Konstancinie nic takiego nie masz już miejsca.
31138,"Tylko ktoś zupełnie wyjątkowy może tak szaleć, tak śpiewać i ten ktoś wymyka jej się spod kontroli, zwraca przeciwko niej samej, jakby od początku o to chodziło.","Tylko ktoś zupełnie wyjątkowy możesz tak szaleć, tak śpiewać i ten ktoś wymyka jej się spod kontroli, zwraca przeciwko niej samej, jakby od początku o to chodziło."
31138,"Tylko ktoś zupełnie wyjątkowy może tak szaleć, tak śpiewać i ten ktoś wymyka jej się spod kontroli, zwraca przeciwko niej samej, jakby od początku o to chodziło.","Tylko ktoś zupełnie wyjątkowy mogę tak szaleć, tak śpiewać i ten ktoś wymyka jej się spod kontroli, zwraca przeciwko niej samej, jakby od początku o to chodziło."
31214,"Teraz to wszystko staje się naprawdę, doczekał się Stefan Chmura Piaskowej Góry.","Teraz to wszystko stawasz się naprawdę, doczekał się Stefan Chmura Piaskowej Góry."
31214,"Teraz to wszystko staje się naprawdę, doczekał się Stefan Chmura Piaskowej Góry.","Teraz to wszystko stawam się naprawdę, doczekał się Stefan Chmura Piaskowej Góry."
31237,"Ona jednak zadba o to, by kolejne okazje do poniżenia i wywyższenia zdarzały się przynajmniej raz w tygodniu, i da Zbyszkowi do zrozumienia, co może stracić w jej osobie.","Ona jednak zadbam o to, by kolejne okazje do poniżenia i wywyższenia zdarzały się przynajmniej raz w tygodniu, i da Zbyszkowi do zrozumienia, co może stracić w jej osobie."
31237,"Ona jednak zadba o to, by kolejne okazje do poniżenia i wywyższenia zdarzały się przynajmniej raz w tygodniu, i da Zbyszkowi do zrozumienia, co może stracić w jej osobie.","Ona jednak zadbasz o to, by kolejne okazje do poniżenia i wywyższenia zdarzały się przynajmniej raz w tygodniu, i da Zbyszkowi do zrozumienia, co może stracić w jej osobie."
31274,"Ona należy do polskiego kontrwywiadu, który na warszawskiej giełdzie trzepie taką kasę, że można by nią nakarmić niejedno ministerstwo z wiecznie głodnymi przyległościami.","Ona należysz do polskiego kontrwywiadu, który na warszawskiej giełdzie trzepie taką kasę, że można by nią nakarmić niejedno ministerstwo z wiecznie głodnymi przyległościami."
31274,"Ona należy do polskiego kontrwywiadu, który na warszawskiej giełdzie trzepie taką kasę, że można by nią nakarmić niejedno ministerstwo z wiecznie głodnymi przyległościami.","Ona należę do polskiego kontrwywiadu, który na warszawskiej giełdzie trzepie taką kasę, że można by nią nakarmić niejedno ministerstwo z wiecznie głodnymi przyległościami."
32042,"O tym szefostwo nigdy się nie dowie, już on się o to postara.","O tym szefostwo nigdy się nie dowiem, już on się o to postara."
32042,"O tym szefostwo nigdy się nie dowie, już on się o to postara.","O tym szefostwo nigdy się nie dowiesz, już on się o to postara."
32424,– A ty wyglądasz na bardzo zadowolonego z siebie.,– A ty wygląda na bardzo zadowolonego z siebie.
32424,– A ty wyglądasz na bardzo zadowolonego z siebie.,– A ty wyglądam na bardzo zadowolonego z siebie.
33120,- I nikt nie zginie?,- I nikt nie zginę?
33120,- I nikt nie zginie?,- I nikt nie zginiesz?
33363,"On robi to, co mu się podoba, i z nikim się nie liczy.","On robię to, co mu się podoba, i z nikim się nie liczy."
33363,"On robi to, co mu się podoba, i z nikim się nie liczy.","On robisz to, co mu się podoba, i z nikim się nie liczy."
33507,Nikt tam nie zagląda.,Nikt tam nie zaglądam.
33507,Nikt tam nie zagląda.,Nikt tam nie zaglądasz.
33572,– Ale ja jeszcze nie chcę.,– Ale ja jeszcze nie chce.
33572,– Ale ja jeszcze nie chcę.,– Ale ja jeszcze nie chcesz.
33984,"– Czy ty mnie w ogóle kochasz? – pyta ona, uważnie przyglądając się jego twarzy.","– Czy ty mnie w ogóle kochasz? – pytam ona, uważnie przyglądając się jego twarzy."
33984,"– Czy ty mnie w ogóle kochasz? – pyta ona, uważnie przyglądając się jego twarzy.","– Czy ty mnie w ogóle kochasz? – pytasz ona, uważnie przyglądając się jego twarzy."
34035,"Coś animalnego w niej jest, podkreślonego jeszcze przez wyzierający z oczu strach.","Coś animalnego w niej jestem, podkreślonego jeszcze przez wyzierający z oczu strach."
34035,"Coś animalnego w niej jest, podkreślonego jeszcze przez wyzierający z oczu strach.","Coś animalnego w niej jesteś, podkreślonego jeszcze przez wyzierający z oczu strach."
34195,A właściwie dlaczego jej tutaj nie ma?,A właściwie dlaczego jej tutaj nie mam?
34195,A właściwie dlaczego jej tutaj nie ma?,A właściwie dlaczego jej tutaj nie masz?
34229,Nikt nie lubi spowiadać się u niego.,Nikt nie lubię spowiadać się u niego.
34229,Nikt nie lubi spowiadać się u niego.,Nikt nie lubisz spowiadać się u niego.
34556,"On wydobędzie od pana informację, która pomoże Mühlhausowi ująć mordercę.","On wydobędziesz od pana informację, która pomoże Mühlhausowi ująć mordercę."
34556,"On wydobędzie od pana informację, która pomoże Mühlhausowi ująć mordercę.","On wydobędę od pana informację, która pomoże Mühlhausowi ująć mordercę."
34731,Wszystko zaczyna się nieźle układać.,Wszystko zaczynasz się nieźle układać.
34731,Wszystko zaczyna się nieźle układać.,Wszystko zaczynam się nieźle układać.
34842,"On przecież słyszy, choć słów nie rozumie.","On przecież słyszysz, choć słów nie rozumie."
34842,"On przecież słyszy, choć słów nie rozumie.","On przecież słyszę, choć słów nie rozumie."
35039,Ty jedna przychodzisz mi do głowy jako ktoś w rodzaju spowiednika (?) w tej sprawie.,Ty jedna przychodzi mi do głowy jako ktoś w rodzaju spowiednika (?) w tej sprawie.
35039,Ty jedna przychodzisz mi do głowy jako ktoś w rodzaju spowiednika (?) w tej sprawie.,Ty jedna przychodzę mi do głowy jako ktoś w rodzaju spowiednika (?) w tej sprawie.
35063,Wszystko tu jest!,Wszystko tu jestem!
35063,Wszystko tu jest!,Wszystko tu jesteś!
35275,"– Sto trzydzieści – ona rzuci obojętnie, celowo zawyżając cenę.","– Sto trzydzieści – ona rzucisz obojętnie, celowo zawyżając cenę."
35275,"– Sto trzydzieści – ona rzuci obojętnie, celowo zawyżając cenę.","– Sto trzydzieści – ona rzucę obojętnie, celowo zawyżając cenę."
35281,A on powie: – Wskakuj.,A on powiesz: – Wskakuj.
35281,A on powie: – Wskakuj.,A on powiem: – Wskakuj.
35296,– Może ona jeszcze chce się tu sprowadzić?,– Może ona jeszcze chcę się tu sprowadzić?
35296,– Może ona jeszcze chce się tu sprowadzić?,– Może ona jeszcze chcesz się tu sprowadzić?
35516,Tutaj nie ma nic wesołego.,Tutaj nie masz nic wesołego.
35516,Tutaj nie ma nic wesołego.,Tutaj nie mam nic wesołego.
36369,"On ma ochotę ją uderzyć, niekiedy zabić.","On mam ochotę ją uderzyć, niekiedy zabić."
36369,"On ma ochotę ją uderzyć, niekiedy zabić.","On masz ochotę ją uderzyć, niekiedy zabić."
36380,Ona nie puszcza.,Ona nie puszczasz.
36380,Ona nie puszcza.,Ona nie puszczam.
36381,On jej wyrywa.,On jej wyrywasz.
36381,On jej wyrywa.,On jej wyrywam.
36571,"Bo jeżeli w nim brak czegoś, co by sumienie dopisać chciało, to jest wszystko, co kodeks orzec pozwolił"".","Bo jeżeli w nim brak czegoś, co by sumienie dopisać chciało, to jesteś wszystko, co kodeks orzec pozwolił""."
36571,"Bo jeżeli w nim brak czegoś, co by sumienie dopisać chciało, to jest wszystko, co kodeks orzec pozwolił"".","Bo jeżeli w nim brak czegoś, co by sumienie dopisać chciało, to jestem wszystko, co kodeks orzec pozwolił""."
36736,A czasem w ogóle nikt się nie może dodzwonić do mnie ani ja do nikogo.,A czasem w ogóle nikt się nie mogę dodzwonić do mnie ani ja do nikogo.
36736,A czasem w ogóle nikt się nie może dodzwonić do mnie ani ja do nikogo.,A czasem w ogóle nikt się nie możesz dodzwonić do mnie ani ja do nikogo.
36751,Ja też odpowiadam.,Ja też odpowiadasz.
36751,Ja też odpowiadam.,Ja też odpowiada.
36806,"Leży ono w północnej części Białostocczyzny i nie ma człowieka, który by przynajmniej raz w swoim życiu nie oglądał jednego ze stu takich miasteczek.","Leżę ono w północnej części Białostocczyzny i nie ma człowieka, który by przynajmniej raz w swoim życiu nie oglądał jednego ze stu takich miasteczek."
36806,"Leży ono w północnej części Białostocczyzny i nie ma człowieka, który by przynajmniej raz w swoim życiu nie oglądał jednego ze stu takich miasteczek.","Leżysz ono w północnej części Białostocczyzny i nie ma człowieka, który by przynajmniej raz w swoim życiu nie oglądał jednego ze stu takich miasteczek."
37076,"Porusza ona analogiczny problem jak babilońska ""Księga Hioba"", która wcześniej starała się ten problem wyjaśnić, wskazując, że poddanie się woli bożej i rezygnacja jest jedynym wyjściem z trudnej sytuacji.","Poruszam ona analogiczny problem jak babilońska ""Księga Hioba"", która wcześniej starała się ten problem wyjaśnić, wskazując, że poddanie się woli bożej i rezygnacja jest jedynym wyjściem z trudnej sytuacji."
37076,"Porusza ona analogiczny problem jak babilońska ""Księga Hioba"", która wcześniej starała się ten problem wyjaśnić, wskazując, że poddanie się woli bożej i rezygnacja jest jedynym wyjściem z trudnej sytuacji.","Poruszasz ona analogiczny problem jak babilońska ""Księga Hioba"", która wcześniej starała się ten problem wyjaśnić, wskazując, że poddanie się woli bożej i rezygnacja jest jedynym wyjściem z trudnej sytuacji."
37496,Nie ma to niczego wspólnego z rzeczywistością.,Nie mam to niczego wspólnego z rzeczywistością.
37496,Nie ma to niczego wspólnego z rzeczywistością.,Nie masz to niczego wspólnego z rzeczywistością.
37666,"W pismach swoich pisze on wielokrotnie, ile zawdzięcza Rosji; według niego, społeczna myśl rosyjska była głębsza i nawet widzenie Zachodu pełniejsze i nowocześniejsze niż w Polsce.","W pismach swoich piszę on wielokrotnie, ile zawdzięcza Rosji; według niego, społeczna myśl rosyjska była głębsza i nawet widzenie Zachodu pełniejsze i nowocześniejsze niż w Polsce."
37666,"W pismach swoich pisze on wielokrotnie, ile zawdzięcza Rosji; według niego, społeczna myśl rosyjska była głębsza i nawet widzenie Zachodu pełniejsze i nowocześniejsze niż w Polsce.","W pismach swoich piszesz on wielokrotnie, ile zawdzięcza Rosji; według niego, społeczna myśl rosyjska była głębsza i nawet widzenie Zachodu pełniejsze i nowocześniejsze niż w Polsce."
38002,— Ależ on umrze!,— Ależ on umrzesz!
38002,— Ależ on umrze!,— Ależ on umrę!
38019,Nie odpowiada ono na przykład prototypowi stalinowskiemu.,Nie odpowiadasz ono na przykład prototypowi stalinowskiemu.
38019,Nie odpowiada ono na przykład prototypowi stalinowskiemu.,Nie odpowiadam ono na przykład prototypowi stalinowskiemu.
38080,"W Polsce jest tego mniej, więc jeszcze lepiej smakuje.","W Polsce jestem tego mniej, więc jeszcze lepiej smakuje."
38080,"W Polsce jest tego mniej, więc jeszcze lepiej smakuje.","W Polsce jesteś tego mniej, więc jeszcze lepiej smakuje."
38097,"Największą wartość ma to, czego jeszcze nigdy nie robiłeś.","Największą wartość mam to, czego jeszcze nigdy nie robił eś ."
38097,"Największą wartość ma to, czego jeszcze nigdy nie robiłeś.","Największą wartość masz to, czego jeszcze nigdy nie robił eś ."
38122,Stanowi ona doskonałe dźwiękowo-dokumentacyjne uzupełnienie tematu naszej rozmowy...,Stanowisz ona doskonałe dźwiękowo-dokumentacyjne uzupełnienie tematu naszej rozmowy...
38122,Stanowi ona doskonałe dźwiękowo-dokumentacyjne uzupełnienie tematu naszej rozmowy...,Stanowię ona doskonałe dźwiękowo-dokumentacyjne uzupełnienie tematu naszej rozmowy...
38290,"Podaje on nawet pewne szczegóły tych spotkań, jednak w konkluzji stwierdza, że jak dotychczas nie znaleziono przekonywujących dowodów na powiązanie tych konferencji ze sprawą Katynia.","Podajesz on nawet pewne szczegóły tych spotkań, jednak w konkluzji stwierdza, że jak dotychczas nie znaleziono przekonywujących dowodów na powiązanie tych konferencji ze sprawą Katynia."
38290,"Podaje on nawet pewne szczegóły tych spotkań, jednak w konkluzji stwierdza, że jak dotychczas nie znaleziono przekonywujących dowodów na powiązanie tych konferencji ze sprawą Katynia.","Podaję on nawet pewne szczegóły tych spotkań, jednak w konkluzji stwierdza, że jak dotychczas nie znaleziono przekonywujących dowodów na powiązanie tych konferencji ze sprawą Katynia."
38832,Szczątków ich już dzisiaj nie ma.,Szczątków ich już dzisiaj nie masz.
38832,Szczątków ich już dzisiaj nie ma.,Szczątków ich już dzisiaj nie mam.
38990,"Polega ona na nauczaniu-uczeniu się za pomocą uczniowskiego podręcznika geografii, geograficznej lektury uzupełniającej i atlasu geograficznego.","Polegam ona na nauczaniu-uczeniu się za pomocą uczniowskiego podręcznika geografii, geograficznej lektury uzupełniającej i atlasu geograficznego."
38990,"Polega ona na nauczaniu-uczeniu się za pomocą uczniowskiego podręcznika geografii, geograficznej lektury uzupełniającej i atlasu geograficznego.","Polegasz ona na nauczaniu-uczeniu się za pomocą uczniowskiego podręcznika geografii, geograficznej lektury uzupełniającej i atlasu geograficznego."
39061,Gdzie on zmierza?,Gdzie on zmierzam?
39061,Gdzie on zmierza?,Gdzie on zmierzasz?
39128,"W miarę rozwoju wyżu staje się on obszarem ciepłego powietrza na wszystkich poziomach, a więc wysoki wyż baryczny (bardzo dobrze rozbudowany) jest ciepłym obszarem troposfery.","W miarę rozwoju wyżu stawasz się on obszarem ciepłego powietrza na wszystkich poziomach, a więc wysoki wyż baryczny (bardzo dobrze rozbudowany) jest ciepłym obszarem troposfery."
39128,"W miarę rozwoju wyżu staje się on obszarem ciepłego powietrza na wszystkich poziomach, a więc wysoki wyż baryczny (bardzo dobrze rozbudowany) jest ciepłym obszarem troposfery.","W miarę rozwoju wyżu stawam się on obszarem ciepłego powietrza na wszystkich poziomach, a więc wysoki wyż baryczny (bardzo dobrze rozbudowany) jest ciepłym obszarem troposfery."
39297,"Nikt nie może zostać pozbawiony tego prawa, czy ściślej: uprawnienia, ze względu na dobro wspólne społeczeństwa.","Nikt nie mogę zostać pozbawiony tego prawa, czy ściślej: uprawnienia, ze względu na dobro wspólne społeczeństwa."
39297,"Nikt nie może zostać pozbawiony tego prawa, czy ściślej: uprawnienia, ze względu na dobro wspólne społeczeństwa.","Nikt nie możesz zostać pozbawiony tego prawa, czy ściślej: uprawnienia, ze względu na dobro wspólne społeczeństwa."
39410,"Sprawę komplikuje to, że są dwa rodzaje egzystencjalistów: pierwsi to chrześcijanie wyznania katolickiego, do których Jaspersa i Gabriela Marcela, drudzy - to egzystencjaliści ateiści, do których zaliczyć należy Heideggera oraz egzystencjalistów francuskich i mnie samego.","Sprawę komplikuję to, że są dwa rodzaje egzystencjalistów: pierwsi to chrześcijanie wyznania katolickiego, do których Jaspersa i Gabriela Marcela, drudzy - to egzystencjaliści ateiści, do których zaliczyć należy Heideggera oraz egzystencjalistów francuskich i mnie samego."
39410,"Sprawę komplikuje to, że są dwa rodzaje egzystencjalistów: pierwsi to chrześcijanie wyznania katolickiego, do których Jaspersa i Gabriela Marcela, drudzy - to egzystencjaliści ateiści, do których zaliczyć należy Heideggera oraz egzystencjalistów francuskich i mnie samego.","Sprawę komplikujesz to, że są dwa rodzaje egzystencjalistów: pierwsi to chrześcijanie wyznania katolickiego, do których Jaspersa i Gabriela Marcela, drudzy - to egzystencjaliści ateiści, do których zaliczyć należy Heideggera oraz egzystencjalistów francuskich i mnie samego."
39604,"Służy ono do wprowadzania niektórych dodatków stopowych i innych komponentów technologicznych (m.in. tlenu) oraz do usuwania żużla z powierzchni kąpieli, co wiąże się z koniecznością przechyłu pieca w stronę okna.","Służysz ono do wprowadzania niektórych dodatków stopowych i innych komponentów technologicznych (m.in. tlenu) oraz do usuwania żużla z powierzchni kąpieli, co wiąże się z koniecznością przechyłu pieca w stronę okna."
39604,"Służy ono do wprowadzania niektórych dodatków stopowych i innych komponentów technologicznych (m.in. tlenu) oraz do usuwania żużla z powierzchni kąpieli, co wiąże się z koniecznością przechyłu pieca w stronę okna.","Służę ono do wprowadzania niektórych dodatków stopowych i innych komponentów technologicznych (m.in. tlenu) oraz do usuwania żużla z powierzchni kąpieli, co wiąże się z koniecznością przechyłu pieca w stronę okna."
39676,"Kiedy Bóg nie jest na pierwszym miejscu, wszystko jest już nie na swoim miejscu.","Kiedy Bóg nie jest na pierwszym miejscu, wszystko jesteś już nie na swoim miejscu."
39676,"Kiedy Bóg nie jest na pierwszym miejscu, wszystko jest już nie na swoim miejscu.","Kiedy Bóg nie jest na pierwszym miejscu, wszystko jestem już nie na swoim miejscu."
39712,Pozostaje ona jednak cały czas w ręku Kościoła.,Pozostaję ona jednak cały czas w ręku Kościoła.
39712,Pozostaje ona jednak cały czas w ręku Kościoła.,Pozostajesz ona jednak cały czas w ręku Kościoła.
39937,Przecież jej nie ma.,Przecież jej nie mam.
39937,Przecież jej nie ma.,Przecież jej nie masz.
40357,"Mieści się on w wieży Sykstusa V, zabytkowej wczesnorenesansowej budowli w obrębie murów watykańskich.","Mieszczę się on w wieży Sykstusa V, zabytkowej wczesnorenesansowej budowli w obrębie murów watykańskich."
40357,"Mieści się on w wieży Sykstusa V, zabytkowej wczesnorenesansowej budowli w obrębie murów watykańskich.","Mieścisz się on w wieży Sykstusa V, zabytkowej wczesnorenesansowej budowli w obrębie murów watykańskich."
41434,Ukaże ono obraz ubytków krawędzi kręgów lub przepukliny wewnętrzne w trzonie kręgu.,Ukażesz ono obraz ubytków krawędzi kręgów lub przepukliny wewnętrzne w trzonie kręgu.
41434,Ukaże ono obraz ubytków krawędzi kręgów lub przepukliny wewnętrzne w trzonie kręgu.,Ukażę ono obraz ubytków krawędzi kręgów lub przepukliny wewnętrzne w trzonie kręgu.
41449,Unerwia on głównie mięśnie mimiczne twarzy.,Unerwiasz on głównie mięśnie mimiczne twarzy.
41449,Unerwia on głównie mięśnie mimiczne twarzy.,Unerwiam on głównie mięśnie mimiczne twarzy.
41638,"Jest jednak coś takiego, co wydaje się bardzo dostępne dla wszystkich rodziców w każdej sytuacji.","Jesteś jednak coś takiego, co wydaje się bardzo dostępne dla wszystkich rodziców w każdej sytuacji."
41638,"Jest jednak coś takiego, co wydaje się bardzo dostępne dla wszystkich rodziców w każdej sytuacji.","Jestem jednak coś takiego, co wydaje się bardzo dostępne dla wszystkich rodziców w każdej sytuacji."
41662,"Z perspektywy rodziców obraz zmian jaki zachodził w ich dzieciach w związku z przejściem do szkoły średniej lub zawodowej był w znacznej mierze zbieżny z odczuciami nastolatków na swój temat: ""Ona się przecież zmienia z roku na rok, ale w ostatnim roku rzeczywiście ma szczególne nadzieje na bycie dorosłą"".","Z perspektywy rodziców obraz zmian jaki zachodził w ich dzieciach w związku z przejściem do szkoły średniej lub zawodowej był w znacznej mierze zbieżny z odczuciami nastolatków na swój temat: ""Ona się przecież zmieniasz z roku na rok, ale w ostatnim roku rzeczywiście ma szczególne nadzieje na bycie dorosłą""."
41662,"Z perspektywy rodziców obraz zmian jaki zachodził w ich dzieciach w związku z przejściem do szkoły średniej lub zawodowej był w znacznej mierze zbieżny z odczuciami nastolatków na swój temat: ""Ona się przecież zmienia z roku na rok, ale w ostatnim roku rzeczywiście ma szczególne nadzieje na bycie dorosłą"".","Z perspektywy rodziców obraz zmian jaki zachodził w ich dzieciach w związku z przejściem do szkoły średniej lub zawodowej był w znacznej mierze zbieżny z odczuciami nastolatków na swój temat: ""Ona się przecież zmieniam z roku na rok, ale w ostatnim roku rzeczywiście ma szczególne nadzieje na bycie dorosłą""."
41761,"Dla mnie sprowadza się ono do widzenia rzeczywistości taką, jaka naprawdę jest, nawet gdyby była przykra i bolesna.","Dla mnie sprowadzasz się ono do widzenia rzeczywistości taką, jaka naprawdę jest, nawet gdyby była przykra i bolesna."
41761,"Dla mnie sprowadza się ono do widzenia rzeczywistości taką, jaka naprawdę jest, nawet gdyby była przykra i bolesna.","Dla mnie sprowadzam się ono do widzenia rzeczywistości taką, jaka naprawdę jest, nawet gdyby była przykra i bolesna."
42325,"- Gdzie jest góra, o której mówią legendy? - pyta on swych sąsiadów.","- Gdzie jest góra, o której mówią legendy? - pytasz on swych sąsiadów."
42325,"- Gdzie jest góra, o której mówią legendy? - pyta on swych sąsiadów.","- Gdzie jest góra, o której mówią legendy? - pytam on swych sąsiadów."
42392,"W przypadku braku takiej części ciebie (która przejmuje się opiniami innych ludzi), nikt ani nic nie może cię dotknąć czy zranić.","W przypadku braku takiej części ciebie (która przejmuje się opiniami innych ludzi), nikt ani nic nie mogę cię dotknąć czy zranić."
42392,"W przypadku braku takiej części ciebie (która przejmuje się opiniami innych ludzi), nikt ani nic nie może cię dotknąć czy zranić.","W przypadku braku takiej części ciebie (która przejmuje się opiniami innych ludzi), nikt ani nic nie możesz cię dotknąć czy zranić."
42430,Czy istnieje coś takiego jak miłość partnerska?,Czy istnieję coś takiego jak miłość partnerska?
42430,Czy istnieje coś takiego jak miłość partnerska?,Czy istniejesz coś takiego jak miłość partnerska?
42912,"Im głębiej przeżywamy żałobę, tym trwa ona krócej, tym korzystniej kształtuje nasz stosunek do świata i porządkuje hierarchię wartości.","Im głębiej przeżywamy żałobę, tym trwam ona krócej, tym korzystniej kształtuje nasz stosunek do świata i porządkuje hierarchię wartości."
42912,"Im głębiej przeżywamy żałobę, tym trwa ona krócej, tym korzystniej kształtuje nasz stosunek do świata i porządkuje hierarchię wartości.","Im głębiej przeżywamy żałobę, tym trwasz ona krócej, tym korzystniej kształtuje nasz stosunek do świata i porządkuje hierarchię wartości."
42944,"Lecz jeśli tego nie opakuje, jeśli nie zakomunikuje wszem wobec, że doskonale to zrobiła, nikt nic nie zauważy.","Lecz jeśli tego nie opakuje, jeśli nie zakomunikuje wszem wobec, że doskonale to zrobiła, nikt nic nie zauważę."
42944,"Lecz jeśli tego nie opakuje, jeśli nie zakomunikuje wszem wobec, że doskonale to zrobiła, nikt nic nie zauważy.","Lecz jeśli tego nie opakuje, jeśli nie zakomunikuje wszem wobec, że doskonale to zrobiła, nikt nic nie zauważysz."
43120,"3. Jeżeli czynu określonego w ust. 2 dopuszcza się osoba, o której mowa w art. 161c ust. 1 pkt 1 lit. a), podlega ona grzywnie do 5.000.000 zł albo karze pozbawienia wolności od 6 miesięcy do lat 8, albo obu tym karom łącznie.","3. Jeżeli czynu określonego w ust. 2 dopuszcza się osoba, o której mowa w art. 161c ust. 1 pkt 1 lit. a), podlegasz ona grzywnie do 5.000.000 zł albo karze pozbawienia wolności od 6 miesięcy do lat 8, albo obu tym karom łącznie."
43120,"3. Jeżeli czynu określonego w ust. 2 dopuszcza się osoba, o której mowa w art. 161c ust. 1 pkt 1 lit. a), podlega ona grzywnie do 5.000.000 zł albo karze pozbawienia wolności od 6 miesięcy do lat 8, albo obu tym karom łącznie.","3. Jeżeli czynu określonego w ust. 2 dopuszcza się osoba, o której mowa w art. 161c ust. 1 pkt 1 lit. a), podlegam ona grzywnie do 5.000.000 zł albo karze pozbawienia wolności od 6 miesięcy do lat 8, albo obu tym karom łącznie."
44032,"- Aby można było powiedzieć, że Jednostka utrzymuje kompletny zestaw kont (rachunków), musi ona przechowywać zarówno zapisy rachunkowości, obejmujące wszystkie jej transakcje gospodarcze i finansowe, przeprowadzane w okresie rozrachunkowym, jak i bilans aktywów i pasywów.","- Aby można było powiedzieć, że Jednostka utrzymuje kompletny zestaw kont (rachunków), muszę ona przechowywać zarówno zapisy rachunkowości, obejmujące wszystkie jej transakcje gospodarcze i finansowe, przeprowadzane w okresie rozrachunkowym, jak i bilans aktywów i pasywów."
44032,"- Aby można było powiedzieć, że Jednostka utrzymuje kompletny zestaw kont (rachunków), musi ona przechowywać zarówno zapisy rachunkowości, obejmujące wszystkie jej transakcje gospodarcze i finansowe, przeprowadzane w okresie rozrachunkowym, jak i bilans aktywów i pasywów.","- Aby można było powiedzieć, że Jednostka utrzymuje kompletny zestaw kont (rachunków), musisz ona przechowywać zarówno zapisy rachunkowości, obejmujące wszystkie jej transakcje gospodarcze i finansowe, przeprowadzane w okresie rozrachunkowym, jak i bilans aktywów i pasywów."
44180,"Art. 121. § 1. Kto, pomimo nieuiszczenia dwukrotnie nałożonej na niego kary pieniężnej określonej w taryfie, po raz trzeci w ciągu roku bez zamiaru uiszczenia należności wyłudza przejazd koleją lub innym środkiem lokomocji, podlega karze aresztu, ograniczenia wolności albo grzywny.","Art. 121. § 1. Kto, pomimo nieuiszczenia dwukrotnie nałożonej na niego kary pieniężnej określonej w taryfie, po raz trzeci w ciągu roku bez zamiaru uiszczenia należności wyłudza przejazd koleją lub innym środkiem lokomocji, podlegam karze aresztu, ograniczenia wolności albo grzywny."
44180,"Art. 121. § 1. Kto, pomimo nieuiszczenia dwukrotnie nałożonej na niego kary pieniężnej określonej w taryfie, po raz trzeci w ciągu roku bez zamiaru uiszczenia należności wyłudza przejazd koleją lub innym środkiem lokomocji, podlega karze aresztu, ograniczenia wolności albo grzywny.","Art. 121. § 1. Kto, pomimo nieuiszczenia dwukrotnie nałożonej na niego kary pieniężnej określonej w taryfie, po raz trzeci w ciągu roku bez zamiaru uiszczenia należności wyłudza przejazd koleją lub innym środkiem lokomocji, podlegasz karze aresztu, ograniczenia wolności albo grzywny."
44325,"Jeśli działania osłonowe (zwrot akcyzy w określonych przypadkach) rząd uznaje za operację skomplikowaną, nie pozostaje nic innego, jak nasilić walkę z oszustami i przestępcami.","Jeśli działania osłonowe (zwrot akcyzy w określonych przypadkach) rząd uznaje za operację skomplikowaną, nie pozostaję nic innego, jak nasilić walkę z oszustami i przestępcami."
44325,"Jeśli działania osłonowe (zwrot akcyzy w określonych przypadkach) rząd uznaje za operację skomplikowaną, nie pozostaje nic innego, jak nasilić walkę z oszustami i przestępcami.","Jeśli działania osłonowe (zwrot akcyzy w określonych przypadkach) rząd uznaje za operację skomplikowaną, nie pozostajesz nic innego, jak nasilić walkę z oszustami i przestępcami."
44358,"Zróżnicuje on szkoły i uczniów na lepszych i gorszych, a w konsekwencji spowoduje likwidację setek małych szkół (zabraknie im pieniędzy na funkcjonowanie) i pogorszenie warunków nauczania (zagęszczenie) w większości pozostałych.","Zróżnicuję on szkoły i uczniów na lepszych i gorszych, a w konsekwencji spowoduje likwidację setek małych szkół (zabraknie im pieniędzy na funkcjonowanie) i pogorszenie warunków nauczania (zagęszczenie) w większości pozostałych."
44358,"Zróżnicuje on szkoły i uczniów na lepszych i gorszych, a w konsekwencji spowoduje likwidację setek małych szkół (zabraknie im pieniędzy na funkcjonowanie) i pogorszenie warunków nauczania (zagęszczenie) w większości pozostałych.","Zróżnicujesz on szkoły i uczniów na lepszych i gorszych, a w konsekwencji spowoduje likwidację setek małych szkół (zabraknie im pieniędzy na funkcjonowanie) i pogorszenie warunków nauczania (zagęszczenie) w większości pozostałych."
44565,"On robi pismo obyczajowe, ale robi też pismo społeczne, pismo na wskroś polityczne.","On robię pismo obyczajowe, ale robi też pismo społeczne, pismo na wskroś polityczne."
44565,"On robi pismo obyczajowe, ale robi też pismo społeczne, pismo na wskroś polityczne.","On robisz pismo obyczajowe, ale robi też pismo społeczne, pismo na wskroś polityczne."
44567,"On lubi przewidywać, on lubi stawiać prognozy, można powiedzieć: sięgać sedna sprawy, tak jak on to widzi.","On lubię przewidywać, on lubi stawiać prognozy, można powiedzieć: sięgać sedna sprawy, tak jak on to widzi."
44567,"On lubi przewidywać, on lubi stawiać prognozy, można powiedzieć: sięgać sedna sprawy, tak jak on to widzi.","On lubisz przewidywać, on lubi stawiać prognozy, można powiedzieć: sięgać sedna sprawy, tak jak on to widzi."
44601,Jest ich kilkanaście.,Jesteś ich kilkanaście.
44601,Jest ich kilkanaście.,Jestem ich kilkanaście.
44645,"Ja też mam oczywiście czasami pretensje do prasy, że coś źle napisze o mnie czy o mojej partii.","Ja też masz oczywiście czasami pretensje do prasy, że coś źle napisze o mnie czy o mojej partii."
44645,"Ja też mam oczywiście czasami pretensje do prasy, że coś źle napisze o mnie czy o mojej partii.","Ja też ma oczywiście czasami pretensje do prasy, że coś źle napisze o mnie czy o mojej partii."
44662,Tu nic nowego nie ma.,Tu nic nowego nie mam.
44662,Tu nic nowego nie ma.,Tu nic nowego nie masz.
44665,Tu nie ma nic nowego.,Tu nie masz nic nowego.
44665,Tu nie ma nic nowego.,Tu nie mam nic nowego.
44687,On jest zwolennikiem silnej integracji europejskiej bez typowo polskiego nadymania się i to nas łączy.,On jest zwolennikiem silnej integracji europejskiej bez typowo polskiego nadymania się i to nas łączę.
44687,On jest zwolennikiem silnej integracji europejskiej bez typowo polskiego nadymania się i to nas łączy.,On jest zwolennikiem silnej integracji europejskiej bez typowo polskiego nadymania się i to nas łączysz.
44935,"Ma on być obiektowym następcą języka C, jednak w przeciwieństwie do języka C++ nie jest w pełni zgodny składniowo z poprzednikiem.","Mam on być obiektowym następcą języka C, jednak w przeciwieństwie do języka C++ nie jest w pełni zgodny składniowo z poprzednikiem."
44935,"Ma on być obiektowym następcą języka C, jednak w przeciwieństwie do języka C++ nie jest w pełni zgodny składniowo z poprzednikiem.","Masz on być obiektowym następcą języka C, jednak w przeciwieństwie do języka C++ nie jest w pełni zgodny składniowo z poprzednikiem."
45440,"Ma on wskazać – decydentom, uczelniom wyższym, przedsiębiorcom, rodzicom – możliwe zapotrzebowanie polskiej gospodarki na umiejętności kadr zarządzających oraz pracowników firm w perspektywie do końca drugiej dekady.","Masz on wskazać – decydentom, uczelniom wyższym, przedsiębiorcom, rodzicom – możliwe zapotrzebowanie polskiej gospodarki na umiejętności kadr zarządzających oraz pracowników firm w perspektywie do końca drugiej dekady."
45440,"Ma on wskazać – decydentom, uczelniom wyższym, przedsiębiorcom, rodzicom – możliwe zapotrzebowanie polskiej gospodarki na umiejętności kadr zarządzających oraz pracowników firm w perspektywie do końca drugiej dekady.","Mam on wskazać – decydentom, uczelniom wyższym, przedsiębiorcom, rodzicom – możliwe zapotrzebowanie polskiej gospodarki na umiejętności kadr zarządzających oraz pracowników firm w perspektywie do końca drugiej dekady."
45671,"Czy nadal ktokolwiek z Państwa prezentuje zdanie, że warto bardziej zadbać o A/H1N1, niż zatroszczyć się o kwestię Z/SI444SKAK33883AQASA?","Czy nadal ktokolwiek z Państwa prezentuję zdanie, że warto bardziej zadbać o A/H1N1, niż zatroszczyć się o kwestię Z/SI444SKAK33883AQASA?"
45671,"Czy nadal ktokolwiek z Państwa prezentuje zdanie, że warto bardziej zadbać o A/H1N1, niż zatroszczyć się o kwestię Z/SI444SKAK33883AQASA?","Czy nadal ktokolwiek z Państwa prezentujesz zdanie, że warto bardziej zadbać o A/H1N1, niż zatroszczyć się o kwestię Z/SI444SKAK33883AQASA?"
45761,"Czy jest ktoś, kto wymyślił jakąś sensowną DEFINICJĘ, określającą naszą współczesną politykę?","Czy jesteś ktoś, kto wymyślił jakąś sensowną DEFINICJĘ, określającą naszą współczesną politykę?"
45761,"Czy jest ktoś, kto wymyślił jakąś sensowną DEFINICJĘ, określającą naszą współczesną politykę?","Czy jestem ktoś, kto wymyślił jakąś sensowną DEFINICJĘ, określającą naszą współczesną politykę?"
45843,A ja z Armenami świetnie się po rosyjsku dogaduję.,A ja z Armenami świetnie się po rosyjsku dogadujesz.
45843,A ja z Armenami świetnie się po rosyjsku dogaduję.,A ja z Armenami świetnie się po rosyjsku dogaduje.
45871,"To na jego miejsce znajdzie się ktoś, komu względy ideologiczne nie przeszkadzają pracować w niedziele i święta.","To na jego miejsce znajdziesz się ktoś, komu względy ideologiczne nie przeszkadzają pracować w niedziele i święta."
45871,"To na jego miejsce znajdzie się ktoś, komu względy ideologiczne nie przeszkadzają pracować w niedziele i święta.","To na jego miejsce znajdę się ktoś, komu względy ideologiczne nie przeszkadzają pracować w niedziele i święta."
45944,"U Was podoba mi się najbardziej to że jesteście Kobietami, a poza tym: - u Pani Katarzyny K. imponuje mi wiedza o historii Kościoła i opanowanie, - u Pani Ravea(?) rozsądek.","U Was podobasz mi się najbardziej to że jesteście Kobietami, a poza tym: - u Pani Katarzyny K. imponuje mi wiedza o historii Kościoła i opanowanie, - u Pani Ravea(?) rozsądek."
45944,"U Was podoba mi się najbardziej to że jesteście Kobietami, a poza tym: - u Pani Katarzyny K. imponuje mi wiedza o historii Kościoła i opanowanie, - u Pani Ravea(?) rozsądek.","U Was podobam mi się najbardziej to że jesteście Kobietami, a poza tym: - u Pani Katarzyny K. imponuje mi wiedza o historii Kościoła i opanowanie, - u Pani Ravea(?) rozsądek."
46558,"To On, poprzez krew Syna Swego Jedynego, dokonuje w człowieku odrodzenia.","To On, poprzez krew Syna Swego Jedynego, dokonywasz w człowieku odrodzenia."
46558,"To On, poprzez krew Syna Swego Jedynego, dokonuje w człowieku odrodzenia.","To On, poprzez krew Syna Swego Jedynego, dokonuję w człowieku odrodzenia."
46842,ona się wślizguje powoli i zawsze sami ją zapraszamy kiedy już jest - żadne s... nie pomoże tak sądzę,ona się wślizguję powoli i zawsze sami ją zapraszamy kiedy już jest - żadne s... nie pomoże tak sądzę
46842,ona się wślizguje powoli i zawsze sami ją zapraszamy kiedy już jest - żadne s... nie pomoże tak sądzę,ona się wślizgujesz powoli i zawsze sami ją zapraszamy kiedy już jest - żadne s... nie pomoże tak sądzę
46975,Czy jest jeszcze ktoś kto jest fanem tej serii?,Czy jesteś jeszcze ktoś kto jest fanem tej serii?
46975,Czy jest jeszcze ktoś kto jest fanem tej serii?,Czy jestem jeszcze ktoś kto jest fanem tej serii?
47142,"Zgodnie z przytoczoną przez ciebie definicją predykatu fizycznego TO co ja nazywam ""Bogiem"" ma swoją ""emanację"" jak najbardziej w świecie fizycznym, a właściwie świat ""fizyczny"" jest emanacją ""Boga"" :)","Zgodnie z przytoczoną przez ciebie definicją predykatu fizycznego TO co ja nazywam ""Bogiem"" mam swoją ""emanację"" jak najbardziej w świecie fizycznym, a właściwie świat ""fizyczny"" jest emanacją ""Boga"" :)"
47142,"Zgodnie z przytoczoną przez ciebie definicją predykatu fizycznego TO co ja nazywam ""Bogiem"" ma swoją ""emanację"" jak najbardziej w świecie fizycznym, a właściwie świat ""fizyczny"" jest emanacją ""Boga"" :)","Zgodnie z przytoczoną przez ciebie definicją predykatu fizycznego TO co ja nazywam ""Bogiem"" masz swoją ""emanację"" jak najbardziej w świecie fizycznym, a właściwie świat ""fizyczny"" jest emanacją ""Boga"" :)"
47275,Ona wie.,Ona wiem.
47275,Ona wie.,Ona wiesz.
47356,W Netszkapie robi się to jednym ruchem.,W Netszkapie robisz się to jednym ruchem.
47356,W Netszkapie robi się to jednym ruchem.,W Netszkapie robię się to jednym ruchem.
47404,"Ja w takim razie proponuje, aby rozwiązać ten problem raz na zawsze.","Ja w takim razie proponuje, aby rozwiązać ten problem raz na zawsze."
47404,"Ja w takim razie proponuje, aby rozwiązać ten problem raz na zawsze.","Ja w takim razie proponujesz, aby rozwiązać ten problem raz na zawsze."
47504,Czy Ty naprawdę nie wiesz jak i po co wycina się lasy równikowe w Brazylii?,Czy Ty naprawdę nie wie jak i po co wycina się lasy równikowe w Brazylii?
47504,Czy Ty naprawdę nie wiesz jak i po co wycina się lasy równikowe w Brazylii?,Czy Ty naprawdę nie wiem jak i po co wycina się lasy równikowe w Brazylii?
47526,"On ma... jak każdy fanatyk zawsze ma pewność, że robi dobrze.","On mam... jak każdy fanatyk zawsze ma pewność, że robi dobrze."
47526,"On ma... jak każdy fanatyk zawsze ma pewność, że robi dobrze.","On masz... jak każdy fanatyk zawsze ma pewność, że robi dobrze."
47832,A może on szacuje średnią długość skoku kangura - a to zupełnie inny wzór będzie...,A może on szacuję średnią długość skoku kangura - a to zupełnie inny wzór będzie...
47832,A może on szacuje średnią długość skoku kangura - a to zupełnie inny wzór będzie...,A może on szacujesz średnią długość skoku kangura - a to zupełnie inny wzór będzie...
47928,"Ja pisarzem nie jestem, żeby wątpliwości najmniejszych nie było.","Ja pisarzem nie jest, żeby wątpliwości najmniejszych nie było."
47928,"Ja pisarzem nie jestem, żeby wątpliwości najmniejszych nie było.","Ja pisarzem nie jesteś, żeby wątpliwości najmniejszych nie było."
47991,"To może Ty uszanujesz mój świadomy wybór, jakim jest krytyka źle zaprojektowanej strony?","To może Ty uszanuje mój świadomy wybór, jakim jest krytyka źle zaprojektowanej strony?"
47991,"To może Ty uszanujesz mój świadomy wybór, jakim jest krytyka źle zaprojektowanej strony?","To może Ty uszanuję mój świadomy wybór, jakim jest krytyka źle zaprojektowanej strony?"
48443,– a jaki on jest ?,– a jaki on jestem ?
48443,– a jaki on jest ?,– a jaki on jesteś ?
48730,znaczy yyy jest coś takiego w ogóle w takim w takim dizajnie przemysłowym tak to nazwijmy,znaczy yyy jestem coś takiego w ogóle w takim w takim dizajnie przemysłowym tak to nazwijmy
48730,znaczy yyy jest coś takiego w ogóle w takim w takim dizajnie przemysłowym tak to nazwijmy,znaczy yyy jesteś coś takiego w ogóle w takim w takim dizajnie przemysłowym tak to nazwijmy
49000,on otwiera oczy i się śmieje.,on otwierasz oczy i się śmieje.
49000,on otwiera oczy i się śmieje.,on otwieram oczy i się śmieje.
49049,yyy no to to właściwie yyy jeszcze tego wspólnego nie ma,yyy no to to właściwie yyy jeszcze tego wspólnego nie masz
49049,yyy no to to właściwie yyy jeszcze tego wspólnego nie ma,yyy no to to właściwie yyy jeszcze tego wspólnego nie mam
49509,a jak nie ma prawodawcy to nie ma i również. kogoś kto egzekwuje. prawo moralne.,a jak nie ma prawodawcy to nie mam i również. kogoś kto egzekwuje. prawo moralne.
49509,a jak nie ma prawodawcy to nie ma i również. kogoś kto egzekwuje. prawo moralne.,a jak nie ma prawodawcy to nie masz i również. kogoś kto egzekwuje. prawo moralne.
49563,– ja zawsze zostaję w zegarku,– ja zawsze zostaje w zegarku
49563,– ja zawsze zostaję w zegarku,– ja zawsze zostajesz w zegarku
49999,– że ona chce mieć dwóch partnerów naraz,– że ona chcesz mieć dwóch partnerów naraz
49999,– że ona chce mieć dwóch partnerów naraz,– że ona chcę mieć dwóch partnerów naraz
50167,– ale ja myślę. ale ale ale ja myślę że nie możemy odebrać prawa do tych samych zachwytów ludziom. odpowiednio młodszym,– ale ja myślisz. ale ale ale ja myślę że nie możemy odebrać prawa do tych samych zachwytów ludziom. odpowiednio młodszym
50167,– ale ja myślę. ale ale ale ja myślę że nie możemy odebrać prawa do tych samych zachwytów ludziom. odpowiednio młodszym,– ale ja myśli. ale ale ale ja myślę że nie możemy odebrać prawa do tych samych zachwytów ludziom. odpowiednio młodszym
50365,Nie ma ona już nic do dodania.,Nie mam ona już nic do dodania.
50365,Nie ma ona już nic do dodania.,Nie masz ona już nic do dodania.
50408,Czy ktoś z pań i panów posłów pragnie zabrać głos w sprawie porządku dziennego?,Czy ktoś z pań i panów posłów pragniesz zabrać głos w sprawie porządku dziennego?
50408,Czy ktoś z pań i panów posłów pragnie zabrać głos w sprawie porządku dziennego?,Czy ktoś z pań i panów posłów pragnę zabrać głos w sprawie porządku dziennego?
50424,Czy ktoś z posłanek i posłów pragnie zabrać głos w drugim czytaniu?,Czy ktoś z posłanek i posłów pragnę zabrać głos w drugim czytaniu?
50424,Czy ktoś z posłanek i posłów pragnie zabrać głos w drugim czytaniu?,Czy ktoś z posłanek i posłów pragniesz zabrać głos w drugim czytaniu?
50513,- Czy ktoś jeszcze pragnie zabrać głos?,- Czy ktoś jeszcze pragnę zabrać głos?
50513,- Czy ktoś jeszcze pragnie zabrać głos?,- Czy ktoś jeszcze pragniesz zabrać głos?
50544,Czy ktoś z pań posłanek i panów posłów pragnie zabrać głos podczas drugiego czytania projektu rezolucji?,Czy ktoś z pań posłanek i panów posłów pragnę zabrać głos podczas drugiego czytania projektu rezolucji?
50544,Czy ktoś z pań posłanek i panów posłów pragnie zabrać głos podczas drugiego czytania projektu rezolucji?,Czy ktoś z pań posłanek i panów posłów pragniesz zabrać głos podczas drugiego czytania projektu rezolucji?
50672,"Jest program i, generalnie rzecz biorąc, polega on na tym, żeby dzieciom w rodzinach zastępczych i w rodzinnych domach dziecka stwarzać warunki maksymalnie podobne do tych, jakie mają inne dzieci, a więc by wyrównywać...","Jest program i, generalnie rzecz biorąc, polegasz on na tym, żeby dzieciom w rodzinach zastępczych i w rodzinnych domach dziecka stwarzać warunki maksymalnie podobne do tych, jakie mają inne dzieci, a więc by wyrównywać..."
50672,"Jest program i, generalnie rzecz biorąc, polega on na tym, żeby dzieciom w rodzinach zastępczych i w rodzinnych domach dziecka stwarzać warunki maksymalnie podobne do tych, jakie mają inne dzieci, a więc by wyrównywać...","Jest program i, generalnie rzecz biorąc, polegam on na tym, żeby dzieciom w rodzinach zastępczych i w rodzinnych domach dziecka stwarzać warunki maksymalnie podobne do tych, jakie mają inne dzieci, a więc by wyrównywać..."
50865,"- Jeżeli chodzi o poprawkę 1., to uściśla ona tryb i określa rolę samorządu zawodowego lekarzy w przeprowadzeniu egzaminu z języka polskiego, który będzie obowiązywał lekarzy cudzoziemców.","- Jeżeli chodzi o poprawkę 1., to uściślasz ona tryb i określa rolę samorządu zawodowego lekarzy w przeprowadzeniu egzaminu z języka polskiego, który będzie obowiązywał lekarzy cudzoziemców."
50865,"- Jeżeli chodzi o poprawkę 1., to uściśla ona tryb i określa rolę samorządu zawodowego lekarzy w przeprowadzeniu egzaminu z języka polskiego, który będzie obowiązywał lekarzy cudzoziemców.","- Jeżeli chodzi o poprawkę 1., to uściślam ona tryb i określa rolę samorządu zawodowego lekarzy w przeprowadzeniu egzaminu z języka polskiego, który będzie obowiązywał lekarzy cudzoziemców."
50973,Nikt więcej się nie zgłasza.,Nikt więcej się nie zgłaszasz.
50973,Nikt więcej się nie zgłasza.,Nikt więcej się nie zgłaszam.
50985,- Czy ktoś z pań posłanek i panów posłów pragnie zabrać głos w sprawie przedstawionych propozycji?,- Czy ktoś z pań posłanek i panów posłów pragniesz zabrać głos w sprawie przedstawionych propozycji?
50985,- Czy ktoś z pań posłanek i panów posłów pragnie zabrać głos w sprawie przedstawionych propozycji?,- Czy ktoś z pań posłanek i panów posłów pragnę zabrać głos w sprawie przedstawionych propozycji?
51055,"Posłowie się martwią o ministra skarbu, a ja się martwię o obywateli.","Posłowie się martwią o ministra skarbu, a ja się martwi o obywateli."
51055,"Posłowie się martwią o ministra skarbu, a ja się martwię o obywateli.","Posłowie się martwią o ministra skarbu, a ja się martwisz o obywateli."
51683,"Ale to, o czym państwo w tej chwili mówicie, i to, co robi wasza formacja polityczna, niestety nie służy krajowi.","Ale to, o czym państwo w tej chwili mówicie, i to, co robi wasza formacja polityczna, niestety nie służysz krajowi."
51683,"Ale to, o czym państwo w tej chwili mówicie, i to, co robi wasza formacja polityczna, niestety nie służy krajowi.","Ale to, o czym państwo w tej chwili mówicie, i to, co robi wasza formacja polityczna, niestety nie służę krajowi."
51927,"Doprecyzowuje ona przepis art. 7 ust. 3 wskazując, że chodzi w nim o osoby, które po wygaśnięciu tytułu prawnego do lokalu mieszkaniowego są zobowiązane do opuszczenia lokalu.","Doprecyzowujesz ona przepis art. 7 ust. 3 wskazując, że chodzi w nim o osoby, które po wygaśnięciu tytułu prawnego do lokalu mieszkaniowego są zobowiązane do opuszczenia lokalu."
51927,"Doprecyzowuje ona przepis art. 7 ust. 3 wskazując, że chodzi w nim o osoby, które po wygaśnięciu tytułu prawnego do lokalu mieszkaniowego są zobowiązane do opuszczenia lokalu.","Doprecyzowuję ona przepis art. 7 ust. 3 wskazując, że chodzi w nim o osoby, które po wygaśnięciu tytułu prawnego do lokalu mieszkaniowego są zobowiązane do opuszczenia lokalu."
51935,"Szacuje się je na 28 milionów 300 tysięcy zł, ale też jej efekty socjalne są wyjątkowo mizerne.","Szacuję się je na 28 milionów 300 tysięcy zł, ale też jej efekty socjalne są wyjątkowo mizerne."
51935,"Szacuje się je na 28 milionów 300 tysięcy zł, ale też jej efekty socjalne są wyjątkowo mizerne.","Szacujesz się je na 28 milionów 300 tysięcy zł, ale też jej efekty socjalne są wyjątkowo mizerne."
51954,"Otóż nie, nie dotyczy ona ekstradycji osób.","Otóż nie, nie dotyczę ona ekstradycji osób."
51954,"Otóż nie, nie dotyczy ona ekstradycji osób.","Otóż nie, nie dotyczysz ona ekstradycji osób."
52135,"– A dzisiaj w ogóle nie ma nikogo, kto by się zorientował w materiałach redakcyjnych?","– A dzisiaj w ogóle nie masz nikogo, kto by się zorientował w materiałach redakcyjnych?"
52135,"– A dzisiaj w ogóle nie ma nikogo, kto by się zorientował w materiałach redakcyjnych?","– A dzisiaj w ogóle nie mam nikogo, kto by się zorientował w materiałach redakcyjnych?"
52266,ona mówi dużo ale w takim swoim języku..,ona mówię dużo ale w takim swoim języku..
52266,ona mówi dużo ale w takim swoim języku..,ona mówisz dużo ale w takim swoim języku..
52413,a ja jako a ja jako osoba wchodzę do podziału nie?,a ja jako a ja jako osoba wchodzi do podziału nie?
52413,a ja jako a ja jako osoba wchodzę do podziału nie?,a ja jako a ja jako osoba wchodzisz do podziału nie?
52505,i on zawsze on sobie tak składa na jakąś jedną ekstra rzecz.,i on zawsze on sobie tak składam na jakąś jedną ekstra rzecz.
52505,i on zawsze on sobie tak składa na jakąś jedną ekstra rzecz.,i on zawsze on sobie tak składasz na jakąś jedną ekstra rzecz.
52574,– nie on w ogóle jest wiesz jakby poza tym. światem..,– nie on w ogóle jestem wiesz jakby poza tym. światem..
52574,– nie on w ogóle jest wiesz jakby poza tym. światem..,– nie on w ogóle jesteś wiesz jakby poza tym. światem..
52608,a on na kolana weźmie..,a on na kolana weźmiesz..
52608,a on na kolana weźmie..,a on na kolana wezmę..
52798,– a ta tego tej Teresy to on już ma zaliczone wszystkie też?,– a ta tego tej Teresy to on już masz zaliczone wszystkie też?
52798,– a ta tego tej Teresy to on już ma zaliczone wszystkie też?,– a ta tego tej Teresy to on już mam zaliczone wszystkie też?
52830,– i dlatego ja zawsze lubię grać w zadowolenie.,– i dlatego ja zawsze lubisz grać w zadowolenie.
52830,– i dlatego ja zawsze lubię grać w zadowolenie.,– i dlatego ja zawsze lubi grać w zadowolenie.
52938,– no u Eweliny to nic ciekawego muszę ci powiedzieć.,– no u Eweliny to nic ciekawego musisz ci powiedzieć.
52938,– no u Eweliny to nic ciekawego muszę ci powiedzieć.,– no u Eweliny to nic ciekawego musi ci powiedzieć.
53012,właśnie on cały czas odpada i go próbowałam taśmą klejącą przykleić..,właśnie on cały czas odpadam i go próbowała m taśmą klejącą przykleić..
53012,właśnie on cały czas odpada i go próbowałam taśmą klejącą przykleić..,właśnie on cały czas odpadasz i go próbowała m taśmą klejącą przykleić..
53059,– ale ty to może on może on w jakiejś reprezentacji jest czy co?,– ale ty to może on może on w jakiejś reprezentacji jestem czy co?
53059,– ale ty to może on może on w jakiejś reprezentacji jest czy co?,– ale ty to może on może on w jakiejś reprezentacji jesteś czy co?
53090,on jest w takiej koszulce metaliki y..,on jestem w takiej koszulce metaliki y..
53090,on jest w takiej koszulce metaliki y..,on jesteś w takiej koszulce metaliki y..
53217,– ale ja dobrze pamiętam że w Wiliam w Willach albo gdzieś w okolicach były kiedyś igrzyska olimpijskie zimowe?,– ale ja dobrze pamiętasz że w Wiliam w Willach albo gdzieś w okolicach były kiedyś igrzyska olimpijskie zimowe?
53217,– ale ja dobrze pamiętam że w Wiliam w Willach albo gdzieś w okolicach były kiedyś igrzyska olimpijskie zimowe?,– ale ja dobrze pamięta że w Wiliam w Willach albo gdzieś w okolicach były kiedyś igrzyska olimpijskie zimowe?
53292,on występuje jakby.,on występuję jakby.
53292,on występuje jakby.,on występujesz jakby.
53307,– bo on chce unowocześnić wasz system pracy i ulepszyć,– bo on chcesz unowocześnić wasz system pracy i ulepszyć
53307,– bo on chce unowocześnić wasz system pracy i ulepszyć,– bo on chcę unowocześnić wasz system pracy i ulepszyć
53600,ona mówi ona chce mały.,ona mówisz ona chce mały.
53600,ona mówi ona chce mały.,ona mówię ona chce mały.
53631,on umie jeździć na nartach bo ma uczyć Ewelinę jeździć która się zaparła,on umiesz jeździć na nartach bo ma uczyć Ewelinę jeździć która się zaparła
53631,on umie jeździć na nartach bo ma uczyć Ewelinę jeździć która się zaparła,on umiem jeździć na nartach bo ma uczyć Ewelinę jeździć która się zaparła
53718,– ile on ma koni?,– ile on mam koni?
53718,– ile on ma koni?,– ile on masz koni?
53796,– on jest w Mechaniku tak?,– on jestem w Mechaniku tak?
53796,– on jest w Mechaniku tak?,– on jesteś w Mechaniku tak?
53840,– ale on ci tak zwęża bo ty tak wykadrowałeś czy?,– ale on ci tak zwężam bo ty tak wykadrował eś czy?
53840,– ale on ci tak zwęża bo ty tak wykadrowałeś czy?,– ale on ci tak zwężasz bo ty tak wykadrował eś czy?
53919,– ale gdzie on teraz jest pod Warsz..,– ale gdzie on teraz jesteś pod Warsz..
53919,– ale gdzie on teraz jest pod Warsz..,– ale gdzie on teraz jestem pod Warsz..
53923,– bo on pracuje w centrali tego Żywca. w Warszawie. i zajmuje się reklamą. reklamami w sklepach,– bo on pracuję w centrali tego Żywca. w Warszawie. i zajmuje się reklamą. reklamami w sklepach
53923,– bo on pracuje w centrali tego Żywca. w Warszawie. i zajmuje się reklamą. reklamami w sklepach,– bo on pracujesz w centrali tego Żywca. w Warszawie. i zajmuje się reklamą. reklamami w sklepach
54048,– bo on tak się zwraca do kolegów i koleżanek..,– bo on tak się zwracam do kolegów i koleżanek..
54048,– bo on tak się zwraca do kolegów i koleżanek..,– bo on tak się zwracasz do kolegów i koleżanek..
54104,a czemu ty nie robisz?,a czemu ty nie robi?
54104,a czemu ty nie robisz?,a czemu ty nie robię?
54370,– ale on chce z golfem czy półgolf?,– ale on chcę z golfem czy półgolf?
54370,– ale on chce z golfem czy półgolf?,– ale on chcesz z golfem czy półgolf?
54452,– albo jeszcze jest w tekstilandii koło tego.,– albo jeszcze jestem w tekstilandii koło tego.
54452,– albo jeszcze jest w tekstilandii koło tego.,– albo jeszcze jesteś w tekstilandii koło tego.
54514,jak ozdrow ona już zdrowieje. jak wyzdrowieje to zacznie chodzić..,jak ozdrow ona już zdrowieję. jak wyzdrowieje to zacznie chodzić..
54514,jak ozdrow ona już zdrowieje. jak wyzdrowieje to zacznie chodzić..,jak ozdrow ona już zdrowiejesz. jak wyzdrowieje to zacznie chodzić..
54536,– ona już teraz nie je słodkiego nie..,– ona już teraz nie jem słodkiego nie..
54536,– ona już teraz nie je słodkiego nie..,– ona już teraz nie jesz słodkiego nie..
54694,– a on mówi że pada deszcz..,– a on mówisz że pada deszcz..
54694,– a on mówi że pada deszcz..,– a on mówię że pada deszcz..
54838,bo ty też trzymasz tutaj pod tym?,bo ty też trzyma tutaj pod tym?
54838,bo ty też trzymasz tutaj pod tym?,bo ty też trzymam tutaj pod tym?
54917,a co ona ta co on tam uczy w Sochaczewie w jakiej szkole?,a co ona ta co on tam uczysz w Sochaczewie w jakiej szkole?
54917,a co ona ta co on tam uczy w Sochaczewie w jakiej szkole?,a co ona ta co on tam uczę w Sochaczewie w jakiej szkole?
55045,– a ja jutro jestem w Pabianicach..,– a ja jutro jesteś w Pabianicach..
55045,– a ja jutro jestem w Pabianicach..,– a ja jutro jest w Pabianicach..
55209,– on ma inny..,– on masz inny..
55209,– on ma inny..,– on mam inny..
55304,a on tutaj sobie odwiedza. ich y raz na tydzień albo jak przyjeżdża,a on tutaj sobie odwiedzam. ich y raz na tydzień albo jak przyjeżdża
55304,a on tutaj sobie odwiedza. ich y raz na tydzień albo jak przyjeżdża,a on tutaj sobie odwiedzasz. ich y raz na tydzień albo jak przyjeżdża
55404,– ale ja chyba ich nie umiem wymówić..,– ale ja chyba ich nie umie wymówić..
55404,– ale ja chyba ich nie umiem wymówić..,– ale ja chyba ich nie umiesz wymówić..
55645,– tak to on ci wiesz co czyta coś robi i on w nich dobrze widzi..,– tak to on ci wiem co czyta coś robi i on w nich dobrze widzi..
55645,– tak to on ci wiesz co czyta coś robi i on w nich dobrze widzi..,– tak to on ci wie co czyta coś robi i on w nich dobrze widzi..
55709,– teraz tak jak Marta to ona musi się uczyć non stop bo jak się nie nauczy non stop teraz na bieżąco to później nie da rady,– teraz tak jak Marta to ona muszę się uczyć non stop bo jak się nie nauczy non stop teraz na bieżąco to później nie da rady
55709,– teraz tak jak Marta to ona musi się uczyć non stop bo jak się nie nauczy non stop teraz na bieżąco to później nie da rady,– teraz tak jak Marta to ona musisz się uczyć non stop bo jak się nie nauczy non stop teraz na bieżąco to później nie da rady
55830,– no ale on jest.,– no ale on jesteś.
55830,– no ale on jest.,– no ale on jestem.
56114,to może ja je zostawiam jeszcze na koniec,to może ja je zostawiasz jeszcze na koniec
56114,to może ja je zostawiam jeszcze na koniec,to może ja je zostawia jeszcze na koniec
56140,– to może ja tutaj przejdę i już pokaże drugie zdjęcie.,– to może ja tutaj przejdzie i już pokaże drugie zdjęcie.
56140,– to może ja tutaj przejdę i już pokaże drugie zdjęcie.,– to może ja tutaj przejdziesz i już pokaże drugie zdjęcie.
56207,– jak mi nie usuniesz żadnych plików to mi się nic nie zrobi.,– jak mi nie usuniesz żadnych plików to mi się nic nie zrobię.
56207,– jak mi nie usuniesz żadnych plików to mi się nic nie zrobi.,– jak mi nie usuniesz żadnych plików to mi się nic nie zrobisz.
56218,za to ty dostajesz prezenty na dzień kobiet a ja nie,za to ty dostaję prezenty na dzień kobiet a ja nie
56218,za to ty dostajesz prezenty na dzień kobiet a ja nie,za to ty dostaje prezenty na dzień kobiet a ja nie
56368,– ona ma,– ona mam
56368,– ona ma,– ona masz
56684,no tam wszystko jest takie na przestrzeń że możesz,no tam wszystko jesteś takie na przestrzeń że możesz
56684,no tam wszystko jest takie na przestrzeń że możesz,no tam wszystko jestem takie na przestrzeń że możesz
56756,– no tak on ma takie bardzo swój,– no tak on mam takie bardzo swój
56756,– no tak on ma takie bardzo swój,– no tak on masz takie bardzo swój
56759,on chce czymś na siebie zwrócić uwagę,on chcesz czymś na siebie zwrócić uwagę
56759,on chce czymś na siebie zwrócić uwagę,on chcę czymś na siebie zwrócić uwagę
56760,– on ucieka ucieka wiesz w coś inne,– on ucieka uciekam wiesz w coś inne
56760,– on ucieka ucieka wiesz w coś inne,– on ucieka uciekasz wiesz w coś inne
56833,– bo ja jestem nieśmiała i się nie patrzę. nie..,– bo ja jest nieśmiała i się nie patrzę. nie..
56833,– bo ja jestem nieśmiała i się nie patrzę. nie..,– bo ja jesteś nieśmiała i się nie patrzę. nie..
57204,nie wiem czy ona taki wyraz twarzy,nie wiesz czy ona taki wyraz twarzy
57204,nie wiem czy ona taki wyraz twarzy,nie wie czy ona taki wyraz twarzy
57207,– on ma taki wyraz twarzy,– on mam taki wyraz twarzy
57207,– on ma taki wyraz twarzy,– on masz taki wyraz twarzy
57405,– a on dostaje chleb ?,– a on dostaję chleb ?
57405,– a on dostaje chleb ?,– a on dostajesz chleb ?
57522,– on jest z żoną ?,– on jestem z żoną ?
57522,– on jest z żoną ?,– on jesteś z żoną ?
57539,coś z pogodą się dzieje po prostu,coś z pogodą się dziejesz po prostu
57539,coś z pogodą się dzieje po prostu,coś z pogodą się dzieję po prostu
57549,– ona nie rośnie już,– ona nie rosnę już
57549,– ona nie rośnie już,– ona nie rośniesz już
57620,– bo łon ją testuje,– bo łon ją testujesz
57620,– bo łon ją testuje,– bo łon ją testuję
57717,– znaczy on na pewno mówi prawdę bo rodzenie dziecka w wieku trzydziestu lat to wiadomo że to nie jest dobre,– znaczy on na pewno mówię prawdę bo rodzenie dziecka w wieku trzydziestu lat to wiadomo że to nie jest dobre
57717,– znaczy on na pewno mówi prawdę bo rodzenie dziecka w wieku trzydziestu lat to wiadomo że to nie jest dobre,– znaczy on na pewno mówisz prawdę bo rodzenie dziecka w wieku trzydziestu lat to wiadomo że to nie jest dobre
57727,ona mówi że no nie bo jestem chora coś tam coś tam i mówi tak do mnie dlaczego ty masz zawsze takie parcie żeby gdzieś wychodzić,ona mówisz że no nie bo jestem chora coś tam coś tam i mówi tak do mnie dlaczego ty masz zawsze takie parcie żeby gdzieś wychodzić
57727,ona mówi że no nie bo jestem chora coś tam coś tam i mówi tak do mnie dlaczego ty masz zawsze takie parcie żeby gdzieś wychodzić,ona mówię że no nie bo jestem chora coś tam coś tam i mówi tak do mnie dlaczego ty masz zawsze takie parcie żeby gdzieś wychodzić
57923,– a wiesz skąd ona ma teraz nazwę ?,– a wiesz skąd ona masz teraz nazwę ?
57923,– a wiesz skąd ona ma teraz nazwę ?,– a wiesz skąd ona mam teraz nazwę ?
57993,– moja ciotka w tym jest cały czas ale jakie ona dziewczyny ma zamówienia,– moja ciotka w tym jest cały czas ale jakie ona dziewczyny mam zamówienia
57993,– moja ciotka w tym jest cały czas ale jakie ona dziewczyny ma zamówienia,– moja ciotka w tym jest cały czas ale jakie ona dziewczyny masz zamówienia
58177,– ale ona jest,– ale ona jesteś
58177,– ale ona jest,– ale ona jestem
58191,– ale to nie to ona ma dwóch mężów w takim razie,– ale to nie to ona mam dwóch mężów w takim razie
58191,– ale to nie to ona ma dwóch mężów w takim razie,– ale to nie to ona masz dwóch mężów w takim razie
58384,do tej pory ja jestem od osiemdziesiątego piątego roku w sejmie.,do tej pory ja jesteś od osiemdziesiątego piątego roku w sejmie.
58384,do tej pory ja jestem od osiemdziesiątego piątego roku w sejmie.,do tej pory ja jest od osiemdziesiątego piątego roku w sejmie.
58587,on pilnuje tego po prostu rozliczenia tam paliwo masy takie różne takie,on pilnuję tego po prostu rozliczenia tam paliwo masy takie różne takie
58587,on pilnuje tego po prostu rozliczenia tam paliwo masy takie różne takie,on pilnujesz tego po prostu rozliczenia tam paliwo masy takie różne takie
58633,ona ma taki gdzieś tam w ogóle kosmos,ona masz taki gdzieś tam w ogóle kosmos
58633,ona ma taki gdzieś tam w ogóle kosmos,ona mam taki gdzieś tam w ogóle kosmos
58650,– w statystykach przynajmniej nikt już nie jara nic,– w statystykach przynajmniej nikt już nie jarasz nic
58650,– w statystykach przynajmniej nikt już nie jara nic,– w statystykach przynajmniej nikt już nie jaram nic
58677,to znaczy ja jestem.,to znaczy ja jesteś.
58677,to znaczy ja jestem.,to znaczy ja jest.
58932,Podzieli ona Twoje nadzieje i zaproponuje wspólne plany.,Podzielę ona Twoje nadzieje i zaproponuje wspólne plany.
58932,Podzieli ona Twoje nadzieje i zaproponuje wspólne plany.,Podzielisz ona Twoje nadzieje i zaproponuje wspólne plany.
58967,"W tym tygodniu ktoś życzliwy wskaże Ci sposobność, z której warto skorzystać.","W tym tygodniu ktoś życzliwy wskażesz Ci sposobność, z której warto skorzystać."
58967,"W tym tygodniu ktoś życzliwy wskaże Ci sposobność, z której warto skorzystać.","W tym tygodniu ktoś życzliwy wskażę Ci sposobność, z której warto skorzystać."
59200,Odbędzie się on na boisku sportowym miejscowego Liceum Ogólnokształcącego.,Odbędę się on na boisku sportowym miejscowego Liceum Ogólnokształcącego.
59200,Odbędzie się on na boisku sportowym miejscowego Liceum Ogólnokształcącego.,Odbędziesz się on na boisku sportowym miejscowego Liceum Ogólnokształcącego.
59743,"Odbędzie się on w dniach 3 - 4 lipca 2009, obowiązywać ma konwencja ""hanzeatycka"".","Odbędę się on w dniach 3 - 4 lipca 2009, obowiązywać ma konwencja ""hanzeatycka""."
59743,"Odbędzie się on w dniach 3 - 4 lipca 2009, obowiązywać ma konwencja ""hanzeatycka"".","Odbędziesz się on w dniach 3 - 4 lipca 2009, obowiązywać ma konwencja ""hanzeatycka""."
59947,"Jak jednak podkreślają spółdzielcy, na zbolały kręgosłup nie ma nic lepszego, niż masaże.","Jak jednak podkreślają spółdzielcy, na zbolały kręgosłup nie mam nic lepszego, niż masaże."
59947,"Jak jednak podkreślają spółdzielcy, na zbolały kręgosłup nie ma nic lepszego, niż masaże.","Jak jednak podkreślają spółdzielcy, na zbolały kręgosłup nie masz nic lepszego, niż masaże."
60373,"Potem on, czyli kieszonkowiec wkłada rękę do czyjejś kieszeni lub torebki.","Potem on, czyli kieszonkowiec wkładasz rękę do czyjejś kieszeni lub torebki."
60373,"Potem on, czyli kieszonkowiec wkłada rękę do czyjejś kieszeni lub torebki.","Potem on, czyli kieszonkowiec wkładam rękę do czyjejś kieszeni lub torebki."
60382,"Zakłada on między innymi takie przedsięwzięcia jak komasacja gruntów rolnych, rozbudowa infrastruktury technicznej i rolnej, meliorację.","Zakładam on między innymi takie przedsięwzięcia jak komasacja gruntów rolnych, rozbudowa infrastruktury technicznej i rolnej, meliorację."
60382,"Zakłada on między innymi takie przedsięwzięcia jak komasacja gruntów rolnych, rozbudowa infrastruktury technicznej i rolnej, meliorację.","Zakładasz on między innymi takie przedsięwzięcia jak komasacja gruntów rolnych, rozbudowa infrastruktury technicznej i rolnej, meliorację."
60554,Czy ktoś z nas wierzy w zdobycie tytułu mistrzowskiego przez piłkarzy Trynidadu i Tobago?,Czy ktoś z nas wierzę w zdobycie tytułu mistrzowskiego przez piłkarzy Trynidadu i Tobago?
60554,Czy ktoś z nas wierzy w zdobycie tytułu mistrzowskiego przez piłkarzy Trynidadu i Tobago?,Czy ktoś z nas wierzysz w zdobycie tytułu mistrzowskiego przez piłkarzy Trynidadu i Tobago?
60609,"Ona żąda od niego (ode mnie) wniknięcia w Ofiarę Pana Jezusa, w ofiarę straszną, krwawą: ""Wykąp się we krwi! (VIII)"".","Ona żądam od niego (ode mnie) wniknięcia w Ofiarę Pana Jezusa, w ofiarę straszną, krwawą: ""Wykąp się we krwi! (VIII)""."
60609,"Ona żąda od niego (ode mnie) wniknięcia w Ofiarę Pana Jezusa, w ofiarę straszną, krwawą: ""Wykąp się we krwi! (VIII)"".","Ona żądasz od niego (ode mnie) wniknięcia w Ofiarę Pana Jezusa, w ofiarę straszną, krwawą: ""Wykąp się we krwi! (VIII)""."
60629,"Mówi ona przecież, że prawa fizyki nie zależą od wyboru układu odniesienia, że właśnie nie są względne.","Mówię ona przecież, że prawa fizyki nie zależą od wyboru układu odniesienia, że właśnie nie są względne."
60629,"Mówi ona przecież, że prawa fizyki nie zależą od wyboru układu odniesienia, że właśnie nie są względne.","Mówisz ona przecież, że prawa fizyki nie zależą od wyboru układu odniesienia, że właśnie nie są względne."
60726,"Gdy tylko ten mały łobuz wyjdzie poza ogrodzenie, ona natychmiast przybiega po nas i swoim zachowaniem (biega za nami po pokoju, miauczy, prowadzi do drzwi) próbuje nam powiedzieć, że Julek jest w niebezpieczeństwie i trzeba go przyprowadzić z powrotem do domu.","Gdy tylko ten mały łobuz wyjdzie poza ogrodzenie, ona natychmiast przybiegam po nas i swoim zachowaniem (biega za nami po pokoju, miauczy, prowadzi do drzwi) próbuje nam powiedzieć, że Julek jest w niebezpieczeństwie i trzeba go przyprowadzić z powrotem do domu."
60726,"Gdy tylko ten mały łobuz wyjdzie poza ogrodzenie, ona natychmiast przybiega po nas i swoim zachowaniem (biega za nami po pokoju, miauczy, prowadzi do drzwi) próbuje nam powiedzieć, że Julek jest w niebezpieczeństwie i trzeba go przyprowadzić z powrotem do domu.","Gdy tylko ten mały łobuz wyjdzie poza ogrodzenie, ona natychmiast przybiegasz po nas i swoim zachowaniem (biega za nami po pokoju, miauczy, prowadzi do drzwi) próbuje nam powiedzieć, że Julek jest w niebezpieczeństwie i trzeba go przyprowadzić z powrotem do domu."
61218,"To, co okazało się zwycięstwem pierwszych imigrantów, stanowi problem dla następnych.","To, co okazało się zwycięstwem pierwszych imigrantów, stanowię problem dla następnych."
61218,"To, co okazało się zwycięstwem pierwszych imigrantów, stanowi problem dla następnych.","To, co okazało się zwycięstwem pierwszych imigrantów, stanowisz problem dla następnych."
61851,"Nie ma w tym, jak sądzę, niczego złego, choć akurat ""Bravo"" ma w Niemczech opinię gazety wyjątkowo złej.","Nie mam w tym, jak sądzę, niczego złego, choć akurat ""Bravo"" ma w Niemczech opinię gazety wyjątkowo złej."
61851,"Nie ma w tym, jak sądzę, niczego złego, choć akurat ""Bravo"" ma w Niemczech opinię gazety wyjątkowo złej.","Nie masz w tym, jak sądzę, niczego złego, choć akurat ""Bravo"" ma w Niemczech opinię gazety wyjątkowo złej."
62067,"Ktoś więc, czyje poglądy są obmierzłe, może być nazwany prawomocnie złodziejem albo zdrajcą narodu czy deprawatorem.","Ktoś więc, czyje poglądy są obmierzłe, mogę być nazwany prawomocnie złodziejem albo zdrajcą narodu czy deprawatorem."
62067,"Ktoś więc, czyje poglądy są obmierzłe, może być nazwany prawomocnie złodziejem albo zdrajcą narodu czy deprawatorem.","Ktoś więc, czyje poglądy są obmierzłe, możesz być nazwany prawomocnie złodziejem albo zdrajcą narodu czy deprawatorem."
62136,– Ile on ma?,– Ile on masz?
62136,– Ile on ma?,– Ile on mam?
62242,Ma on być odpowiedzią na coraz częstsze przypadki porzucania noworodków.,Masz on być odpowiedzią na coraz częstsze przypadki porzucania noworodków.
62242,Ma on być odpowiedzią na coraz częstsze przypadki porzucania noworodków.,Mam on być odpowiedzią na coraz częstsze przypadki porzucania noworodków.
62779,Ileż ich w Polsce jest?,Ileż ich w Polsce jesteś?
62779,Ileż ich w Polsce jest?,Ileż ich w Polsce jestem?
63853,"Chociaż wartość współczynnika wypłacalności jest jednym z elementów branych pod uwagę przy ocenie bezpieczeństwa banku, ma on stosunkowo nieduże znaczenie w przypadku banku Pekao SA.","Chociaż wartość współczynnika wypłacalności jest jednym z elementów branych pod uwagę przy ocenie bezpieczeństwa banku, masz on stosunkowo nieduże znaczenie w przypadku banku Pekao SA."
63853,"Chociaż wartość współczynnika wypłacalności jest jednym z elementów branych pod uwagę przy ocenie bezpieczeństwa banku, ma on stosunkowo nieduże znaczenie w przypadku banku Pekao SA.","Chociaż wartość współczynnika wypłacalności jest jednym z elementów branych pod uwagę przy ocenie bezpieczeństwa banku, mam on stosunkowo nieduże znaczenie w przypadku banku Pekao SA."
63983,"Pisze ona ""Wiele jest ładnych i dobrych gazetek, ale specjalnie wyróżniających się nie ma.","Piszesz ona ""Wiele jest ładnych i dobrych gazetek, ale specjalnie wyróżniających się nie ma."
63983,"Pisze ona ""Wiele jest ładnych i dobrych gazetek, ale specjalnie wyróżniających się nie ma.","Piszę ona ""Wiele jest ładnych i dobrych gazetek, ale specjalnie wyróżniających się nie ma."
64184,"Uchodzi on za przyjaciela kilku członków rodziny Jelcyna, zwłaszcza jego córki, Tatiany.","Uchodzisz on za przyjaciela kilku członków rodziny Jelcyna, zwłaszcza jego córki, Tatiany."
64184,"Uchodzi on za przyjaciela kilku członków rodziny Jelcyna, zwłaszcza jego córki, Tatiany.","Uchodzę on za przyjaciela kilku członków rodziny Jelcyna, zwłaszcza jego córki, Tatiany."
64271,Ja stracę je już za kilkanaście dni.,Ja stracisz je już za kilkanaście dni.
64271,Ja stracę je już za kilkanaście dni.,Ja straci je już za kilkanaście dni.
64623,On niewiele mówi.,On niewiele mówisz.
64623,On niewiele mówi.,On niewiele mówię.
64985,"Ja po prostu nie rozumiem, dlaczego dotąd tego nie zrobili.","Ja po prostu nie rozumiesz, dlaczego dotąd tego nie zrobili."
64985,"Ja po prostu nie rozumiem, dlaczego dotąd tego nie zrobili.","Ja po prostu nie rozumie, dlaczego dotąd tego nie zrobili."
65311,Komisja penitencjarna nie ma mu nic do zarzucenia.,Komisja penitencjarna nie masz mu nic do zarzucenia.
65311,Komisja penitencjarna nie ma mu nic do zarzucenia.,Komisja penitencjarna nie mam mu nic do zarzucenia.
65379,"Wszystko się kołysze, obie jednostki płyną.","Wszystko się kołyszesz, obie jednostki płyną."
65379,"Wszystko się kołysze, obie jednostki płyną.","Wszystko się kołyszę, obie jednostki płyną."
65499,"- Panie, on bez przerwy gdzieś jeździ.","- Panie, on bez przerwy gdzieś jeździsz."
65499,"- Panie, on bez przerwy gdzieś jeździ.","- Panie, on bez przerwy gdzieś jeżdżę."
65621,"Według burmistrza nikt nie przyjeżdża do nadmorskiego miasta, w którym jest więzienie.","Według burmistrza nikt nie przyjeżdżasz do nadmorskiego miasta, w którym jest więzienie."
65621,"Według burmistrza nikt nie przyjeżdża do nadmorskiego miasta, w którym jest więzienie.","Według burmistrza nikt nie przyjeżdżam do nadmorskiego miasta, w którym jest więzienie."
66040,"Wszystko dzieje się 100 metrów od domu lidera PiS-u i mamy słynnych bliźniaków, Jadwigi.","Wszystko dzieję się 100 metrów od domu lidera PiS-u i mamy słynnych bliźniaków, Jadwigi."
66040,"Wszystko dzieje się 100 metrów od domu lidera PiS-u i mamy słynnych bliźniaków, Jadwigi.","Wszystko dziejesz się 100 metrów od domu lidera PiS-u i mamy słynnych bliźniaków, Jadwigi."
66166,On nie ma natury krętacza.,On nie mam natury krętacza.
66166,On nie ma natury krętacza.,On nie masz natury krętacza.
66235,"Ale to ona ponosi winę za wypadek, bo była pod wpływem alkoholu.","Ale to ona ponosisz winę za wypadek, bo była pod wpływem alkoholu."
66235,"Ale to ona ponosi winę za wypadek, bo była pod wpływem alkoholu.","Ale to ona ponoszę winę za wypadek, bo była pod wpływem alkoholu."
67279,Umożliwia ona wymianę nadwyżek prądu i udzielanie sobie pomocy w godzinach szczytu i w razie awarii.,Umożliwiasz ona wymianę nadwyżek prądu i udzielanie sobie pomocy w godzinach szczytu i w razie awarii.
67279,Umożliwia ona wymianę nadwyżek prądu i udzielanie sobie pomocy w godzinach szczytu i w razie awarii.,Umożliwiam ona wymianę nadwyżek prądu i udzielanie sobie pomocy w godzinach szczytu i w razie awarii.
67512,"Wbrew intencjom zwolenników tej katechizacji, może ona doprowadzić raczej do laicyzacji społeczeństwa.","Wbrew intencjom zwolenników tej katechizacji, mogę ona doprowadzić raczej do laicyzacji społeczeństwa."
67512,"Wbrew intencjom zwolenników tej katechizacji, może ona doprowadzić raczej do laicyzacji społeczeństwa.","Wbrew intencjom zwolenników tej katechizacji, możesz ona doprowadzić raczej do laicyzacji społeczeństwa."
67918,"Ona zwalnia z lojalności, pozwala płynnie przechodzić z pierwszej osoby do drugiej, a nawet trzeciej, daje luz przy użyciu nazwisk, to prawdziwych, to wymyślonych.","Ona zwalniasz z lojalności, pozwala płynnie przechodzić z pierwszej osoby do drugiej, a nawet trzeciej, daje luz przy użyciu nazwisk, to prawdziwych, to wymyślonych."
67918,"Ona zwalnia z lojalności, pozwala płynnie przechodzić z pierwszej osoby do drugiej, a nawet trzeciej, daje luz przy użyciu nazwisk, to prawdziwych, to wymyślonych.","Ona zwalniam z lojalności, pozwala płynnie przechodzić z pierwszej osoby do drugiej, a nawet trzeciej, daje luz przy użyciu nazwisk, to prawdziwych, to wymyślonych."
67981,"Z tym, że tak prymitywnego argumentu, którym się jeszcze nadal szermuje, że większa liczba robotników w KC jest potrzebna po to, bo trzeźwo myślący robotnik ze swoim robotniczym instynktem, w porę dostrzeże, jak się to wahadło wychyla - nikt już nie traktuje serio.","Z tym, że tak prymitywnego argumentu, którym się jeszcze nadal szermuje, że większa liczba robotników w KC jest potrzebna po to, bo trzeźwo myślący robotnik ze swoim robotniczym instynktem, w porę dostrzeże, jak się to wahadło wychyla - nikt już nie traktujesz serio."
67981,"Z tym, że tak prymitywnego argumentu, którym się jeszcze nadal szermuje, że większa liczba robotników w KC jest potrzebna po to, bo trzeźwo myślący robotnik ze swoim robotniczym instynktem, w porę dostrzeże, jak się to wahadło wychyla - nikt już nie traktuje serio.","Z tym, że tak prymitywnego argumentu, którym się jeszcze nadal szermuje, że większa liczba robotników w KC jest potrzebna po to, bo trzeźwo myślący robotnik ze swoim robotniczym instynktem, w porę dostrzeże, jak się to wahadło wychyla - nikt już nie traktuję serio."
68039,"Dziś sądowi nie pozostanie nic innego jak umorzenie, bowiem od palenia akt minęło 10 lat, a tyle wynosi termin przedawnienia za takie przestępstwo.","Dziś sądowi nie pozostanę nic innego jak umorzenie, bowiem od palenia akt minęło 10 lat, a tyle wynosi termin przedawnienia za takie przestępstwo."
68039,"Dziś sądowi nie pozostanie nic innego jak umorzenie, bowiem od palenia akt minęło 10 lat, a tyle wynosi termin przedawnienia za takie przestępstwo.","Dziś sądowi nie pozostaniesz nic innego jak umorzenie, bowiem od palenia akt minęło 10 lat, a tyle wynosi termin przedawnienia za takie przestępstwo."
68293,- Czy Pana zdaniem istnieje coś takiego jak przyjaźń polityczna?,- Czy Pana zdaniem istnieję coś takiego jak przyjaźń polityczna?
68293,- Czy Pana zdaniem istnieje coś takiego jak przyjaźń polityczna?,- Czy Pana zdaniem istniejesz coś takiego jak przyjaźń polityczna?
68563,- Ale nikogo z nich nie ma w SdRP?,- Ale nikogo z nich nie mam w SdRP?
68563,- Ale nikogo z nich nie ma w SdRP?,- Ale nikogo z nich nie masz w SdRP?
68690,Bo na czym niby ona polega??,Bo na czym niby ona polegam??
68690,Bo na czym niby ona polega??,Bo na czym niby ona polegasz??
68754,nie istnieje coś takiego.,nie istniejesz coś takiego.
68754,nie istnieje coś takiego.,nie istnieję coś takiego.
68831,"Czy on może później uczestniczyc w życiu kościoła, przyjmować sakramenty np. ożenić się???","Czy on mogę później uczestniczyc w życiu kościoła, przyjmować sakramenty np. ożenić się???"
68831,"Czy on może później uczestniczyc w życiu kościoła, przyjmować sakramenty np. ożenić się???","Czy on możesz później uczestniczyc w życiu kościoła, przyjmować sakramenty np. ożenić się???"
68914,Niestety w Biblii nie ma nic o żadnych książeczkach.,Niestety w Biblii nie mam nic o żadnych książeczkach.
68914,Niestety w Biblii nie ma nic o żadnych książeczkach.,Niestety w Biblii nie masz nic o żadnych książeczkach.
69317,"Co prawda, wątpie czy to coś da, bo ostatni raz widziałam go na oczy bite trzy lata temu...ale spróbować zawsze można","Co prawda, wątpisz czy to coś da, bo ostatni raz widziała m go na oczy bite trzy lata temu...ale spróbować zawsze można"
69317,"Co prawda, wątpie czy to coś da, bo ostatni raz widziałam go na oczy bite trzy lata temu...ale spróbować zawsze można","Co prawda, wątpi czy to coś da, bo ostatni raz widziała m go na oczy bite trzy lata temu...ale spróbować zawsze można"
